"ID","Description","GeneRatio","BgRatio","RichFactor","FoldEnrichment","zScore","pvalue","p.adjust","qvalue","geneID","Count"
"GO:0048545","response to steroid hormone","15/51","343/18860",0.043731778425656,16.1721831589779,14.7662898392657,1.02402406090555e-14,2.36344753257e-11,1.25038727436888e-11,"2908/4306/1843/5187/6446/3291/1392/2353/3725/687/3303/3304/3569/7124/5970",15
"GO:0002237","response to molecule of bacterial origin","15/51","375/18860",0.04,14.7921568627451,14.0475200091907,3.78221756364953e-14,4.36467906845156e-11,2.30914335464919e-11,"1051/2353/3576/1432/1728/6648/3569/7124/2920/6374/3627/6347/5599/4790/5970",15
"GO:0009408","response to heat","10/51","103/18860",0.0970873786407767,35.9032933561774,18.4954497177904,1.60150029330423e-13,1.23208755898206e-10,6.51838715871196e-11,"3303/3304/3315/3162/51278/3320/3326/6647/2729/3627",10
"GO:0032496","response to lipopolysaccharide","14/51","350/18860",0.04,14.7921568627451,13.5620257853847,3.08365072130509e-13,1.77926646619304e-10,9.41324957029976e-11,"1051/2353/3576/1432/1728/6648/3569/7124/6374/3627/6347/5599/4790/5970",14
"GO:0006979","response to oxidative stress","14/51","418/18860",0.0334928229665072,12.3857772774181,12.2576828734474,3.40718781674883e-12,1.57275789621126e-09,8.32071129984978e-10,"1843/2353/3303/3304/3162/1728/6647/6648/847/2729/2730/3569/5599/5970",14
"GO:2000630","positive regulation of miRNA metabolic process","8/51","65/18860",0.123076923076923,45.5143288084465,18.7196147972874,7.22110512225455e-12,2.77771843702725e-09,1.46955823540619e-09,"2908/2353/3725/3569/7124/5468/4790/5970",8
"GO:0071222","cellular response to lipopolysaccharide","11/51","229/18860",0.0480349344978166,17.7635071495847,13.2900344692887,2.06704122860444e-11,6.81533022231293e-09,3.60566590252805e-09,"1051/3576/1432/3569/7124/6374/3627/6347/5599/4790/5970",11
"GO:0009266","response to temperature stimulus","10/51","175/18860",0.0571428571428571,21.1316526610644,13.9320000413774,3.36121120162903e-11,9.69709431669974e-09,5.1302697288022e-09,"3303/3304/3315/3162/51278/3320/3326/6647/2729/3627",10
"GO:0071219","cellular response to molecule of bacterial origin","11/51","247/18860",0.0445344129554656,16.4690005556879,12.7427777371921,4.66998565383144e-11,1.19759187656033e-08,6.33588696894091e-09,"1051/3576/1432/3569/7124/6374/3627/6347/5599/4790/5970",11
"GO:2000628","regulation of miRNA metabolic process","8/51","89/18860",0.0898876404494382,33.240801938753,15.8751814982758,9.62302371175245e-11,2.22099387267247e-08,1.17502184269819e-08,"2908/2353/3725/3569/7124/5468/4790/5970",8
"GO:0009410","response to xenobiotic stimulus","13/51","443/18860",0.0293453724604966,10.8520338157837,10.9264700074498,1.17677853684333e-10,2.46909533003128e-08,1.30628048108925e-08,"3291/1392/2353/3725/3320/1728/6647/6648/847/2729/2730/7124/5970",13
"GO:0071216","cellular response to biotic stimulus","11/51","274/18860",0.0401459854014599,14.8461428366967,12.0218882752916,1.41797188400719e-10,2.563579002997e-08,1.35626728243935e-08,"1051/3576/1432/3569/7124/6374/3627/6347/5599/4790/5970",11
"GO:1902895","positive regulation of miRNA transcription","7/51","56/18860",0.125,46.2254901960784,17.6487414228942,1.44395697742465e-10,2.563579002997e-08,1.35626728243935e-08,"2908/2353/3725/3569/7124/5468/5970",7
"GO:0000302","response to reactive oxygen species","10/51","205/18860",0.0487804878048781,18.0392156862745,12.7729281521402,1.60188615424915e-10,2.57668406124744e-08,1.36320054321218e-08,"1843/2353/3162/1728/6647/6648/847/3569/5599/5970",10
"GO:0032868","response to insulin","11/51","280/18860",0.0392857142857143,14.5280112044818,11.875493880864,1.78626278076079e-10,2.57668406124744e-08,1.36320054321218e-08,"3291/2353/28999/8651/9021/1432/847/2729/5468/3643/5970",11
"GO:0097305","response to alcohol","11/51","280/18860",0.0392857142857143,14.5280112044818,11.875493880864,1.78626278076079e-10,2.57668406124744e-08,1.36320054321218e-08,"2908/2289/6446/1392/2353/687/6647/6648/847/7124/5970",11
"GO:0043434","response to peptide hormone","13/51","461/18860",0.0281995661605206,10.4283101526945,10.6720727883067,1.92173922466513e-10,2.60904360619242e-08,1.3803204338152e-08,"3291/1584/2353/28999/8651/9021/1432/847/2729/5468/3643/4790/5970",13
"GO:0031960","response to corticosteroid","9/51","154/18860",0.0584415584415584,21.6119174942704,13.3736470048552,2.89566916785318e-10,3.71289135522507e-08,1.96431358754952e-08,"2908/1843/6446/3291/1392/2353/687/3569/7124",9
"GO:0009612","response to mechanical stimulus","10/51","228/18860",0.043859649122807,16.219470244238,12.0392320876508,4.53367592647647e-10,5.22123025433428e-08,2.76230370109813e-08,"2353/3725/1432/2729/7124/3627/5599/4790/5970/3659",10
"GO:0010586","miRNA metabolic process","8/51","108/18860",0.0740740740740741,27.3928830791576,14.3230820399867,4.61472503068906e-10,5.22123025433428e-08,2.76230370109813e-08,"2908/2353/3725/3569/7124/5468/4790/5970",8
"GO:0034605","cellular response to heat","7/51","66/18860",0.106060606060606,39.2216280451575,16.1969448494151,4.75068610662997e-10,5.22123025433428e-08,2.76230370109813e-08,"3303/3304/3162/51278/3320/3326/3627",7
"GO:1902893","regulation of miRNA transcription","7/51","75/18860",0.0933333333333333,34.5150326797386,15.1434993859106,1.18867285390676e-09,1.24702588491673e-07,6.59741871067868e-08,"2908/2353/3725/3569/7124/5468/5970",7
"GO:0061614","miRNA transcription","7/51","76/18860",0.0921052631578947,34.0608875128999,15.0379566787299,1.30658661709722e-09,1.31113126620017e-07,6.93656968344519e-08,"2908/2353/3725/3569/7124/5468/5970",7
"GO:0034599","cellular response to oxidative stress","10/51","264/18860",0.0378787878787879,14.0077243018419,11.0829425816787,1.87916834104631e-09,1.80713355463954e-07,9.56068103339352e-08,"2353/3303/3304/1728/6647/6648/847/3569/5599/5970",10
"GO:0051384","response to glucocorticoid","8/51","133/18860",0.0601503759398496,22.2438449063836,12.8022529091163,2.44104580570527e-09,2.2535734878271e-07,1.19225816194447e-07,"2908/1843/3291/1392/2353/687/3569/7124",8
"GO:0014823","response to activity","7/51","84/18860",0.0833333333333333,30.8169934640523,14.2614446240738,2.6630434726815e-09,2.36396320574958e-07,1.25066009243342e-07,"2353/6648/847/2729/2730/3569/7124",7
"GO:0034614","cellular response to reactive oxygen species","8/51","153/18860",0.0522875816993464,19.3361527617583,11.8580540579572,7.39611078505837e-09,6.08096613296881e-07,3.21714891646621e-07,"2353/1728/6647/6648/847/3569/5599/5970",8
"GO:0035994","response to muscle stretch","5/51","26/18860",0.192307692307692,71.1161387631976,18.6292318553925,7.44959624486080e-09,6.08096613296881e-07,3.21714891646621e-07,"2353/3725/1432/4790/5970",5
"GO:0002534","cytokine production involved in inflammatory response","7/51","98/18860",0.0714285714285714,26.4145658263305,13.1346266301615,7.90420207924888e-09,6.08096613296881e-07,3.21714891646621e-07,"5187/3162/1432/3569/7124/4790/5970",7
"GO:1900015","regulation of cytokine production involved in inflammatory response","7/51","98/18860",0.0714285714285714,26.4145658263305,13.1346266301615,7.90420207924888e-09,6.08096613296881e-07,3.21714891646621e-07,"5187/3162/1432/3569/7124/4790/5970",7
"GO:0071356","cellular response to tumor necrosis factor","9/51","226/18860",0.0398230088495575,14.7267048412285,10.8100831480463,8.53779995759667e-09,6.35652977488165e-07,3.36293648584453e-07,"2353/3303/3304/3576/1432/7124/6347/4790/5970",9
"GO:2001233","regulation of apoptotic signaling pathway","11/51","406/18860",0.0270935960591133,10.0193180720564,9.56649891535633,8.83600785782502e-09,6.3729706674563e-07,3.37163457732797e-07,"3303/3304/3315/3162/6647/6648/2729/2730/7124/5468/5970",11
"GO:0051402","neuron apoptotic process","10/51","318/18860",0.0314465408805031,11.6290541373782,9.95385834122272,1.11743714578339e-08,7.38893080123591e-07,3.90913058899647e-07,"2908/1392/1051/3725/6647/6648/2729/2730/7124/6347",10
"GO:0042542","response to hydrogen peroxide","7/51","103/18860",0.0679611650485437,25.1323053493242,12.7878431301038,1.12050510417356e-08,7.38893080123591e-07,3.90913058899647e-07,"1843/3162/6647/6648/847/3569/5970",7
"GO:2001237","negative regulation of extrinsic apoptotic signaling pathway","7/51","103/18860",0.0679611650485437,25.1323053493242,12.7878431301038,1.12050510417356e-08,7.38893080123591e-07,3.90913058899647e-07,"3303/3304/3162/2729/2730/7124/5970",7
"GO:0034612","response to tumor necrosis factor","9/51","244/18860",0.0368852459016393,13.6403085824494,10.3483466762647,1.66081608671974e-08,1.0647676467081e-06,5.63317737016052e-07,"2353/3303/3304/3576/1432/7124/6347/4790/5970",9
"GO:2001234","negative regulation of apoptotic signaling pathway","9/51","245/18860",0.036734693877551,13.5846338535414,10.3241349183335,1.72067302563692e-08,1.07332793058649e-06,5.6784657460564e-07,"3303/3304/3315/3162/6648/2729/2730/7124/5970",9
"GO:0062197","cellular response to chemical stress","10/51","335/18860",0.0298507462686567,11.0389230318993,9.65365968459901,1.83156539517845e-08,1.11243498212418e-06,5.88536248866207e-07,"2353/3303/3304/1728/6647/6648/847/3569/5599/5970",10
"GO:0071375","cellular response to peptide hormone stimulus","10/51","345/18860",0.0289855072463768,10.718954248366,9.48699763092322,2.4188205354176e-08,1.43144558865226e-06,7.57309533356119e-07,"1584/2353/28999/8651/9021/2729/5468/3643/4790/5970",10
"GO:0048732","gland development","11/51","454/18860",0.0242290748898678,8.96000691025309,8.93970581533919,2.78757013613987e-08,1.60842796855271e-06,8.50942462611119e-07,"2908/1392/1051/3725/6647/6648/3569/7124/3643/4790/5970",11
"GO:0043523","regulation of neuron apoptotic process","9/51","264/18860",0.0340909090909091,12.6069518716578,9.88944554457349,3.2784167638304e-08,1.84550875388307e-06,9.76370589484793e-07,"2908/1051/3725/6647/6648/2729/2730/7124/6347",9
"GO:0030099","myeloid cell differentiation","11/51","481/18860",0.0228690228690229,8.45705433940728,8.62661611201965,5.02355988472791e-08,2.66414742429314e-06,1.40947323368605e-06,"2908/1051/7704/2353/3725/8651/3303/3304/1432/7124/5468",11
"GO:0002532","production of molecular mediator involved in inflammatory response","7/51","128/18860",0.0546875,20.2236519607843,11.3634543190197,5.07896389379975e-08,2.66414742429314e-06,1.40947323368605e-06,"5187/3162/1432/3569/7124/4790/5970",7
"GO:0045471","response to ethanol","7/51","128/18860",0.0546875,20.2236519607843,11.3634543190197,5.07896389379975e-08,2.66414742429314e-06,1.40947323368605e-06,"1392/2353/6647/6648/847/7124/5970",7
"GO:0008217","regulation of blood pressure","8/51","203/18860",0.0394088669950739,14.5735535593548,10.1247017600751,6.71992987332756e-08,3.44657736614222e-06,1.82341956796724e-06,"6446/3291/1584/1392/6647/6648/7124/5468",8
"GO:0006809","nitric oxide biosynthetic process","6/51","80/18860",0.075,27.7352941176471,12.4779640710418,7.44647973781992e-08,3.73619026845399e-06,1.97663993040529e-06,"3320/3326/1728/6648/7124/3643",6
"GO:0045429","positive regulation of nitric oxide biosynthetic process","5/51","42/18860",0.119047619047619,44.0242763772175,14.5349336250288,9.32529929283092e-08,4.57931718464974e-06,2.42269813654734e-06,"3320/3326/6648/7124/3643",5
"GO:1904407","positive regulation of nitric oxide metabolic process","5/51","45/18860",0.111111111111111,41.0893246187364,14.0198849724526,1.33118386364005e-07,6.30508986227031e-06,3.33572208347786e-06,"3320/3326/6648/7124/3643",5
"GO:0071383","cellular response to steroid hormone stimulus","8/51","222/18860",0.036036036036036,13.3262674439145,9.61988731887063,1.33860226711978e-07,6.30508986227031e-06,3.33572208347786e-06,"2908/4306/5187/6446/1392/687/3303/3304",8
"GO:0045598","regulation of fat cell differentiation","7/51","148/18860",0.0472972972972973,17.4907260201378,10.4875029181056,1.37814104546915e-07,6.36149906588557e-06,3.36556550051412e-06,"1051/7704/1432/6648/3569/7124/5468",7
"GO:0046209","nitric oxide metabolic process","6/51","89/18860",0.0674157303370786,24.9306014540648,11.7832875921595,1.41369622861535e-07,6.39766842283181e-06,3.38470098079217e-06,"3320/3326/1728/6648/7124/3643",6
"GO:2001057","reactive nitrogen species metabolic process","6/51","91/18860",0.0659340659340659,24.382676147382,11.6427590244858,1.61496310726326e-07,7.16795163762233e-06,3.79222106158985e-06,"3320/3326/1728/6648/7124/3643",6
"GO:0046686","response to cadmium ion","5/51","48/18860",0.104166666666667,38.5212418300654,13.553201725398,1.85431407742368e-07,8.07501300130914e-06,4.27210393209824e-06,"3162/6647/6648/847/2729",5
"GO:0060326","cell chemotaxis","9/51","330/18860",0.0272727272727273,10.0855614973262,8.67026951459308,2.19762773402488e-07,9.39282372246191e-06,4.96929468122586e-06,"1843/3315/3576/3569/2920/2921/6374/3627/6347",9
"GO:1903706","regulation of hemopoiesis","10/51","443/18860",0.0225733634311512,8.34771831983358,8.14904062917743,2.49425539866781e-07,1.04668026547733e-05,5.53748566976969e-06,"1051/7704/2353/8651/3303/3304/1432/6647/7124/3659",10
"GO:0030522","intracellular receptor signaling pathway","10/51","447/18860",0.0223713646532438,8.27301837961135,8.10340854693594,2.70953365631036e-07,1.11671494263648e-05,5.90800571676694e-06,"2908/4306/5187/3303/3304/1432/7124/5468/5599/5970",10
"GO:0007584","response to nutrient","7/51","167/18860",0.0419161676646707,15.5007631795233,9.80101734004394,3.13895900659379e-07,1.24908920469284e-05,6.60833475072377e-06,"6648/847/2729/2730/3627/5468/5970",7
"GO:2001236","regulation of extrinsic apoptotic signaling pathway","7/51","167/18860",0.0419161676646707,15.5007631795233,9.80101734004394,3.13895900659379e-07,1.24908920469284e-05,6.60833475072377e-06,"3303/3304/3162/2729/2730/7124/5970",7
"GO:0033002","muscle cell proliferation","8/51","252/18860",0.0317460317460317,11.7398070339247,8.93734380972648,3.52471709747457e-07,1.37882153575785e-05,7.29468658888583e-06,"2353/3725/3162/1432/6648/3569/7124/5468",8
"GO:0009314","response to radiation","10/51","462/18860",0.0216450216450216,8.00441388676683,7.93723147635917,3.66950049938583e-07,1.39769780057137e-05,7.39455189575295e-06,"1843/5187/2353/1432/6648/847/7124/3627/5599/5970",10
"GO:0010038","response to metal ion","9/51","351/18860",0.0256410256410256,9.48215183509301,8.35275393982887,3.69408864102486e-07,1.39769780057137e-05,7.39455189575295e-06,"1843/1584/2353/3725/3162/6647/6648/847/2729",9
"GO:0002573","myeloid leukocyte differentiation","8/51","257/18860",0.0311284046692607,11.5114061188678,8.83481478990231,4.09178402557267e-07,1.5231996017777e-05,8.05852201980355e-06,"2908/1051/2353/3725/8651/1432/7124/5468",8
"GO:0045444","fat cell differentiation","8/51","259/18860",0.0308880308880309,11.4225149519267,8.79459465612957,4.33956664921482e-07,1.58979679783933e-05,8.41085599513649e-06,"1051/7704/8651/1432/6648/3569/7124/5468",8
"GO:0006935","chemotaxis","10/51","474/18860",0.0210970464135021,7.80177049722843,7.80960524648912,4.64081995719951e-07,1.67359569706507e-05,8.85419597097274e-06,"1843/3315/3576/1432/3569/2920/2921/6374/3627/6347",10
"GO:0042330","taxis","10/51","476/18860",0.0210084033613445,7.76898994892075,7.78877045822486,4.82294674622172e-07,1.71251709081227e-05,9.06011048682946e-06,"1843/3315/3576/1432/3569/2920/2921/6374/3627/6347",10
"GO:0043524","negative regulation of neuron apoptotic process","7/51","181/18860",0.0386740331491713,14.3018091214386,9.36342536162317,5.41247911415173e-07,1.892727544767e-05,1.00135179783349e-05,"1051/3725/6647/6648/2729/2730/6347",7
"GO:0008211","glucocorticoid metabolic process","4/51","26/18860",0.153846153846154,56.8929110105581,14.8502472705332,6.78463959957734e-07,2.33715644713798e-05,1.23647791602666e-05,"2908/3291/1584/1392",4
"GO:0007254","JNK cascade","7/51","188/18860",0.0372340425531915,13.7692949520234,9.16245783397543,6.98945734579724e-07,2.37230405207353e-05,1.25507283608743e-05,"5187/3725/4616/10912/7124/5599/4790",7
"GO:0042593","glucose homeostasis","8/51","281/18860",0.0284697508896797,10.5282255250855,8.37945138476331,8.03427885011207e-07,2.68740805595053e-05,1.42177932358963e-05,"1584/1392/28999/2729/2730/3569/5468/3643",8
"GO:0033500","carbohydrate homeostasis","8/51","282/18860",0.0283687943262411,10.4908913920178,8.36168193368652,8.25199592277481e-07,2.72080094139489e-05,1.43944590532613e-05,"1584/1392/28999/2729/2730/3569/5468/3643",8
"GO:0032757","positive regulation of interleukin-8 production","5/51","65/18860",0.0769230769230769,28.446455505279,11.5420604637359,8.64095327941244e-07,2.76990557901165e-05,1.46542482516351e-05,"3303/3304/3569/7124/5970",5
"GO:0045428","regulation of nitric oxide biosynthetic process","5/51","65/18860",0.0769230769230769,28.446455505279,11.5420604637359,8.64095327941244e-07,2.76990557901165e-05,1.46542482516351e-05,"3320/3326/6648/7124/3643",5
"GO:0070555","response to interleukin-1","6/51","123/18860",0.0487804878048781,18.0392156862745,9.87219426360052,9.64231189452246e-07,3.0485555962408e-05,1.61284524839885e-05,"1051/3576/2729/3569/6347/5970",6
"GO:0050900","leukocyte migration","9/51","397/18860",0.0226700251889169,8.38346421692103,7.74222624263003,1.0318369801437e-06,3.21821587861036e-05,1.70260440535803e-05,"1843/3162/3576/3569/7124/2921/6374/3627/6347",9
"GO:0042026","protein refolding","4/51","29/18860",0.137931034482759,51.0074374577417,14.0332568067449,1.07144341776009e-06,3.29154760874761e-05,1.7414007234093e-05,"3303/3304/3315/3320",4
"GO:0038066","p38MAPK cascade","5/51","68/18860",0.0735294117647059,27.1914648212226,11.266507434762,1.08387182957027e-06,3.29154760874761e-05,1.7414007234093e-05,"1843/5187/4616/10912/1432",5
"GO:0080164","regulation of nitric oxide metabolic process","5/51","69/18860",0.072463768115942,26.797385620915,11.1785856767034,1.16617565322675e-06,3.49549793200952e-05,1.84930110422833e-05,"3320/3326/6648/7124/3643",5
"GO:0090594","inflammatory response to wounding","4/51","30/18860",0.133333333333333,49.3071895424837,13.788239038096,1.23381809398558e-06,3.65083610374195e-05,1.93148311609079e-05,"3162/3569/7124/5468",4
"GO:0043200","response to amino acid","6/51","130/18860",0.0461538461538462,17.0678733031674,9.57244216645797,1.33389152095047e-06,3.89698940551098e-05,2.06171107835115e-05,"1051/8651/2729/2730/7124/5970",6
"GO:0033209","tumor necrosis factor-mediated signaling pathway","6/51","131/18860",0.0458015267175573,16.9375841939829,9.531525413025,1.39505765374506e-06,4.02474133105451e-05,2.1292985241372e-05,"3303/3304/1432/7124/4790/5970",6
"GO:0006959","humoral immune response","8/51","307/18860",0.0260586319218241,9.63658427540397,7.94448401862954,1.55983628338697e-06,4.44457054574953e-05,2.35141012180491e-05,"3576/3569/7124/2920/2921/6374/3627/6347",8
"GO:0097237","cellular response to toxic substance","6/51","134/18860",0.0447761194029851,16.558384547849,9.41143736437057,1.59246307695983e-06,4.48220095319912e-05,2.37131857416354e-05,"1728/6647/6648/847/7296/7124",6
"GO:0061844","antimicrobial humoral immune response mediated by antimicrobial peptide","6/51","135/18860",0.0444444444444444,16.4357298474946,9.37226813889381,1.66312077495585e-06,4.62467801035915e-05,2.44669638420898e-05,"3576/2920/2921/6374/3627/6347",6
"GO:0001101","response to acid chemical","6/51","144/18860",0.0416666666666667,15.4084967320261,9.03763848717932,2.42207188773682e-06,6.6549308534483e-05,3.52080625285051e-05,"1051/8651/2729/2730/7124/5970",6
"GO:0045637","regulation of myeloid cell differentiation","7/51","227/18860",0.0308370044052863,11.4036451585039,8.21142693326819,2.46217961848942e-06,6.6855418346748e-05,3.53700106185477e-05,"1051/7704/2353/3303/3304/1432/7124",7
"GO:0001889","liver development","6/51","145/18860",0.0413793103448276,15.3022312373225,9.00231998744448,2.52145130093371e-06,6.76687163087792e-05,3.58002877488753e-05,"1051/3725/6648/3569/7124/5970",6
"GO:0009615","response to virus","9/51","445/18860",0.0202247191011236,7.47918043621943,7.20237589423934,2.64086270370653e-06,7.00587485075249e-05,3.70647397011443e-05,"3315/3320/1432/3569/7124/3627/4790/5970/3659",9
"GO:0061008","hepaticobiliary system development","6/51","148/18860",0.0405405405405405,14.9920508744038,8.89843626025909,2.83973658539341e-06,7.37617764721049e-05,3.90238350395155e-05,"1051/3725/6648/3569/7124/5970",6
"GO:1901654","response to ketone","7/51","232/18860",0.0301724137931034,11.157876943881,8.10635073359488,2.84436659706124e-06,7.37617764721049e-05,3.90238350395155e-05,"2908/1843/6446/1392/2353/687/5970",7
"GO:0002685","regulation of leukocyte migration","7/51","233/18860",0.0300429184549356,11.1099890600017,8.08572103996083,2.92646068119756e-06,7.5047458357822e-05,3.97040279554289e-05,"1843/3162/3576/3569/7124/3627/6347",7
"GO:0030595","leukocyte chemotaxis","7/51","237/18860",0.029535864978903,10.9224786961198,8.0044425438575,3.27492387540693e-06,8.21578728743392e-05,4.34658088726778e-05,"1843/3576/3569/2921/6374/3627/6347",7
"GO:0097529","myeloid leukocyte migration","7/51","237/18860",0.029535864978903,10.9224786961198,8.0044425438575,3.27492387540693e-06,8.21578728743392e-05,4.34658088726778e-05,"1843/3576/3569/2921/6374/3627/6347",7
"GO:0050727","regulation of inflammatory response","9/51","460/18860",0.0195652173913043,7.23529411764706,7.04999020020824,3.46145373232708e-06,8.49969281573026e-05,4.49678175054597e-05,"1051/9021/1432/6647/3569/7124/5468/4790/5970",9
"GO:0097191","extrinsic apoptotic signaling pathway","7/51","239/18860",0.0292887029288703,10.8310772007548,7.96452944159966,3.46174664072203e-06,8.49969281573026e-05,4.49678175054597e-05,"3303/3304/3162/2729/2730/7124/5970",7
"GO:0008202","steroid metabolic process","8/51","345/18860",0.0231884057971014,8.57516339869281,7.394371388191,3.70888089694585e-06,9.01062853700108e-05,4.76709345203013e-05,"2908/3290/3291/1584/1392/847/7124/4790",8
"GO:0098586","cellular response to virus","5/51","89/18860",0.0561797752808989,20.7755012117206,9.73734063910134,4.13546626642326e-06,9.94235014885927e-05,5.26002288273135e-05,"3320/1432/3569/3627/4790",5
"GO:0098869","cellular oxidant detoxification","5/51","90/18860",0.0555555555555556,20.5446623093682,9.6778492884417,4.36983736969173e-06,0.000103975099476789,5.50082620601455e-05,"1728/6647/6648/847/7296",5
"GO:0001890","placenta development","6/51","160/18860",0.0375,13.8676470588235,8.51137829397442,4.45793747488627e-06,0.000104988976449362,5.55446559706561e-05,"1051/9021/3326/1432/6647/5468",6
"GO:0071230","cellular response to amino acid stimulus","5/51","93/18860",0.0537634408602151,19.8819312671305,9.50499788942157,5.13604445085478e-06,0.000119737278712857,6.33472787133603e-05,"1051/8651/2729/2730/7124",5
"GO:0002218","activation of innate immune response","8/51","362/18860",0.0220994475138122,8.17246235510779,7.17499727241732,5.28381930371995e-06,0.000121631560940339,6.43494530196083e-05,"3303/3304/3320/1432/7124/5599/5970/3659",8
"GO:0097696","cell surface receptor signaling pathway via STAT","6/51","165/18860",0.0363636363636364,13.4474153297683,8.36218907880321,5.32269829071674e-06,0.000121631560940339,6.43494530196083e-05,"8651/9021/3569/7124/6347/5468",6
"GO:0045765","regulation of angiogenesis","8/51","365/18860",0.0219178082191781,8.10529143164115,7.13777288605128,5.61356655751854e-06,0.00012702070210542,6.7200590368643e-05,"3315/3162/3576/3569/7124/3627/5468/5970",8
"GO:0071347","cellular response to interleukin-1","5/51","95/18860",0.0526315789473684,19.4633642930857,9.3942025968796,5.702722746113e-06,0.000127785282505134,6.7605093362198e-05,"1051/3576/3569/6347/5970",5
"GO:1900744","regulation of p38MAPK cascade","4/51","44/18860",0.0909090909090909,33.6185383244207,11.279471390166,5.94352207676857e-06,0.000131900470703672,6.97822430065945e-05,"1843/5187/4616/10912",4
"GO:0048660","regulation of smooth muscle cell proliferation","6/51","172/18860",0.0348837209302326,12.9001367989056,8.16387468507912,6.75793433492615e-06,0.000148545832809615,7.85885095590409e-05,"3725/3162/6648/3569/7124/5468",6
"GO:1901342","regulation of vasculature development","8/51","375/18860",0.0213333333333333,7.88915032679738,7.01670362547974,6.84175816036549e-06,0.000148969602208713,7.88127057201983e-05,"3315/3162/3576/3569/7124/3627/5468/5970",8
"GO:0071354","cellular response to interleukin-6","4/51","46/18860",0.0869565217391304,32.156862745098,11.0167534997624,7.1162328126101e-06,0.000153497806836487,8.1208362642673e-05,"9021/3569/4790/5970",4
"GO:0009636","response to toxic substance","7/51","270/18860",0.0259259259259259,9.58750907770516,7.40066867456785,7.70737264056595e-06,0.000163248563335639,8.63670224707384e-05,"2353/1728/6647/6648/847/7296/7124",7
"GO:0048659","smooth muscle cell proliferation","6/51","176/18860",0.0340909090909091,12.6069518716578,8.05566047059944,7.70974584210772e-06,0.000163248563335639,8.63670224707384e-05,"3725/3162/6648/3569/7124/5468",6
"GO:0042176","regulation of protein catabolic process","8/51","383/18860",0.02088772845953,7.72436389699483,6.92303345690819,7.98159763611208e-06,0.000167468430401333,8.85995527070815e-05,"3303/3304/3320/3326/1728/2729/7124/5970",8
"GO:0071229","cellular response to acid chemical","5/51","102/18860",0.0490196078431373,18.1276432141484,9.03162699109309,8.08207325686821e-06,0.000168048874566233,8.89066380082231e-05,"1051/8651/2729/2730/7124",5
"GO:0010883","regulation of lipid storage","4/51","49/18860",0.0816326530612245,30.188075230092,10.6526858635877,9.18450065554707e-06,0.000186900969141802,9.88803813757595e-05,"3569/7124/5468/4790",4
"GO:0035094","response to nicotine","4/51","49/18860",0.0816326530612245,30.188075230092,10.6526858635877,9.18450065554707e-06,0.000186900969141802,9.88803813757595e-05,"3162/7124/4790/5970",4
"GO:0032637","interleukin-8 production","5/51","105/18860",0.0476190476190476,17.609710550887,8.88709340397077,9.31265660801872e-06,0.000186900969141802,9.88803813757595e-05,"3303/3304/3569/7124/5970",5
"GO:0032677","regulation of interleukin-8 production","5/51","105/18860",0.0476190476190476,17.609710550887,8.88709340397077,9.31265660801872e-06,0.000186900969141802,9.88803813757595e-05,"3303/3304/3569/7124/5970",5
"GO:0019730","antimicrobial humoral response","6/51","184/18860",0.0326086956521739,12.0588235294118,7.84941826999912,9.94023547979193e-06,0.000196540637579758,0.000103980269813244,"3576/2920/2921/6374/3627/6347",6
"GO:0070741","response to interleukin-6","4/51","50/18860",0.08,29.5843137254902,10.5385276486162,9.96328188770871e-06,0.000196540637579758,0.000103980269813244,"9021/3569/4790/5970",4
"GO:0016032","viral process","8/51","396/18860",0.0202020202020202,7.47078629431571,6.77646686754713,1.01758405218706e-05,0.000197366709673571,0.000104417305126946,"3725/3303/3304/3576/3326/7124/6347/3643",8
"GO:0035729","cellular response to hepatocyte growth factor stimulus","3/51","16/18860",0.1875,69.3382352941177,14.239632084704,1.01761865039666e-05,0.000197366709673571,0.000104417305126946,"2729/2730/5970",3
"GO:1903037","regulation of leukocyte cell-cell adhesion","8/51","401/18860",0.0199501246882793,7.37763434550878,6.7218572046273,1.11457628666037e-05,0.000214370172467678,0.000113413025660178,"1051/7704/8651/3569/7124/6347/5970/3659",8
"GO:0045639","positive regulation of myeloid cell differentiation","5/51","111/18860",0.045045045045045,16.6578343048931,8.61520652496082,1.22108723260156e-05,0.000232914820896231,0.000123224113946743,"2353/3303/3304/1432/7124",5
"GO:0035728","response to hepatocyte growth factor","3/51","17/18860",0.176470588235294,65.2595155709343,13.8022042177249,1.23332337145739e-05,0.000233320519780627,0.000123438749861136,"2729/2730/5970",3
"GO:0002548","monocyte chemotaxis","4/51","54/18860",0.0740740740740741,27.3928830791576,10.113397167563,1.35731150270248e-05,0.000254689020181896,0.000134743803434735,"1843/3569/3627/6347",4
"GO:0019058","viral life cycle","7/51","298/18860",0.023489932885906,8.68666929859192,6.96458927770481,1.46269437162256e-05,0.000272249887879426,0.000144034420295601,"3303/3304/3576/3326/7124/6347/3643",7
"GO:0006704","glucocorticoid biosynthetic process","3/51","18/18860",0.166666666666667,61.6339869281046,13.4014084439052,1.47716597949829e-05,0.000272743926454564,0.000144295792523622,"2908/1584/1392",3
"GO:0002262","myeloid cell homeostasis","6/51","201/18860",0.0298507462686567,11.0389230318993,7.45079365347104,1.64283896340307e-05,0.000300926375201134,0.000159205780914583,"3303/3304/3162/1432/6647/3569",6
"GO:0097396","response to interleukin-17","3/51","19/18860",0.157894736842105,58.390092879257,13.0323675067198,1.75079007579702e-05,0.00031568933554215,0.000167016158546426,"9021/3627/4790",3
"GO:0097398","cellular response to interleukin-17","3/51","19/18860",0.157894736842105,58.390092879257,13.0323675067198,1.75079007579702e-05,0.00031568933554215,0.000167016158546426,"9021/3627/4790",3
"GO:1901655","cellular response to ketone","5/51","120/18860",0.0416666666666667,15.4084967320261,8.24491280687966,1.7828272506924e-05,0.000316520407276774,0.000167455838931432,"2908/6446/1392/2353/687",5
"GO:1990748","cellular detoxification","5/51","120/18860",0.0416666666666667,15.4084967320261,8.24491280687966,1.7828272506924e-05,0.000316520407276774,0.000167455838931432,"1728/6647/6648/847/7296",5
"GO:0071621","granulocyte chemotaxis","5/51","121/18860",0.0413223140495868,15.2811537838276,8.20624238508637,1.8558988229908e-05,0.000326978204844487,0.00017298856043948,"3576/2921/6374/3627/6347",5
"GO:0046631","alpha-beta T cell activation","6/51","206/18860",0.029126213592233,10.7709880068532,7.34256279319992,1.88788237282053e-05,0.000330093372459833,0.000174636646927577,"1051/7704/8651/9021/3569/3659",6
"GO:0045089","positive regulation of innate immune response","8/51","432/18860",0.0185185185185185,6.8482207697894,6.40306772749726,1.90756750015115e-05,0.000331027503033748,0.000175130850825115,"3303/3304/3320/1432/7124/5599/5970/3659",8
"GO:0006749","glutathione metabolic process","4/51","59/18860",0.0677966101694915,25.0714523097375,9.64271630382478,1.93398903922339e-05,0.000333107962875193,0.000176231522820042,"6647/6648/2729/2730",4
"GO:0046324","regulation of D-glucose import","4/51","60/18860",0.0666666666666667,24.6535947712418,9.55554402906843,2.06800835278378e-05,0.000353552835424072,0.000187047928984732,"28999/1432/7124/3643",4
"GO:0007159","leukocyte cell-cell adhesion","8/51","439/18860",0.0182232346241458,6.7390236276743,6.3354174530412,2.14070946081587e-05,0.000363290987909046,0.000192199920630527,"1051/7704/8651/3569/7124/6347/5970/3659",8
"GO:0007623","circadian rhythm","6/51","212/18860",0.0283018867924528,10.4661487236404,7.21749827441845,2.22003609749192e-05,0.000374003161533675,0.000197867220368085,"5187/1392/687/7124/5468/5599",6
"GO:0002688","regulation of leukocyte chemotaxis","5/51","126/18860",0.0396825396825397,14.6747587924059,8.019573171458,2.25698418260041e-05,0.000377472427060997,0.000199702643159152,"1843/3576/3569/3627/6347",5
"GO:0050920","regulation of chemotaxis","6/51","214/18860",0.0280373831775701,10.3683342495877,7.17691808223892,2.34067161164968e-05,0.000388652523718523,0.000205617498637912,"1843/3315/3576/3569/3627/6347",6
"GO:0070431","nucleotide-binding oligomerization domain containing 2 signaling pathway","3/51","21/18860",0.142857142857143,52.8291316526611,12.3741741003762,2.39389157995463e-05,0.000394650126181091,0.000208790543815592,"3303/3304/5970",3
"GO:0022612","gland morphogenesis","5/51","129/18860",0.0387596899224806,14.3334853321173,7.91260754454427,2.52812507860591e-05,0.000408578307960907,0.000216159279957426,"2908/1051/3569/7124/4790",5
"GO:0046683","response to organophosphorus","5/51","129/18860",0.0387596899224806,14.3334853321173,7.91260754454427,2.52812507860591e-05,0.000408578307960907,0.000216159279957426,"1843/5187/2353/6647/5970",5
"GO:0031400","negative regulation of protein modification process","6/51","217/18860",0.0276497695852535,10.2249932230957,7.11704297108724,2.53148605019106e-05,0.000408578307960907,0.000216159279957426,"1843/28999/3303/3304/2729/5970",6
"GO:0002221","pattern recognition receptor signaling pathway","7/51","325/18860",0.0215384615384615,7.96500754147813,6.59520867559845,2.55471654433458e-05,0.00040946429057807,0.000216628011069306,"3303/3304/1432/7124/5599/5970/3659",7
"GO:0032102","negative regulation of response to external stimulus","8/51","452/18860",0.0176991150442478,6.54520215165712,6.21362247103863,2.6375267124895e-05,0.00041407437251459,0.000219066985367565,"1843/9021/1432/6647/7124/6347/5468/4790",8
"GO:0002753","cytoplasmic pattern recognition receptor signaling pathway","6/51","219/18860",0.0273972602739726,10.1316142895514,7.07777216193969,2.66551695822381e-05,0.00041407437251459,0.000219066985367565,"3303/3304/1432/7124/5599/5970",6
"GO:0032869","cellular response to insulin stimulus","6/51","219/18860",0.0273972602739726,10.1316142895514,7.07777216193969,2.66551695822381e-05,0.00041407437251459,0.000219066985367565,"8651/9021/2729/5468/3643/5970",6
"GO:0032615","interleukin-12 production","4/51","64/18860",0.0625,23.1127450980392,9.22702067144829,2.67318377403266e-05,0.00041407437251459,0.000219066985367565,"1432/4790/5970/3659",4
"GO:0032655","regulation of interleukin-12 production","4/51","64/18860",0.0625,23.1127450980392,9.22702067144829,2.67318377403266e-05,0.00041407437251459,0.000219066985367565,"1432/4790/5970/3659",4
"GO:0019430","removal of superoxide radicals","3/51","22/18860",0.136363636363636,50.427807486631,12.0788852567823,2.76659083104761e-05,0.000420084976188019,0.000222246908865321,"1728/6647/6648",3
"GO:0072574","hepatocyte proliferation","3/51","22/18860",0.136363636363636,50.427807486631,12.0788852567823,2.76659083104761e-05,0.000420084976188019,0.000222246908865321,"1051/3569/7124",3
"GO:0072575","epithelial cell proliferation involved in liver morphogenesis","3/51","22/18860",0.136363636363636,50.427807486631,12.0788852567823,2.76659083104761e-05,0.000420084976188019,0.000222246908865321,"1051/3569/7124",3
"GO:0034284","response to monosaccharide","6/51","222/18860",0.027027027027027,9.99470058293588,7.01980599305771,2.87722983388874e-05,0.000434029180170929,0.00022962412159002,"1392/6648/847/2729/2730/7124",6
"GO:0032731","positive regulation of interleukin-1 beta production","4/51","66/18860",0.0606060606060606,22.4123588829471,9.07378397155739,3.02019579518329e-05,0.000449716896469874,0.000237923743457563,"3315/3569/7124/5970",4
"GO:0071384","cellular response to corticosteroid stimulus","4/51","66/18860",0.0606060606060606,22.4123588829471,9.07378397155739,3.02019579518329e-05,0.000449716896469874,0.000237923743457563,"2908/6446/1392/687",4
"GO:0007259","cell surface receptor signaling pathway via JAK-STAT","5/51","135/18860",0.037037037037037,13.6964415395788,7.70902676416281,3.14598737526067e-05,0.000460949026263104,0.000243866127184713,"8651/9021/3569/7124/6347",5
"GO:0010888","negative regulation of lipid storage","3/51","23/18860",0.130434782608696,48.2352941176471,11.8028323431169,3.17551538890094e-05,0.000460949026263104,0.000243866127184713,"3569/7124/5468",3
"GO:0071450","cellular response to oxygen radical","3/51","23/18860",0.130434782608696,48.2352941176471,11.8028323431169,3.17551538890094e-05,0.000460949026263104,0.000243866127184713,"1728/6647/6648",3
"GO:0071451","cellular response to superoxide","3/51","23/18860",0.130434782608696,48.2352941176471,11.8028323431169,3.17551538890094e-05,0.000460949026263104,0.000243866127184713,"1728/6647/6648",3
"GO:0002833","positive regulation of response to biotic stimulus","8/51","465/18860",0.0172043010752688,6.36221800548176,6.09652855162288,3.22784749419605e-05,0.00046561700103778,0.000246335729820225,"3303/3304/3320/1432/7124/5599/5970/3659",8
"GO:0006457","protein folding","6/51","228/18860",0.0263157894736842,9.73168214654283,6.90712266529938,3.3412824050433e-05,0.000478986322412419,0.000253408799597923,"2289/3303/3304/3315/3320/3326",6
"GO:0009416","response to light stimulus","7/51","341/18860",0.0205278592375367,7.59128284744983,6.39587455817936,3.47147347706243e-05,0.000494577826238277,0.000261657520038494,"1843/5187/2353/1432/847/5599/5970",7
"GO:0002758","innate immune response-activating signaling pathway","7/51","342/18860",0.0204678362573099,7.56908611397775,6.38384793258696,3.53674563727538e-05,0.000500785823977397,0.000264941875314139,"3303/3304/1432/7124/5599/5970/3659",7
"GO:1902105","regulation of leukocyte differentiation","7/51","343/18860",0.0204081632653061,7.54701880752301,6.3718699070544,3.60302551130058e-05,0.000503622825407055,0.000266442797351174,"1051/7704/2353/8651/6647/7124/3659",7
"GO:0072576","liver morphogenesis","3/51","24/18860",0.125,46.2254901960784,11.54399494462,3.62224389157587e-05,0.000503622825407055,0.000266442797351174,"1051/3569/7124",3
"GO:1904996","positive regulation of leukocyte adhesion to vascular endothelial cell","3/51","24/18860",0.125,46.2254901960784,11.54399494462,3.62224389157587e-05,0.000503622825407055,0.000266442797351174,"3569/7124/5970",3
"GO:0035902","response to immobilization stress","3/51","25/18860",0.12,44.3764705882353,11.3006381536472,4.10834218159633e-05,0.000559925112799044,0.000296229650117163,"1392/2353/6648",3
"GO:0051131","chaperone-mediated protein complex assembly","3/51","25/18860",0.12,44.3764705882353,11.3006381536472,4.10834218159633e-05,0.000559925112799044,0.000296229650117163,"3303/3320/3326",3
"GO:0046632","alpha-beta T cell differentiation","5/51","143/18860",0.034965034965035,12.9302070478541,7.45691932425466,4.14525562684185e-05,0.000559925112799044,0.000296229650117163,"7704/8651/9021/3569/3659",5
"GO:0009755","hormone-mediated signaling pathway","6/51","237/18860",0.0253164556962025,9.36212459667411,6.7457081973711,4.14849195358044e-05,0.000559925112799044,0.000296229650117163,"2908/4306/5187/1392/5468/5970",6
"GO:0072593","reactive oxygen species metabolic process","6/51","237/18860",0.0253164556962025,9.36212459667411,6.7457081973711,4.14849195358044e-05,0.000559925112799044,0.000296229650117163,"1432/1728/6647/6648/847/7124",6
"GO:0045600","positive regulation of fat cell differentiation","4/51","72/18860",0.0555555555555556,20.5446623093682,8.65198402085618,4.25998120595953e-05,0.000571630036241546,0.000302422166396148,"1051/7704/1432/5468",4
"GO:0050921","positive regulation of chemotaxis","5/51","145/18860",0.0344827586206897,12.7518593644354,7.39702754700385,4.42970690704944e-05,0.000590968990836423,0.000312653484160472,"3315/3576/3569/3627/6347",5
"GO:0000303","response to superoxide","3/51","26/18860",0.115384615384615,42.6696832579185,11.071262685674,4.63536337102248e-05,0.000607692320011424,0.000321500999367533,"1728/6647/6648",3
"GO:0003085","negative regulation of systemic arterial blood pressure","3/51","26/18860",0.115384615384615,42.6696832579185,11.071262685674,4.63536337102248e-05,0.000607692320011424,0.000321500999367533,"1392/6648/7124",3
"GO:0042063","gliogenesis","7/51","357/18860",0.0196078431372549,7.25105728565936,6.20909175353003,4.64368078413938e-05,0.000607692320011424,0.000321500999367533,"2908/28999/6647/3569/7124/6347/5970",7
"GO:1903320","regulation of protein modification by small protein conjugation or removal","6/51","242/18860",0.0247933884297521,9.16869227029655,6.65970927533933,4.66037871065953e-05,0.000607692320011424,0.000321500999367533,"3303/3304/3320/3326/2729/5970",6
"GO:0007249","canonical NF-kappaB signal transduction","7/51","359/18860",0.0194986072423398,7.21066142334371,6.18655733176242,4.81068751061882e-05,0.000623767796320687,0.000330005766547477,"5187/3315/3162/7124/3643/4790/5970",7
"GO:0097530","granulocyte migration","5/51","148/18860",0.0337837837837838,12.4933757286698,7.30936960241257,4.8844711000074e-05,0.000629796608872462,0.000333195323493595,"3576/2921/6374/3627/6347",5
"GO:0014074","response to purine-containing compound","5/51","149/18860",0.0335570469798658,12.409527569417,7.28071216448723,5.04381790442442e-05,0.000646729540189531,0.000342153729189025,"1843/5187/2353/6647/5970",5
"GO:0050673","epithelial cell proliferation","8/51","496/18860",0.0161290322580645,5.96457938013915,5.83446743841247,5.09585683429091e-05,0.000647946202655823,0.000342797407224644,"1051/3725/687/3162/3569/7124/6347/5468",8
"GO:0000305","response to oxygen radical","3/51","27/18860",0.111111111111111,41.0893246187364,10.8545652523148,5.20484790625698e-05,0.000647946202655823,0.000342797407224644,"1728/6647/6648",3
"GO:0030325","adrenal gland development","3/51","27/18860",0.111111111111111,41.0893246187364,10.8545652523148,5.20484790625698e-05,0.000647946202655823,0.000342797407224644,"2908/1392/3643",3
"GO:1902894","negative regulation of miRNA transcription","3/51","27/18860",0.111111111111111,41.0893246187364,10.8545652523148,5.20484790625698e-05,0.000647946202655823,0.000342797407224644,"7124/5468/5970",3
"GO:0009743","response to carbohydrate","6/51","247/18860",0.0242914979757085,8.98309121219338,6.57616868048451,5.22175016005126e-05,0.000647946202655823,0.000342797407224644,"1392/6648/847/2729/2730/7124",6
"GO:1901873","regulation of post-translational protein modification","6/51","247/18860",0.0242914979757085,8.98309121219338,6.57616868048451,5.22175016005126e-05,0.000647946202655823,0.000342797407224644,"3303/3304/3320/3326/2729/5970",6
"GO:0071260","cellular response to mechanical stimulus","4/51","76/18860",0.0526315789473684,19.4633642930857,8.39817963975391,5.27037474305995e-05,0.000650482615346651,0.000344139302108052,"2729/5599/4790/3659",4
"GO:0002687","positive regulation of leukocyte migration","5/51","152/18860",0.0328947368421053,12.1646026831785,7.19636115782068,5.54609532370503e-05,0.00067751519931543,0.000358440951931907,"3576/3569/7124/3627/6347",5
"GO:0032732","positive regulation of interleukin-1 production","4/51","77/18860",0.051948051948052,19.2105933282404,8.3377437672204,5.54810973442878e-05,0.00067751519931543,0.000358440951931907,"3315/3569/7124/5970",4
"GO:0048872","homeostasis of number of cells","7/51","369/18860",0.018970189701897,7.01525054466231,6.07642679223103,5.72153236652515e-05,0.000695015615891582,0.000367699586989982,"1831/3303/3304/3162/1432/6647/3569",7
"GO:0051881","regulation of mitochondrial membrane potential","4/51","78/18860",0.0512820512820513,18.964303670186,8.27843677184984,5.83638111227624e-05,0.000701581646204873,0.00037117336021055,"6647/6648/2729/2730",4
"GO:0071496","cellular response to external stimulus","4/51","78/18860",0.0512820512820513,18.964303670186,8.27843677184984,5.83638111227624e-05,0.000701581646204873,0.00037117336021055,"2729/5599/4790/3659",4
"GO:0010827","regulation of D-glucose transmembrane transport","4/51","80/18860",0.05,18.4901960784314,8.16306853785791,6.44551188706623e-05,0.000762735812311037,0.000403527110408101,"28999/1432/7124/3643",4
"GO:0051092","positive regulation of NF-kappaB transcription factor activity","4/51","80/18860",0.05,18.4901960784314,8.16306853785791,6.44551188706623e-05,0.000762735812311037,0.000403527110408101,"3303/3304/7124/5970",4
"GO:0097421","liver regeneration","3/51","29/18860",0.103448275862069,38.2555780933063,10.4547867566481,6.47730585844728e-05,0.000762735812311037,0.000403527110408101,"1051/3569/7124",3
"GO:2000629","negative regulation of miRNA metabolic process","3/51","29/18860",0.103448275862069,38.2555780933063,10.4547867566481,6.47730585844728e-05,0.000762735812311037,0.000403527110408101,"7124/5468/5970",3
"GO:1900076","regulation of cellular response to insulin stimulus","4/51","81/18860",0.0493827160493827,18.2619220527717,8.10694067123004,6.76686538653682e-05,0.000792788086909999,0.000419426334404633,"8651/9021/5468/5970",4
"GO:0010001","glial cell differentiation","6/51","263/18860",0.0228136882129278,8.43659136658466,6.32400073705824,7.39203425848718e-05,0.000857450782084876,0.000453636279858823,"2908/28999/6647/3569/7124/5970",6
"GO:0030593","neutrophil chemotaxis","4/51","83/18860",0.0481927710843374,17.8218757382471,7.9976414266142,7.44439758181847e-05,0.000857450782084876,0.000453636279858823,"3576/2921/6374/3627",4
"GO:0046323","D-glucose import","4/51","83/18860",0.0481927710843374,17.8218757382471,7.9976414266142,7.44439758181847e-05,0.000857450782084876,0.000453636279858823,"28999/1432/7124/3643",4
"GO:0035296","regulation of tube diameter","5/51","162/18860",0.0308641975308642,11.4137012829823,6.93149014985803,7.50455190559554e-05,0.000857450782084876,0.000453636279858823,"6647/6648/2729/2730/7124",5
"GO:0097746","blood vessel diameter maintenance","5/51","162/18860",0.0308641975308642,11.4137012829823,6.93149014985803,7.50455190559554e-05,0.000857450782084876,0.000453636279858823,"6647/6648/2729/2730/7124",5
"GO:0001649","osteoblast differentiation","6/51","265/18860",0.0226415094339623,8.37291897891232,6.29398744355275,7.70753014245846e-05,0.000874136432775402,0.000462463861178266,"1051/1432/847/3569/7124/5468",6
"GO:0035150","regulation of tube size","5/51","163/18860",0.0306748466257669,11.3436785757248,6.90628378458243,7.7263358876162e-05,0.000874136432775402,0.000462463861178266,"6647/6648/2729/2730/7124",5
"GO:0035872","nucleotide-binding domain, leucine rich repeat containing receptor signaling pathway","3/51","31/18860",0.0967741935483871,35.7874762808349,10.093730558205,7.93778874212189e-05,0.000893678849600845,0.000472802821096862,"3303/3304/5970",3
"GO:0098754","detoxification","5/51","166/18860",0.0301204819277108,11.1386723364044,6.83196413141614,8.42212110603349e-05,0.000943604636540063,0.000499216171844601,"1728/6647/6648/847/7296",5
"GO:0070841","inclusion body assembly","3/51","33/18860",0.0909090909090909,33.6185383244207,9.76545469662257,9.5981707137405e-05,0.00107017285059483,0.000566177372384388,"3303/3304/3320",3
"GO:0050863","regulation of T cell activation","7/51","404/18860",0.0173267326732673,6.40749369054553,5.72109920069897,0.000100914766407176,0.00111976577340271,0.00059241462060893,"1051/7704/8651/6647/3569/6347/3659",7
"GO:0051591","response to cAMP","4/51","90/18860",0.0444444444444444,16.4357298474946,7.64324626113136,0.000102082061116328,0.0011272985505095,0.000596399853411939,"1843/5187/2353/5970",4
"GO:0150076","neuroinflammatory response","4/51","91/18860",0.043956043956044,16.255117431588,7.5958652049371,0.000106563327909654,0.00116563109391223,0.000616679772388119,"2908/3725/3569/7124",4
"GO:1903321","negative regulation of protein modification by small protein conjugation or removal","4/51","91/18860",0.043956043956044,16.255117431588,7.5958652049371,0.000106563327909654,0.00116563109391223,0.000616679772388119,"3303/3304/2729/5970",4
"GO:0003018","vascular process in circulatory system","6/51","283/18860",0.0212014134275618,7.84036582831012,6.03734954620037,0.000110594172560135,0.00120401580315468,0.000636987289820045,"6647/6648/2729/2730/7124/3643",6
"GO:0033273","response to vitamin","4/51","92/18860",0.0434782608695652,16.078431372549,7.54922979116708,0.000111185760934082,0.00120477340955803,0.000637388103205014,"6648/847/3627/5970",4
"GO:0006694","steroid biosynthetic process","5/51","177/18860",0.0282485875706215,10.4464384623906,6.57495812367613,0.00011394761612386,0.00122893036455078,0.000650168395000871,"2908/1584/1392/7124/4790",5
"GO:0010743","regulation of macrophage derived foam cell differentiation","3/51","35/18860",0.0857142857142857,31.6974789915966,9.46522202515414,0.000114701294095768,0.00123130505475829,0.000651424730237901,"7124/5468/4790",3
"GO:1903039","positive regulation of leukocyte cell-cell adhesion","6/51","289/18860",0.0207612456747405,7.67759006716873,5.95679419911841,0.000124036053452862,0.00132108800806236,0.000698924605195813,"7704/8651/3569/7124/6347/5970",6
"GO:0045648","positive regulation of erythrocyte differentiation","3/51","36/18860",0.0833333333333333,30.8169934640523,9.32439598084008,0.000124890460495662,0.00132108800806236,0.000698924605195813,"3303/3304/1432",3
"GO:1904893","negative regulation of receptor signaling pathway via STAT","3/51","36/18860",0.0833333333333333,30.8169934640523,9.32439598084008,0.000124890460495662,0.00132108800806236,0.000698924605195813,"8651/9021/5468",3
"GO:1901874","negative regulation of post-translational protein modification","4/51","95/18860",0.0421052631578947,15.5706914344685,7.4136016134002,0.000125926933177521,0.00132108800806236,0.000698924605195813,"3303/3304/2729/5970",4
"GO:1904705","regulation of vascular associated smooth muscle cell proliferation","4/51","95/18860",0.0421052631578947,15.5706914344685,7.4136016134002,0.000125926933177521,0.00132108800806236,0.000698924605195813,"3725/6648/7124/5468",4
"GO:0001936","regulation of endothelial cell proliferation","5/51","181/18860",0.0276243093922652,10.2155779438847,6.48704063139142,0.00012654866758339,0.00132160327955866,0.000699197210748904,"3725/3162/7124/6347/5468",5
"GO:0019915","lipid storage","4/51","96/18860",0.0416666666666667,15.4084967320261,7.36975655078883,0.000131140980538717,0.00136339361749261,0.000721306483759657,"3569/7124/5468/4790",4
"GO:1905952","regulation of lipid localization","5/51","183/18860",0.0273224043715847,10.1039322832958,6.44410442239839,0.000133236749872271,0.00137897048746727,0.000729547462128083,"1392/3569/7124/5468/4790",5
"GO:0051385","response to mineralocorticoid","3/51","37/18860",0.0810810810810811,29.9841017488076,9.18920312534037,0.000135651479563434,0.00138186176977097,0.000731077101584571,"6446/1392/2353",3
"GO:1901099","negative regulation of signal transduction in absence of ligand","3/51","37/18860",0.0810810810810811,29.9841017488076,9.18920312534037,0.000135651479563434,0.00138186176977097,0.000731077101584571,"3303/3304/7124",3
"GO:2001240","negative regulation of extrinsic apoptotic signaling pathway in absence of ligand","3/51","37/18860",0.0810810810810811,29.9841017488076,9.18920312534037,0.000135651479563434,0.00138186176977097,0.000731077101584571,"3303/3304/7124",3
"GO:0002690","positive regulation of leukocyte chemotaxis","4/51","97/18860",0.0412371134020619,15.2496462502527,7.32656447757087,0.000136509741554498,0.00138186176977097,0.000731077101584571,"3576/3569/3627/6347",4
"GO:1990874","vascular associated smooth muscle cell proliferation","4/51","97/18860",0.0412371134020619,15.2496462502527,7.32656447757087,0.000136509741554498,0.00138186176977097,0.000731077101584571,"3725/6648/7124/5468",4
"GO:0051701","biological process involved in interaction with host","5/51","185/18860",0.027027027027027,9.99470058293588,6.40182554510433,0.00014019268609443,0.0014129463733884,0.000747522481588317,"3303/3304/3576/3326/3643",5
"GO:0048661","positive regulation of smooth muscle cell proliferation","4/51","98/18860",0.0408163265306122,15.094037615046,7.28400882588711,0.000142035968433577,0.0014253000658465,0.00075405823058558,"3725/3162/3569/7124",4
"GO:0071248","cellular response to metal ion","5/51","186/18860",0.0268817204301075,9.94096563356525,6.38092713760782,0.000143773355008147,0.00143648875912902,0.000759977634128278,"1584/2353/3725/3162/6647",5
"GO:0046326","positive regulation of D-glucose import","3/51","38/18860",0.0789473684210526,29.1950464396285,9.05927187005759,0.000146998404557786,0.00146238067982487,0.000773675813462031,"28999/1432/3643",3
"GO:1904892","regulation of receptor signaling pathway via STAT","4/51","99/18860",0.0404040404040404,14.9415725886314,7.24207361306464,0.000147722427026877,0.00146327622994863,0.000774149606284965,"8651/9021/3569/5468",4
"GO:0043279","response to alkaloid","4/51","100/18860",0.04,14.7921568627451,7.20074341526804,0.000153571896574401,0.00151471768074239,0.000801364822430525,"2289/1392/3320/5970",4
"GO:0051090","regulation of DNA-binding transcription factor activity","5/51","189/18860",0.0264550264550265,9.78317252827057,6.31917076199439,0.000154937131509852,0.00152168042350953,0.000805048477274035,"6446/3303/3304/7124/5970",5
"GO:0048511","rhythmic process","6/51","302/18860",0.0198675496688742,7.34709777950916,5.78994769199089,0.000157623955093556,0.00154150884896579,0.000815538750707067,"5187/1392/687/7124/5468/5599",6
"GO:1904994","regulation of leukocyte adhesion to vascular endothelial cell","3/51","39/18860",0.0769230769230769,28.446455505279,8.93426413493376,0.000158945169652519,0.00154759322310758,0.000818757702638323,"3569/7124/5970",3
"GO:0170062","nutrient storage","4/51","101/18860",0.0396039603960396,14.6456998641041,7.16000334258727,0.000159587169453901,0.00154759322310758,0.000818757702638323,"3569/7124/5468/4790",4
"GO:0010742","macrophage derived foam cell differentiation","3/51","40/18860",0.075,27.7352941176471,8.81387155814302,0.000171505590550702,0.00165528181821424,0.000875730597978893,"7124/5468/4790",3
"GO:0071346","cellular response to type II interferon","4/51","103/18860",0.0388349514563107,14.361317342471,7.08023654241714,0.000172126358913093,0.00165528181821424,0.000875730597978893,"7124/6347/5468/3659",4
"GO:0090077","foam cell differentiation","3/51","41/18860",0.0731707317073171,27.0588235294118,8.69781221713139,0.000184693365096297,0.00176274871919311,0.000932586205538633,"7124/5468/4790",3
"GO:0071560","cellular response to transforming growth factor beta stimulus","6/51","311/18860",0.0192926045016077,7.13448080196709,5.68014367032602,0.000184828938494251,0.00176274871919311,0.000932586205538633,"2908/2353/3725/3303/3326/5468",6
"GO:1990266","neutrophil migration","4/51","106/18860",0.0377358490566038,13.9548649648539,6.96466821743206,0.000192249205401707,0.00182597187681951,0.000966034560389778,"3576/2921/6374/3627",4
"GO:0031396","regulation of protein ubiquitination","5/51","200/18860",0.025,9.24509803921569,6.10402870451092,0.000201644935548413,0.00190736275100712,0.00100909458686868,"3303/3304/3320/3326/2729",5
"GO:0001666","response to hypoxia","6/51","317/18860",0.0189274447949527,6.99944331044721,5.60934498858188,0.000204940612078522,0.0019306242150091,0.00102140111712604,"3291/2353/6648/847/7124/5468",6
"GO:0071559","response to transforming growth factor beta","6/51","318/18860",0.0188679245283019,6.97743248242693,5.59772444521361,0.000208454453339565,0.00195574340775494,0.00103469048298629,"2908/2353/3725/3303/3326/5468",6
"GO:0001503","ossification","7/51","455/18860",0.0153846153846154,5.68929110105581,5.27237808462202,0.000210102641255289,0.0019632262996648,0.00103864932391278,"1051/7704/1432/847/3569/7124/5468",7
"GO:0032735","positive regulation of interleukin-12 production","3/51","43/18860",0.0697674418604651,25.8002735978112,8.47768103148208,0.000213005180862095,0.00198232240899079,0.00104875216383714,"1432/5970/3659",3
"GO:0001935","endothelial cell proliferation","5/51","204/18860",0.0245098039215686,9.0638216070742,6.02987478434947,0.000221052913904974,0.00204895632647662,0.00108400498892314,"3725/3162/7124/6347/5468",5
"GO:0045454","cell redox homeostasis","3/51","44/18860",0.0681818181818182,25.2139037433155,8.37315368949201,0.000228156033943948,0.00210633650537053,0.0011143621026315,"1728/2729/7296",3
"GO:0003073","regulation of systemic arterial blood pressure","4/51","112/18860",0.0357142857142857,13.2072829131653,6.74702180626387,0.000237509221447834,0.0021752828694508,0.00115083833282994,"3291/1392/6648/7124",4
"GO:1904659","D-glucose transmembrane transport","4/51","112/18860",0.0357142857142857,13.2072829131653,6.74702180626387,0.000237509221447834,0.0021752828694508,0.00115083833282994,"28999/1432/7124/3643",4
"GO:0051091","positive regulation of DNA-binding transcription factor activity","4/51","113/18860",0.0353982300884956,13.0904043033142,6.71236742411418,0.000245736386597465,0.00224173747141087,0.00118599629063058,"3303/3304/7124/5970",4
"GO:0031334","positive regulation of protein-containing complex assembly","5/51","210/18860",0.0238095238095238,8.80485527544351,5.92238516861356,0.000252797869544894,0.00227629963381276,0.00120428148099188,"3303/3304/3320/7124/5599",5
"GO:0050728","negative regulation of inflammatory response","5/51","210/18860",0.0238095238095238,8.80485527544351,5.92238516861356,0.000252797869544894,0.00227629963381276,0.00120428148099188,"9021/1432/6647/5468/4790",5
"GO:0097306","cellular response to alcohol","4/51","114/18860",0.0350877192982456,12.9755761953904,6.67814897094775,0.000254166740388707,0.00227629963381276,0.00120428148099188,"6446/2353/687/6648",4
"GO:0030217","T cell differentiation","6/51","330/18860",0.0181818181818182,6.72370766488413,5.46208267831241,0.000254456371544061,0.00227629963381276,0.00120428148099188,"7704/8651/9021/6647/3569/3659",6
"GO:0036293","response to decreased oxygen levels","6/51","330/18860",0.0181818181818182,6.72370766488413,5.46208267831241,0.000254456371544061,0.00227629963381276,0.00120428148099188,"3291/2353/6648/847/7124/5468",6
"GO:0010828","positive regulation of D-glucose transmembrane transport","3/51","46/18860",0.0652173913043478,24.1176470588235,8.17416763764626,0.00026051379347116,0.00232148971170439,0.00122818939413349,"28999/1432/3643",3
"GO:0043122","regulation of canonical NF-kappaB signal transduction","6/51","332/18860",0.0180722891566265,6.68320340184266,5.44013322799945,0.000262845044451446,0.00233325524074592,0.00123441397394202,"5187/3315/3162/7124/3643/5970",6
"GO:0050890","cognition","6/51","333/18860",0.018018018018018,6.66313372195725,5.42922634352498,0.000267120336863691,0.00233942348101517,0.00123767729543811,"6446/1392/1051/2353/7124/3643",6
"GO:0043410","positive regulation of MAPK cascade","7/51","474/18860",0.0147679324894515,5.4612393480599,5.12227194855355,0.000269562792941728,0.00233942348101517,0.00123767729543811,"3725/4616/10912/6647/3569/7124/3643",7
"GO:0051607","defense response to virus","6/51","334/18860",0.0179640718562874,6.6431842197957,5.41836424203465,0.000271450258915968,0.00233942348101517,0.00123767729543811,"3320/3569/7124/3627/5970/3659",6
"GO:1904951","positive regulation of establishment of protein localization","6/51","334/18860",0.0179640718562874,6.6431842197957,5.41836424203465,0.000271450258915968,0.00233942348101517,0.00123767729543811,"1392/3320/1432/7124/5468/5599",6
"GO:0008637","apoptotic mitochondrial changes","4/51","116/18860",0.0344827586206897,12.7518593644354,6.61098249901077,0.00027164882708495,0.00233942348101517,0.00123767729543811,"3303/6648/2729/2730",4
"GO:0032611","interleukin-1 beta production","4/51","116/18860",0.0344827586206897,12.7518593644354,6.61098249901077,0.00027164882708495,0.00233942348101517,0.00123767729543811,"3315/3569/7124/5970",4
"GO:0032651","regulation of interleukin-1 beta production","4/51","116/18860",0.0344827586206897,12.7518593644354,6.61098249901077,0.00027164882708495,0.00233942348101517,0.00123767729543811,"3315/3569/7124/5970",4
"GO:0042752","regulation of circadian rhythm","4/51","116/18860",0.0344827586206897,12.7518593644354,6.61098249901077,0.00027164882708495,0.00233942348101517,0.00123767729543811,"5187/1392/5468/5599",4
"GO:0097193","intrinsic apoptotic signaling pathway","6/51","335/18860",0.017910447761194,6.6233538191396,5.40754659474594,0.00027583530795338,0.00236546001010094,0.00125145198016833,"1051/3303/3315/6647/6648/7124",6
"GO:0006953","acute-phase response","3/51","47/18860",0.0638297872340425,23.60450563204,8.0793510659674,0.000277746820943394,0.00236546001010094,0.00125145198016833,"1051/3569/7124",3
"GO:0120178","steroid hormone biosynthetic process","3/51","47/18860",0.0638297872340425,23.60450563204,8.0793510659674,0.000277746820943394,0.00236546001010094,0.00125145198016833,"2908/1584/1392",3
"GO:0030316","osteoclast differentiation","4/51","117/18860",0.0341880341880342,12.6428691134573,6.57801650143461,0.000280706490304733,0.0023818771309681,0.00126013749517604,"1051/2353/1432/7124",4
"GO:0045732","positive regulation of protein catabolic process","5/51","217/18860",0.0230414746543779,8.52082768591308,5.80228651927659,0.000294094172855643,0.00248172809293503,0.00131296387293836,"3303/3304/3320/2729/7124",5
"GO:0001774","microglial cell activation","3/51","48/18860",0.0625,23.1127450980392,7.98743539388628,0.000295699837763056,0.00248172809293503,0.00131296387293836,"3725/3569/7124",3
"GO:2001239","regulation of extrinsic apoptotic signaling pathway in absence of ligand","3/51","48/18860",0.0625,23.1127450980392,7.98743539388628,0.000295699837763056,0.00248172809293503,0.00131296387293836,"3303/3304/7124",3
"GO:0008645","hexose transmembrane transport","4/51","119/18860",0.0336134453781513,12.4303839182732,6.51327601758284,0.000299469951097625,0.00250426321425115,0.00132488612995135,"28999/1432/7124/3643",4
"GO:0044344","cellular response to fibroblast growth factor stimulus","4/51","120/18860",0.0333333333333333,12.3267973856209,6.48148509608639,0.000309181733117995,0.00257614238280264,0.00136291396700313,"3576/2729/2730/6347",4
"GO:0022409","positive regulation of cell-cell adhesion","6/51","343/18860",0.0174927113702624,6.46887326359115,5.32256741552798,0.000312960767947509,0.00258577004719845,0.0013680075046749,"7704/8651/3569/7124/6347/5970",6
"GO:0042743","hydrogen peroxide metabolic process","3/51","49/18860",0.0612244897959184,22.641056422569,7.89827263389156,0.000314385620617895,0.00258577004719845,0.0013680075046749,"6647/6648/847",3
"GO:1902175","regulation of oxidative stress-induced intrinsic apoptotic signaling pathway","3/51","49/18860",0.0612244897959184,22.641056422569,7.89827263389156,0.000314385620617895,0.00258577004719845,0.0013680075046749,"3315/6647/6648",3
"GO:0002246","wound healing involved in inflammatory response","2/51","10/18860",0.2,73.9607843137255,12.0169811998391,0.000318179676518353,0.00258577004719845,0.0013680075046749,"3162/5468",2
"GO:0030656","regulation of vitamin metabolic process","2/51","10/18860",0.2,73.9607843137255,12.0169811998391,0.000318179676518353,0.00258577004719845,0.0013680075046749,"7124/4790",2
"GO:0051409","response to nitrosative stress","2/51","10/18860",0.2,73.9607843137255,12.0169811998391,0.000318179676518353,0.00258577004719845,0.0013680075046749,"2729/2730",2
"GO:0070432","regulation of nucleotide-binding oligomerization domain containing 2 signaling pathway","2/51","10/18860",0.2,73.9607843137255,12.0169811998391,0.000318179676518353,0.00258577004719845,0.0013680075046749,"3303/3304",2
"GO:0015749","monosaccharide transmembrane transport","4/51","122/18860",0.0327868852459016,12.124718739955,6.41902257242289,0.000329280425416561,0.00266659376091727,0.0014107674736222,"28999/1432/7124/3643",4
"GO:0046627","negative regulation of insulin receptor signaling pathway","3/51","50/18860",0.06,22.1882352941176,7.81172518664745,0.000333816833728331,0.00269387850435311,0.00142520252898367,"8651/9021/5970",3
"GO:0002269","leukocyte activation involved in inflammatory response","3/51","51/18860",0.0588235294117647,21.7531718569781,7.72766492096404,0.000354006029434185,0.00281739971011759,0.00149055170288078,"3725/3569/7124",3
"GO:0042220","response to cocaine","3/51","51/18860",0.0588235294117647,21.7531718569781,7.72766492096404,0.000354006029434185,0.00281739971011759,0.00149055170288078,"2289/1392/3320",3
"GO:0045776","negative regulation of blood pressure","3/51","51/18860",0.0588235294117647,21.7531718569781,7.72766492096404,0.000354006029434185,0.00281739971011759,0.00149055170288078,"1392/6648/7124",3
"GO:1900077","negative regulation of cellular response to insulin stimulus","3/51","51/18860",0.0588235294117647,21.7531718569781,7.72766492096404,0.000354006029434185,0.00281739971011759,0.00149055170288078,"8651/9021/5970",3
"GO:0045646","regulation of erythrocyte differentiation","3/51","52/18860",0.0576923076923077,21.3348416289593,7.64597235147941,0.000374965648778934,0.00296101963343134,0.0015665341488554,"3303/3304/1432",3
"GO:0071214","cellular response to abiotic stimulus","6/51","355/18860",0.0169014084507042,6.25020712510356,5.20005136974919,0.000375900672701639,0.00296101963343134,0.0015665341488554,"1432/2729/7124/5599/4790/3659",6
"GO:0104004","cellular response to environmental stimulus","6/51","355/18860",0.0169014084507042,6.25020712510356,5.20005136974919,0.000375900672701639,0.00296101963343134,0.0015665341488554,"1432/2729/7124/5599/4790/3659",6
"GO:0070482","response to oxygen levels","6/51","357/18860",0.0168067226890756,6.2151919591366,5.18018055295034,0.000387291276602062,0.00300670116621024,0.00159070206731911,"3291/2353/6648/847/7124/5468",6
"GO:0042368","vitamin D biosynthetic process","2/51","11/18860",0.181818181818182,67.2370766488414,11.442341550933,0.000388213582119,0.00300670116621024,0.00159070206731911,"7124/4790",2
"GO:0070391","response to lipoteichoic acid","2/51","11/18860",0.181818181818182,67.2370766488414,11.442341550933,0.000388213582119,0.00300670116621024,0.00159070206731911,"1432/5970",2
"GO:0071223","cellular response to lipoteichoic acid","2/51","11/18860",0.181818181818182,67.2370766488414,11.442341550933,0.000388213582119,0.00300670116621024,0.00159070206731911,"1432/5970",2
"GO:1905461","positive regulation of vascular associated smooth muscle cell apoptotic process","2/51","11/18860",0.181818181818182,67.2370766488414,11.442341550933,0.000388213582119,0.00300670116621024,0.00159070206731911,"6648/5468",2
"GO:0044403","biological process involved in symbiotic interaction","5/51","231/18860",0.0216450216450216,8.00441388676683,5.57756427919345,0.000391875478906446,0.00302491172346514,0.00160033640391296,"3303/3304/3576/3326/3643",5
"GO:0071774","response to fibroblast growth factor","4/51","128/18860",0.03125,11.5563725490196,6.24006601243337,0.000395195473443779,0.00304037050902747,0.00160851490945538,"3576/2729/2730/6347",4
"GO:0140467","integrated stress response signaling","3/51","53/18860",0.0566037735849057,20.9322974472808,7.56653590201857,0.000396708022091556,0.00304186749165219,0.00160930689150622,"1051/2353/3725",3
"GO:0034341","response to type II interferon","4/51","129/18860",0.0310077519379845,11.4667882656939,6.21139827549689,0.000407032728568825,0.00311070045542003,0.00164572312701233,"7124/6347/5468/3659",4
"GO:0071674","mononuclear cell migration","5/51","235/18860",0.0212765957446809,7.86816854401335,5.5168134632019,0.00042386716596901,0.0032286647493613,0.00170813240411343,"1843/3569/7124/3627/6347",5
"GO:0007613","memory","4/51","131/18860",0.0305343511450382,11.2917227959886,6.15499916297285,0.000431464607208848,0.00327572471525665,0.00173302958574191,"6446/1051/2353/3643",4
"GO:0031100","animal organ regeneration","3/51","55/18860",0.0545454545454545,20.1711229946524,7.41402070286437,0.000442589801837885,0.00333822634850274,0.00176609621648417,"1051/3569/7124",3
"GO:1900016","negative regulation of cytokine production involved in inflammatory response","3/51","55/18860",0.0545454545454545,20.1711229946524,7.41402070286437,0.000442589801837885,0.00333822634850274,0.00176609621648417,"3162/4790/5970",3
"GO:0006534","cysteine metabolic process","2/51","12/18860",0.166666666666667,61.6339869281046,10.9404623857893,0.000465050611554055,0.00345277776875567,0.00182669990502443,"2729/2730",2
"GO:0071372","cellular response to follicle-stimulating hormone stimulus","2/51","12/18860",0.166666666666667,61.6339869281046,10.9404623857893,0.000465050611554055,0.00345277776875567,0.00182669990502443,"2729/2730",2
"GO:0097067","cellular response to thyroid hormone stimulus","2/51","12/18860",0.166666666666667,61.6339869281046,10.9404623857893,0.000465050611554055,0.00345277776875567,0.00182669990502443,"2729/2730",2
"GO:0061756","leukocyte adhesion to vascular endothelial cell","3/51","56/18860",0.0535714285714286,19.8109243697479,7.34075271905149,0.000466753320559692,0.00345277776875567,0.00182669990502443,"3569/7124/5970",3
"GO:0061900","glial cell activation","3/51","56/18860",0.0535714285714286,19.8109243697479,7.34075271905149,0.000466753320559692,0.00345277776875567,0.00182669990502443,"3725/3569/7124",3
"GO:0071385","cellular response to glucocorticoid stimulus","3/51","56/18860",0.0535714285714286,19.8109243697479,7.34075271905149,0.000466753320559692,0.00345277776875567,0.00182669990502443,"2908/1392/687",3
"GO:0034219","carbohydrate transmembrane transport","4/51","134/18860",0.0298507462686567,11.0389230318993,6.07265458890589,0.000470052110844443,0.00346607115600312,0.00183373280168002,"28999/1432/7124/3643",4
"GO:0031640","killing of cells of another organism","4/51","135/18860",0.0296296296296296,10.957153231663,6.04578538943181,0.000483444240221294,0.00354218827438332,0.00187400273569491,"3576/2920/2921/3627",4
"GO:0141061","disruption of cell in another organism","4/51","135/18860",0.0296296296296296,10.957153231663,6.04578538943181,0.000483444240221294,0.00354218827438332,0.00187400273569491,"3576/2920/2921/3627",4
"GO:0002686","negative regulation of leukocyte migration","3/51","57/18860",0.0526315789473684,19.4633642930857,7.26936136637536,0.000491747818972349,0.00359162647527905,0.00190015812794112,"1843/3162/6347",3
"GO:0032612","interleukin-1 production","4/51","136/18860",0.0294117647058824,10.876585928489,6.01919689145758,0.000497106357787183,0.00360792916280761,0.00190878310173165,"3315/3569/7124/5970",4
"GO:0032652","regulation of interleukin-1 production","4/51","136/18860",0.0294117647058824,10.876585928489,6.01919689145758,0.000497106357787183,0.00360792916280761,0.00190878310173165,"3315/3569/7124/5970",4
"GO:0008286","insulin receptor signaling pathway","4/51","137/18860",0.0291970802919708,10.7971947903249,5.99288402000174,0.000511041575942252,0.00369744187233453,0.0019561400036067,"8651/9021/3643/5970",4
"GO:0008643","carbohydrate transport","4/51","138/18860",0.0289855072463768,10.718954248366,5.9668418284038,0.000525253012109508,0.00376485699362964,0.00199180612633877,"28999/1432/7124/3643",4
"GO:0035270","endocrine system development","4/51","138/18860",0.0289855072463768,10.718954248366,5.9668418284038,0.000525253012109508,0.00376485699362964,0.00199180612633877,"2908/1392/3569/3643",4
"GO:0035710","CD4-positive, alpha-beta T cell activation","4/51","138/18860",0.0289855072463768,10.718954248366,5.9668418284038,0.000525253012109508,0.00376485699362964,0.00199180612633877,"1051/8651/9021/3569",4
"GO:0032434","regulation of proteasomal ubiquitin-dependent protein catabolic process","4/51","139/18860",0.0287769784172662,10.6418394696008,5.9410654941738,0.000539743788545408,0.00384484155544074,0.00203412214006716,"3303/3304/3326/2729",4
"GO:0141060","disruption of anatomical structure in another organism","4/51","139/18860",0.0287769784172662,10.6418394696008,5.9410654941738,0.000539743788545408,0.00384484155544074,0.00203412214006716,"3576/2920/2921/3627",4
"GO:0032494","response to peptidoglycan","2/51","13/18860",0.153846153846154,56.8929110105581,10.4970884115385,0.000548654909073905,0.00388434211700176,0.00205502000169755,"3569/5970",2
"GO:0042921","nuclear receptor-mediated glucocorticoid signaling pathway","2/51","13/18860",0.153846153846154,56.8929110105581,10.4970884115385,0.000548654909073905,0.00388434211700176,0.00205502000169755,"2908/5187",2
"GO:0044409","symbiont entry into host","4/51","141/18860",0.0283687943262411,10.4908913920178,5.89029170494132,0.000569575874289983,0.00402012574269505,0.00212685663665341,"3303/3304/3576/3643",4
"GO:0042311","vasodilation","3/51","60/18860",0.05,18.4901960784314,7.06566339369636,0.000571834510544938,0.0040237623485906,0.0021287805912456,"6647/6648/7124",3
"GO:0045599","negative regulation of fat cell differentiation","3/51","62/18860",0.0483870967741935,17.8937381404175,6.93788896999383,0.00062959375263711,0.00438925793467677,0.00232214685953893,"6648/3569/7124",3
"GO:0010212","response to ionizing radiation","4/51","145/18860",0.0275862068965517,10.2014874915483,5.79173510656323,0.000632730001121141,0.00438925793467677,0.00232214685953893,"1432/6648/7124/3627",4
"GO:0031958","nuclear receptor-mediated corticosteroid signaling pathway","2/51","14/18860",0.142857142857143,52.8291316526611,10.1015942963045,0.000638990756521401,0.00438925793467677,0.00232214685953893,"2908/5187",2
"GO:0034650","cortisol metabolic process","2/51","14/18860",0.142857142857143,52.8291316526611,10.1015942963045,0.000638990756521401,0.00438925793467677,0.00232214685953893,"3291/1584",2
"GO:0035865","cellular response to potassium ion","2/51","14/18860",0.142857142857143,52.8291316526611,10.1015942963045,0.000638990756521401,0.00438925793467677,0.00232214685953893,"1584/6647",2
"GO:0042362","fat-soluble vitamin biosynthetic process","2/51","14/18860",0.142857142857143,52.8291316526611,10.1015942963045,0.000638990756521401,0.00438925793467677,0.00232214685953893,"7124/4790",2
"GO:0090084","negative regulation of inclusion body assembly","2/51","14/18860",0.142857142857143,52.8291316526611,10.1015942963045,0.000638990756521401,0.00438925793467677,0.00232214685953893,"3303/3304",2
"GO:0110076","negative regulation of ferroptosis","2/51","14/18860",0.142857142857143,52.8291316526611,10.1015942963045,0.000638990756521401,0.00438925793467677,0.00232214685953893,"3162/1728",2
"GO:0007179","transforming growth factor beta receptor signaling pathway","5/51","258/18860",0.0193798449612403,7.16674266605867,5.19334798703997,0.000647756339645553,0.00443343548965689,0.0023455190951391,"2353/3725/3303/3326/5468",5
"GO:0038061","non-canonical NF-kappaB signal transduction","4/51","146/18860",0.0273972602739726,10.1316142895514,5.76769437489967,0.000649263949525143,0.00443343548965689,0.0023455190951391,"4306/7124/4790/5970",4
"GO:0009895","negative regulation of catabolic process","6/51","394/18860",0.0152284263959391,5.63153180053747,4.83780000560834,0.000651386376037501,0.00443480753951195,0.00234624498122497,"3162/3326/1432/1728/7124/5970",6
"GO:0051222","positive regulation of protein transport","5/51","263/18860",0.0190114068441065,7.03049280548721,5.12826899674607,0.000706343333010521,0.00479482474290671,0.00253671289873748,"1392/3320/1432/7124/5468",5
"GO:0046328","regulation of JNK cascade","4/51","150/18860",0.0266666666666667,9.86143790849673,5.67380622721427,0.000718476033547453,0.00483452677967208,0.0025577173512814,"5187/4616/10912/7124",4
"GO:0071675","regulation of mononuclear cell migration","4/51","150/18860",0.0266666666666667,9.86143790849673,5.67380622721427,0.000718476033547453,0.00483452677967208,0.0025577173512814,"1843/7124/3627/6347",4
"GO:2000377","regulation of reactive oxygen species metabolic process","4/51","150/18860",0.0266666666666667,9.86143790849673,5.67380622721427,0.000718476033547453,0.00483452677967208,0.0025577173512814,"1432/6647/6648/7124",4
"GO:0010573","vascular endothelial growth factor production","3/51","65/18860",0.0461538461538462,17.0678733031674,6.7570242413683,0.00072301093742304,0.00485089896387319,0.00256637909244408,"3569/7124/5970",3
"GO:0043374","CD8-positive, alpha-beta T cell differentiation","2/51","15/18860",0.133333333333333,49.3071895424837,9.74587630898313,0.000736022572873323,0.00489550460573957,0.00258997780838178,"8651/3659",2
"GO:0070424","regulation of nucleotide-binding domain, leucine rich repeat containing receptor signaling pathway","2/51","15/18860",0.133333333333333,49.3071895424837,9.74587630898313,0.000736022572873323,0.00489550460573957,0.00258997780838178,"3303/3304",2
"GO:1901029","negative regulation of mitochondrial outer membrane permeabilization involved in apoptotic signaling pathway","2/51","15/18860",0.133333333333333,49.3071895424837,9.74587630898313,0.000736022572873323,0.00489550460573957,0.00258997780838178,"3303/2729",2
"GO:0001818","negative regulation of cytokine production","6/51","405/18860",0.0148148148148148,5.47857661583152,4.74429909097783,0.000752082929150935,0.00498529214144755,0.00263748010767087,"28999/3162/3569/7124/4790/5970",6
"GO:0006986","response to unfolded protein","4/51","152/18860",0.0263157894736842,9.73168214654283,5.62817504795682,0.000754972125115344,0.00498529214144755,0.00263748010767087,"3303/3315/3320/3326",4
"GO:1901224","positive regulation of non-canonical NF-kappaB signal transduction","3/51","66/18860",0.0454545454545455,16.8092691622103,6.69939701227148,0.000756001841207384,0.00498529214144755,0.00263748010767087,"4306/7124/5970",3
"GO:0008631","intrinsic apoptotic signaling pathway in response to oxidative stress","3/51","67/18860",0.0447761194029851,16.558384547849,6.64301772218705,0.000789936818655742,0.00519422842580471,0.0027480183225091,"3315/6647/6648",3
"GO:0005996","monosaccharide metabolic process","5/51","272/18860",0.0183823529411765,6.79786620530565,5.0153110632154,0.000821704821064018,0.00538776911084021,0.00285041146062877,"2908/1432/2729/7124/3643",5
"GO:0006750","glutathione biosynthetic process","2/51","16/18860",0.125,46.2254901960784,9.42363141908607,0.000839714913783231,0.0054439944410441,0.00288015759901995,"2729/2730",2
"GO:0032354","response to follicle-stimulating hormone","2/51","16/18860",0.125,46.2254901960784,9.42363141908607,0.000839714913783231,0.0054439944410441,0.00288015759901995,"2729/2730",2
"GO:0051412","response to corticosterone","2/51","16/18860",0.125,46.2254901960784,9.42363141908607,0.000839714913783231,0.0054439944410441,0.00288015759901995,"1392/2353",2
"GO:0072537","fibroblast activation","2/51","16/18860",0.125,46.2254901960784,9.42363141908607,0.000839714913783231,0.0054439944410441,0.00288015759901995,"2729/2730",2
"GO:0050678","regulation of epithelial cell proliferation","6/51","416/18860",0.0144230769230769,5.33371040723982,4.65415197621337,0.00086446308493078,0.00558874173675137,0.0029567364839148,"3725/687/3162/7124/6347/5468",6
"GO:0009411","response to UV","4/51","159/18860",0.0251572327044025,9.30324330990258,5.47489098957032,0.000893064054073937,0.00573811675686535,0.00303576367689674,"1432/847/5599/5970",4
"GO:0043535","regulation of blood vessel endothelial cell migration","4/51","159/18860",0.0251572327044025,9.30324330990258,5.47489098957032,0.000893064054073937,0.00573811675686535,0.00303576367689674,"3315/3162/7124/5468",4
"GO:0014015","positive regulation of gliogenesis","3/51","70/18860",0.0428571428571429,15.8487394957983,6.48092182902443,0.000897513062923913,0.00573811675686535,0.00303576367689674,"3569/7124/5970",3
"GO:1905953","negative regulation of lipid localization","3/51","70/18860",0.0428571428571429,15.8487394957983,6.48092182902443,0.000897513062923913,0.00573811675686535,0.00303576367689674,"3569/7124/5468",3
"GO:0048662","negative regulation of smooth muscle cell proliferation","3/51","71/18860",0.0422535211267606,15.6255178127589,6.42909965052329,0.000935330698487798,0.00588206893616553,0.00311192190365412,"3162/6648/5468",3
"GO:0070301","cellular response to hydrogen peroxide","3/51","71/18860",0.0422535211267606,15.6255178127589,6.42909965052329,0.000935330698487798,0.00588206893616553,0.00311192190365412,"847/3569/5970",3
"GO:0097192","extrinsic apoptotic signaling pathway in absence of ligand","3/51","71/18860",0.0422535211267606,15.6255178127589,6.42909965052329,0.000935330698487798,0.00588206893616553,0.00311192190365412,"3303/3304/7124",3
"GO:2000379","positive regulation of reactive oxygen species metabolic process","3/51","71/18860",0.0422535211267606,15.6255178127589,6.42909965052329,0.000935330698487798,0.00588206893616553,0.00311192190365412,"1432/6647/6648",3
"GO:0045667","regulation of osteoblast differentiation","4/51","161/18860",0.0248447204968944,9.18767507002801,5.43282744685123,0.000935582516087705,0.00588206893616553,0.00311192190365412,"1051/3569/7124/5468",4
"GO:0032966","negative regulation of collagen biosynthetic process","2/51","17/18860",0.117647058823529,43.5063437139562,9.12987331566808,0.000950032471125718,0.00588206893616553,0.00311192190365412,"28999/3569",2
"GO:0050665","hydrogen peroxide biosynthetic process","2/51","17/18860",0.117647058823529,43.5063437139562,9.12987331566808,0.000950032471125718,0.00588206893616553,0.00311192190365412,"6647/6648",2
"GO:0110075","regulation of ferroptosis","2/51","17/18860",0.117647058823529,43.5063437139562,9.12987331566808,0.000950032471125718,0.00588206893616553,0.00311192190365412,"3162/1728",2
"GO:1903265","positive regulation of tumor necrosis factor-mediated signaling pathway","2/51","17/18860",0.117647058823529,43.5063437139562,9.12987331566808,0.000950032471125718,0.00588206893616553,0.00311192190365412,"3303/3304",2
"GO:1904044","response to aldosterone","2/51","17/18860",0.117647058823529,43.5063437139562,9.12987331566808,0.000950032471125718,0.00588206893616553,0.00311192190365412,"6446/1392",2
"GO:0001906","cell killing","5/51","281/18860",0.0177935943060498,6.58014095317843,4.90736913333776,0.000950611660827445,0.00588206893616553,0.00311192190365412,"3576/2920/2921/3627/5599",5
"GO:0140014","mitotic nuclear division","5/51","281/18860",0.0177935943060498,6.58014095317843,4.90736913333776,0.000950611660827445,0.00588206893616553,0.00311192190365412,"1843/3303/3304/7124/3643",5
"GO:0050918","positive chemotaxis","3/51","72/18860",0.0416666666666667,15.4084967320261,6.37831861798377,0.000974145084854243,0.00601156913327164,0.00318043427647318,"3576/3627/6347",3
"GO:0016525","negative regulation of angiogenesis","4/51","163/18860",0.0245398773006135,9.07494286057982,5.39149070914981,0.000979509266721508,0.00602855303358197,0.00318941964743003,"7124/3627/5468/5970",4
"GO:0007611","learning or memory","5/51","284/18860",0.0176056338028169,6.51063242198288,4.87243525563899,0.000996757898941151,0.00611839689030898,0.0032369517434819,"6446/1392/1051/2353/3643",5
"GO:0032722","positive regulation of chemokine production","3/51","73/18860",0.0410958904109589,15.1974214343272,6.32854323620114,0.00101396645657822,0.0061910967772025,0.00327541378343286,"3162/3569/7124",3
"GO:0038034","signal transduction in absence of ligand","3/51","73/18860",0.0410958904109589,15.1974214343272,6.32854323620114,0.00101396645657822,0.0061910967772025,0.00327541378343286,"3303/3304/7124",3
"GO:2000181","negative regulation of blood vessel morphogenesis","4/51","165/18860",0.0242424242424242,8.96494355317885,5.3508589718534,0.00102486978897359,0.00624115955923762,0.00330189961174662,"7124/3627/5468/5970",4
"GO:0010713","negative regulation of collagen metabolic process","2/51","18/18860",0.111111111111111,41.0893246187364,8.86059849722612,0.00106694007254206,0.00640792625081529,0.0033901279079384,"28999/3569",2
"GO:0019184","nonribosomal peptide biosynthetic process","2/51","18/18860",0.111111111111111,41.0893246187364,8.86059849722612,0.00106694007254206,0.00640792625081529,0.0033901279079384,"2729/2730",2
"GO:0097707","ferroptosis","2/51","18/18860",0.111111111111111,41.0893246187364,8.86059849722612,0.00106694007254206,0.00640792625081529,0.0033901279079384,"3162/1728",2
"GO:1905288","vascular associated smooth muscle cell apoptotic process","2/51","18/18860",0.111111111111111,41.0893246187364,8.86059849722612,0.00106694007254206,0.00640792625081529,0.0033901279079384,"6648/5468",2
"GO:1905459","regulation of vascular associated smooth muscle cell apoptotic process","2/51","18/18860",0.111111111111111,41.0893246187364,8.86059849722612,0.00106694007254206,0.00640792625081529,0.0033901279079384,"6648/5468",2
"GO:0034101","erythrocyte homeostasis","4/51","167/18860",0.0239520958083832,8.8575789597276,5.31091134181162,0.00107168957227673,0.00640792625081529,0.0033901279079384,"3303/3304/3162/1432",4
"GO:1901343","negative regulation of vasculature development","4/51","167/18860",0.0239520958083832,8.8575789597276,5.31091134181162,0.00107168957227673,0.00640792625081529,0.0033901279079384,"7124/3627/5468/5970",4
"GO:0071897","DNA biosynthetic process","4/51","168/18860",0.0238095238095238,8.80485527544351,5.2911877751221,0.00109565465283252,0.00652349418546562,0.00345126938572476,"1843/3320/3326/7124",4
"GO:0045670","regulation of osteoclast differentiation","3/51","75/18860",0.04,14.7921568627451,6.23187573699218,0.00109667059963633,0.00652349418546562,0.00345126938572476,"1051/2353/7124",3
"GO:0006801","superoxide metabolic process","3/51","76/18860",0.0394736842105263,14.5975232198142,6.18492062676192,0.00113957334698726,0.0067612732258267,0.00357706692600519,"1728/6647/6648",3
"GO:0030098","lymphocyte differentiation","6/51","441/18860",0.0136054421768707,5.03134587168201,4.46064741204483,0.00116813444929117,0.00691295976657443,0.00365731703421798,"7704/8651/9021/6647/3569/3659",6
"GO:0045661","regulation of myoblast differentiation","3/51","77/18860",0.038961038961039,14.4079449961803,6.13884500126488,0.00118352303278359,0.00695556807017359,0.00367985905381801,"1432/7124/3627",3
"GO:0046626","regulation of insulin receptor signaling pathway","3/51","77/18860",0.038961038961039,14.4079449961803,6.13884500126488,0.00118352303278359,0.00695556807017359,0.00367985905381801,"8651/9021/5970",3
"GO:0010968","regulation of microtubule nucleation","2/51","19/18860",0.105263157894737,38.9267285861713,8.61255036304792,0.00119040268098725,0.00695556807017359,0.00367985905381801,"3303/3304",2
"GO:0034393","positive regulation of smooth muscle cell apoptotic process","2/51","19/18860",0.105263157894737,38.9267285861713,8.61255036304792,0.00119040268098725,0.00695556807017359,0.00367985905381801,"6648/5468",2
"GO:0055093","response to hyperoxia","2/51","19/18860",0.105263157894737,38.9267285861713,8.61255036304792,0.00119040268098725,0.00695556807017359,0.00367985905381801,"6648/847",2
"GO:0035966","response to topologically incorrect protein","4/51","172/18860",0.0232558139534884,8.60009119927041,5.21390578902608,0.00119529057335038,0.00696649152346637,0.00368563813154291,"3303/3315/3320/3326",4
"GO:0001678","intracellular glucose homeostasis","4/51","173/18860",0.023121387283237,8.55037968944803,5.19497683819123,0.00122115937789039,0.00709933462007815,0.00375591907292285,"1392/28999/2729/2730",4
"GO:0001937","negative regulation of endothelial cell proliferation","3/51","78/18860",0.0384615384615385,14.2232277526395,6.09362082047585,0.00122852940165003,0.0071063805990182,0.00375964676405231,"7124/6347/5468",3
"GO:0031397","negative regulation of protein ubiquitination","3/51","78/18860",0.0384615384615385,14.2232277526395,6.09362082047585,0.00122852940165003,0.0071063805990182,0.00375964676405231,"3303/3304/2729",3
"GO:0007178","cell surface receptor protein serine/threonine kinase signaling pathway","6/51","446/18860",0.0134529147982063,4.9749406489053,4.42369904795395,0.00123763849356983,0.00714117410789793,0.00377805434879212,"2353/3725/3303/3326/1432/5468",6
"GO:0046425","regulation of receptor signaling pathway via JAK-STAT","3/51","79/18860",0.0379746835443038,14.0431868950112,6.04922128602258,0.00127460210179883,0.00731786480336246,0.00387153296173514,"8651/9021/3569",3
"GO:0140374","antiviral innate immune response","3/51","79/18860",0.0379746835443038,14.0431868950112,6.04922128602258,0.00127460210179883,0.00731786480336246,0.00387153296173514,"7124/3627/5970",3
"GO:0034762","regulation of transmembrane transport","6/51","450/18860",0.0133333333333333,4.93071895424837,4.39453492846413,0.00129549537990393,0.00741936311865573,0.00392523087550882,"1392/28999/1432/7124/3627/3643",6
"GO:0050680","negative regulation of epithelial cell proliferation","4/51","176/18860",0.0227272727272727,8.40463458110517,5.13909446285343,0.00130112030039536,0.00743313280522896,0.00393251575940235,"687/7124/6347/5468",4
"GO:0010720","positive regulation of cell development","6/51","451/18860",0.0133037694013304,4.91978609625668,4.38729770823149,0.00131027882499154,0.00746697167427278,0.00395041828977307,"7704/2353/8651/3569/7124/5970",6
"GO:0071371","cellular response to gonadotropin stimulus","2/51","20/18860",0.1,36.9803921568627,8.38304902898556,0.00132038539427841,0.00748759088450753,0.00396132692968564,"2729/2730",2
"GO:2001185","regulation of CD8-positive, alpha-beta T cell activation","2/51","20/18860",0.1,36.9803921568627,8.38304902898556,0.00132038539427841,0.00748759088450753,0.00396132692968564,"8651/3659",2
"GO:0032635","interleukin-6 production","4/51","177/18860",0.0225988700564972,8.35715076991248,5.12076148215382,0.00132856937980049,0.00749715923858074,0.00396638908909681,"1051/3569/7124/5970",4
"GO:0032675","regulation of interleukin-6 production","4/51","177/18860",0.0225988700564972,8.35715076991248,5.12076148215382,0.00132856937980049,0.00749715923858074,0.00396638908909681,"1051/3569/7124/5970",4
"GO:0042060","wound healing","6/51","453/18860",0.0132450331125828,4.89806518633944,4.37288702520015,0.0013402340422732,0.00754453699894282,0.00399145440060826,"3315/3162/1432/3569/7124/5468",6
"GO:2000058","regulation of ubiquitin-dependent protein catabolic process","4/51","178/18860",0.0224719101123595,8.31020048468826,5.10257233601352,0.00135642147619629,0.00761708215829934,0.00402983458160505,"3303/3304/3326/2729",4
"GO:0050729","positive regulation of inflammatory response","4/51","179/18860",0.0223463687150838,8.26377478365648,5.08452504147713,0.00138467976585868,0.0077568953873831,0.0041038030873686,"1051/3569/7124/4790",4
"GO:0051223","regulation of protein transport","6/51","458/18860",0.0131004366812227,4.84459285897765,4.3372269318042,0.00141742262915867,0.00791249988033988,0.00418612599707847,"1392/3320/1432/3569/7124/5468",6
"GO:0032436","positive regulation of proteasomal ubiquitin-dependent protein catabolic process","3/51","82/18860",0.0365853658536585,13.5294117647059,5.92071976634948,0.00141931323676807,0.00791249988033988,0.00418612599707847,"3303/3304/2729",3
"GO:1903829","positive regulation of protein localization","6/51","459/18860",0.0130718954248366,4.83403819043957,4.33015686744227,0.00143326080804922,0.00796781457402784,0.00421539036115675,"1392/3320/3326/1432/7124/5468",6
"GO:0002544","chronic inflammatory response","2/51","21/18860",0.0952380952380952,35.219421101774,8.16986626681597,0.00145685344464461,0.00796781457402784,0.00421539036115675,"1051/7124",2
"GO:0010744","positive regulation of macrophage derived foam cell differentiation","2/51","21/18860",0.0952380952380952,35.219421101774,8.16986626681597,0.00145685344464461,0.00796781457402784,0.00421539036115675,"7124/4790",2
"GO:0035795","negative regulation of mitochondrial membrane permeability","2/51","21/18860",0.0952380952380952,35.219421101774,8.16986626681597,0.00145685344464461,0.00796781457402784,0.00421539036115675,"3303/2729",2
"GO:0035864","response to potassium ion","2/51","21/18860",0.0952380952380952,35.219421101774,8.16986626681597,0.00145685344464461,0.00796781457402784,0.00421539036115675,"1584/6647",2
"GO:0042359","vitamin D metabolic process","2/51","21/18860",0.0952380952380952,35.219421101774,8.16986626681597,0.00145685344464461,0.00796781457402784,0.00421539036115675,"7124/4790",2
"GO:1901739","regulation of myoblast fusion","2/51","21/18860",0.0952380952380952,35.219421101774,8.16986626681597,0.00145685344464461,0.00796781457402784,0.00421539036115675,"1432/3627",2
"GO:1902004","positive regulation of amyloid-beta formation","2/51","21/18860",0.0952380952380952,35.219421101774,8.16986626681597,0.00145685344464461,0.00796781457402784,0.00421539036115675,"7124/5970",2
"GO:0048678","response to axon injury","3/51","84/18860",0.0357142857142857,13.2072829131653,5.83873385780486,0.00152129157559899,0.00830056963707438,0.00439143518152252,"3725/6647/6648",3
"GO:0031348","negative regulation of defense response","5/51","313/18860",0.0159744408945687,5.90741088767775,4.55878719762106,0.00153339599790927,0.00834688198861933,0.0044159368360843,"9021/1432/6647/5468/4790",5
"GO:0032370","positive regulation of lipid transport","3/51","85/18860",0.0352941176470588,13.0519031141869,5.79878072697159,0.00157395954197242,0.00850749092007578,0.00450090735532605,"1392/5468/4790",3
"GO:0035924","cellular response to vascular endothelial growth factor stimulus","3/51","85/18860",0.0352941176470588,13.0519031141869,5.79878072697159,0.00157395954197242,0.00850749092007578,0.00450090735532605,"3315/1432/5970",3
"GO:2000278","regulation of DNA biosynthetic process","3/51","85/18860",0.0352941176470588,13.0519031141869,5.79878072697159,0.00157395954197242,0.00850749092007578,0.00450090735532605,"1843/3320/7124",3
"GO:0032495","response to muramyl dipeptide","2/51","22/18860",0.0909090909090909,33.6185383244207,7.97113207522303,0.00159977219827802,0.0085469310963557,0.0045217732699866,"1432/5970",2
"GO:0034104","negative regulation of tissue remodeling","2/51","22/18860",0.0909090909090909,33.6185383244207,7.97113207522303,0.00159977219827802,0.0085469310963557,0.0045217732699866,"3569/5468",2
"GO:0051900","regulation of mitochondrial depolarization","2/51","22/18860",0.0909090909090909,33.6185383244207,7.97113207522303,0.00159977219827802,0.0085469310963557,0.0045217732699866,"2729/2730",2
"GO:0097066","response to thyroid hormone","2/51","22/18860",0.0909090909090909,33.6185383244207,7.97113207522303,0.00159977219827802,0.0085469310963557,0.0045217732699866,"2729/2730",2
"GO:0150078","positive regulation of neuroinflammatory response","2/51","22/18860",0.0909090909090909,33.6185383244207,7.97113207522303,0.00159977219827802,0.0085469310963557,0.0045217732699866,"3569/7124",2
"GO:0043534","blood vessel endothelial cell migration","4/51","187/18860",0.0213903743315508,7.91024431162839,4.94502762246158,0.00162574955330965,0.00866565812711008,0.00458458607472758,"3315/3162/7124/5468",4
"GO:0006970","response to osmotic stress","3/51","87/18860",0.0344827586206897,12.7518593644354,5.72085495454726,0.00168269800786919,0.00894854147963615,0.00473424615359753,"1831/3320/7124",3
"GO:0062208","positive regulation of pattern recognition receptor signaling pathway","3/51","88/18860",0.0340909090909091,12.6069518716578,5.68284501610439,0.00173878620643147,0.00913123650729766,0.00483090137209946,"3303/3304/5599",3
"GO:0002689","negative regulation of leukocyte chemotaxis","2/51","23/18860",0.0869565217391304,32.156862745098,7.7852638411012,0.00174910715488649,0.00913123650729766,0.00483090137209946,"1843/6347",2
"GO:0009110","vitamin biosynthetic process","2/51","23/18860",0.0869565217391304,32.156862745098,7.7852638411012,0.00174910715488649,0.00913123650729766,0.00483090137209946,"7124/4790",2
"GO:0009651","response to salt stress","2/51","23/18860",0.0869565217391304,32.156862745098,7.7852638411012,0.00174910715488649,0.00913123650729766,0.00483090137209946,"3320/7124",2
"GO:0010224","response to UV-B","2/51","23/18860",0.0869565217391304,32.156862745098,7.7852638411012,0.00174910715488649,0.00913123650729766,0.00483090137209946,"1432/5970",2
"GO:0046426","negative regulation of receptor signaling pathway via JAK-STAT","2/51","23/18860",0.0869565217391304,32.156862745098,7.7852638411012,0.00174910715488649,0.00913123650729766,0.00483090137209946,"8651/9021",2
"GO:0090083","regulation of inclusion body assembly","2/51","23/18860",0.0869565217391304,32.156862745098,7.7852638411012,0.00174910715488649,0.00913123650729766,0.00483090137209946,"3303/3304",2
"GO:2000010","positive regulation of protein localization to cell surface","2/51","23/18860",0.0869565217391304,32.156862745098,7.7852638411012,0.00174910715488649,0.00913123650729766,0.00483090137209946,"3326/7124",2
"GO:0006575","modified amino acid metabolic process","4/51","191/18860",0.0209424083769634,7.74458474489272,4.87834978601643,0.00175661568857893,0.00913123650729766,0.00483090137209946,"6647/6648/2729/2730",4
"GO:0034764","positive regulation of transmembrane transport","4/51","191/18860",0.0209424083769634,7.74458474489272,4.87834978601643,0.00175661568857893,0.00913123650729766,0.00483090137209946,"28999/1432/3627/3643",4
"GO:0048708","astrocyte differentiation","3/51","90/18860",0.0333333333333333,12.3267973856209,5.60864323382102,0.00185444409675643,0.00957949141154305,0.00506805164525674,"2908/3569/7124",3
"GO:0050810","regulation of steroid biosynthetic process","3/51","90/18860",0.0333333333333333,12.3267973856209,5.60864323382102,0.00185444409675643,0.00957949141154305,0.00506805164525674,"2908/7124/4790",3
"GO:0031099","regeneration","4/51","194/18860",0.0206185567010309,7.62482312512634,4.82959915565767,0.00185945067260454,0.00957949141154305,0.00506805164525674,"1051/3725/3569/7124",4
"GO:0045580","regulation of T cell differentiation","4/51","194/18860",0.0206185567010309,7.62482312512634,4.82959915565767,0.00185945067260454,0.00957949141154305,0.00506805164525674,"7704/8651/6647/3659",4
"GO:2001242","regulation of intrinsic apoptotic signaling pathway","4/51","195/18860",0.0205128205128205,7.58572146807441,4.81358042799103,0.00189463819549385,0.00966227180274101,0.00511184679885961,"3303/3315/6647/6648",4
"GO:0003012","muscle system process","6/51","485/18860",0.0123711340206186,4.5748938750758,4.15319109627919,0.00189480638553627,0.00966227180274101,0.00511184679885961,"28999/3162/3320/6647/7124/5468",6
"GO:0060252","positive regulation of glial cell proliferation","2/51","24/18860",0.0833333333333333,30.8169934640523,7.61091190654764,0.00190482394724747,0.00966227180274101,0.00511184679885961,"3569/7124",2
"GO:1901028","regulation of mitochondrial outer membrane permeabilization involved in apoptotic signaling pathway","2/51","24/18860",0.0833333333333333,30.8169934640523,7.61091190654764,0.00190482394724747,0.00966227180274101,0.00511184679885961,"3303/2729",2
"GO:1901673","regulation of mitotic spindle assembly","2/51","24/18860",0.0833333333333333,30.8169934640523,7.61091190654764,0.00190482394724747,0.00966227180274101,0.00511184679885961,"3303/3304",2
"GO:1902644","tertiary alcohol metabolic process","2/51","24/18860",0.0833333333333333,30.8169934640523,7.61091190654764,0.00190482394724747,0.00966227180274101,0.00511184679885961,"3291/1584",2
"GO:1905709","negative regulation of membrane permeability","2/51","24/18860",0.0833333333333333,30.8169934640523,7.61091190654764,0.00190482394724747,0.00966227180274101,0.00511184679885961,"3303/2729",2
"GO:0032273","positive regulation of protein polymerization","3/51","91/18860",0.032967032967033,12.191338073691,5.57241829516275,0.00191403094114894,0.00968768292142927,0.0051252906088014,"3303/3304/3320",3
"GO:0007565","female pregnancy","4/51","197/18860",0.0203045685279188,7.5087090673833,4.78188149939367,0.00196639581294337,0.00993094428068557,0.00525398858232019,"3291/1392/2353/6647",4
"GO:0001959","regulation of cytokine-mediated signaling pathway","4/51","198/18860",0.0202020202020202,7.47078629431571,4.76619848871147,0.00200297215370586,0.0100935801981509,0.00534003148310457,"3303/3304/3569/5468",4
"GO:1902107","positive regulation of leukocyte differentiation","4/51","199/18860",0.0201005025125628,7.43324465464578,4.75062461489564,0.00204001767318798,0.0102355669341692,0.00541514988763856,"7704/2353/8651/7124",4
"GO:1903708","positive regulation of hemopoiesis","4/51","199/18860",0.0201005025125628,7.43324465464578,4.75062461489564,0.00204001767318798,0.0102355669341692,0.00541514988763856,"7704/2353/8651/7124",4
"GO:0031281","positive regulation of cyclase activity","2/51","25/18860",0.08,29.5843137254902,7.44691723188993,0.00206688834076325,0.0102368632842953,0.00541583572461119,"1432/5599",2
"GO:0051953","negative regulation of amine transport","2/51","25/18860",0.08,29.5843137254902,7.44691723188993,0.00206688834076325,0.0102368632842953,0.00541583572461119,"1392/7124",2
"GO:0072540","T-helper 17 cell lineage commitment","2/51","25/18860",0.08,29.5843137254902,7.44691723188993,0.00206688834076325,0.0102368632842953,0.00541583572461119,"9021/3569",2
"GO:1901623","regulation of lymphocyte chemotaxis","2/51","25/18860",0.08,29.5843137254902,7.44691723188993,0.00206688834076325,0.0102368632842953,0.00541583572461119,"3627/6347",2
"GO:1904037","positive regulation of epithelial cell apoptotic process","2/51","25/18860",0.08,29.5843137254902,7.44691723188993,0.00206688834076325,0.0102368632842953,0.00541583572461119,"3162/3569",2
"GO:1905563","negative regulation of vascular endothelial cell proliferation","2/51","25/18860",0.08,29.5843137254902,7.44691723188993,0.00206688834076325,0.0102368632842953,0.00541583572461119,"6347/5468",2
"GO:0062207","regulation of pattern recognition receptor signaling pathway","4/51","203/18860",0.0197044334975369,7.28677677967739,4.68939394890667,0.0021929537280351,0.0108379811655354,0.00573385850224438,"3303/3304/5599/3659",4
"GO:0043043","peptide biosynthetic process","2/51","26/18860",0.0769230769230769,28.446455505279,7.29227810081478,0.00223526623301767,0.0109765839697974,0.00580718663001232,"2729/2730",2
"GO:0048143","astrocyte activation","2/51","26/18860",0.0769230769230769,28.446455505279,7.29227810081478,0.00223526623301767,0.0109765839697974,0.00580718663001232,"3569/7124",2
"GO:0071276","cellular response to cadmium ion","2/51","26/18860",0.0769230769230769,28.446455505279,7.29227810081478,0.00223526623301767,0.0109765839697974,0.00580718663001232,"3162/6647",2
"GO:0006006","glucose metabolic process","4/51","206/18860",0.0194174757281553,7.18065867123548,4.64455328008303,0.00231273422635017,0.0113328887354909,0.00599569047394391,"2908/1432/7124/3643",4
"GO:0071677","positive regulation of mononuclear cell migration","3/51","98/18860",0.0306122448979592,11.3205282112845,5.333802891129,0.00236473047108967,0.0115143416187235,0.00609168853312018,"7124/3627/6347",3
"GO:1990868","response to chemokine","3/51","98/18860",0.0306122448979592,11.3205282112845,5.333802891129,0.00236473047108967,0.0115143416187235,0.00609168853312018,"1843/3627/6347",3
"GO:1990869","cellular response to chemokine","3/51","98/18860",0.0306122448979592,11.3205282112845,5.333802891129,0.00236473047108967,0.0115143416187235,0.00609168853312018,"1843/3627/6347",3
"GO:0010875","positive regulation of cholesterol efflux","2/51","27/18860",0.0740740740740741,27.3928830791576,7.14612367017871,0.00240992365333408,0.0116362004014541,0.00615615819834295,"5468/4790",2
"GO:0036296","response to increased oxygen levels","2/51","27/18860",0.0740740740740741,27.3928830791576,7.14612367017871,0.00240992365333408,0.0116362004014541,0.00615615819834295,"6648/847",2
"GO:0090280","positive regulation of calcium ion import","2/51","27/18860",0.0740740740740741,27.3928830791576,7.14612367017871,0.00240992365333408,0.0116362004014541,0.00615615819834295,"1392/6347",2
"GO:1902993","positive regulation of amyloid precursor protein catabolic process","2/51","27/18860",0.0740740740740741,27.3928830791576,7.14612367017871,0.00240992365333408,0.0116362004014541,0.00615615819834295,"7124/5970",2
"GO:0006839","mitochondrial transport","3/51","99/18860",0.0303030303030303,11.2061794414736,5.30169049104053,0.00243401197246663,0.0116933561608941,0.0061863965824305,"3303/3320/2729",3
"GO:0010657","muscle cell apoptotic process","3/51","99/18860",0.0303030303030303,11.2061794414736,5.30169049104053,0.00243401197246663,0.0116933561608941,0.0061863965824305,"3320/6648/5468",3
"GO:0061136","regulation of proteasomal protein catabolic process","4/51","209/18860",0.0191387559808612,7.07758701566751,4.60060378769905,0.00243696027443243,0.0116933561608941,0.0061863965824305,"3303/3304/3326/2729",4
"GO:0045862","positive regulation of proteolysis","4/51","210/18860",0.019047619047619,7.04388422035481,4.58614657213011,0.00247937119491568,0.0118475956891623,0.00626799735447792,"3303/3304/2729/7124",4
"GO:0060759","regulation of response to cytokine stimulus","4/51","210/18860",0.019047619047619,7.04388422035481,4.58614657213011,0.00247937119491568,0.0118475956891623,0.00626799735447792,"3303/3304/3569/5468",4
"GO:0060395","SMAD protein signal transduction","3/51","100/18860",0.03,11.0941176470588,5.2700351296275,0.00250454104697876,0.0119431420174111,0.00631854635601427,"2353/3725/5468",3
"GO:0141193","nuclear receptor-mediated signaling pathway","4/51","211/18860",0.018957345971564,7.01050088281758,4.57178379095336,0.00252228833736624,0.0120029721291573,0.00635019961225141,"2908/4306/5187/5468",4
"GO:0002675","positive regulation of acute inflammatory response","2/51","28/18860",0.0714285714285714,26.4145658263305,7.00769276113297,0.00259082676233471,0.0121784687728483,0.00644304650939708,"3569/7124",2
"GO:0034698","response to gonadotropin","2/51","28/18860",0.0714285714285714,26.4145658263305,7.00769276113297,0.00259082676233471,0.0121784687728483,0.00644304650939708,"2729/2730",2
"GO:0036037","CD8-positive, alpha-beta T cell activation","2/51","28/18860",0.0714285714285714,26.4145658263305,7.00769276113297,0.00259082676233471,0.0121784687728483,0.00644304650939708,"8651/3659",2
"GO:0045662","negative regulation of myoblast differentiation","2/51","28/18860",0.0714285714285714,26.4145658263305,7.00769276113297,0.00259082676233471,0.0121784687728483,0.00644304650939708,"7124/3627",2
"GO:0051882","mitochondrial depolarization","2/51","28/18860",0.0714285714285714,26.4145658263305,7.00769276113297,0.00259082676233471,0.0121784687728483,0.00644304650939708,"2729/2730",2
"GO:0060586","multicellular organismal-level iron ion homeostasis","2/51","28/18860",0.0714285714285714,26.4145658263305,7.00769276113297,0.00259082676233471,0.0121784687728483,0.00644304650939708,"3162/6648",2
"GO:0046330","positive regulation of JNK cascade","3/51","102/18860",0.0294117647058824,10.876585928489,5.20805103984804,0.00264937244930411,0.0124031472880201,0.00656191318713093,"4616/10912/7124",3
"GO:0051928","positive regulation of calcium ion transport","3/51","102/18860",0.0294117647058824,10.876585928489,5.20805103984804,0.00264937244930411,0.0124031472880201,0.00656191318713093,"1392/3627/6347",3
"GO:0009746","response to hexose","4/51","215/18860",0.0186046511627907,6.88007295941632,4.51525535109925,0.00269908011537692,0.0126102771382387,0.00667149570389352,"1392/2729/2730/7124",4
"GO:0032755","positive regulation of interleukin-6 production","3/51","103/18860",0.029126213592233,10.7709880068532,5.17770101318826,0.00272368983201585,0.0126995477420052,0.00671872451916721,"3569/7124/5970",3
"GO:0002295","T-helper cell lineage commitment","2/51","29/18860",0.0689655172413793,25.5037187288709,6.87631670655132,0.0027779418515014,0.0127682797351138,0.0067550873359172,"9021/3569",2
"GO:0042634","regulation of hair cycle","2/51","29/18860",0.0689655172413793,25.5037187288709,6.87631670655132,0.0027779418515014,0.0127682797351138,0.0067550873359172,"5187/7124",2
"GO:0060333","type II interferon-mediated signaling pathway","2/51","29/18860",0.0689655172413793,25.5037187288709,6.87631670655132,0.0027779418515014,0.0127682797351138,0.0067550873359172,"5468/3659",2
"GO:0070102","interleukin-6-mediated signaling pathway","2/51","29/18860",0.0689655172413793,25.5037187288709,6.87631670655132,0.0027779418515014,0.0127682797351138,0.0067550873359172,"9021/3569",2
"GO:0071549","cellular response to dexamethasone stimulus","2/51","29/18860",0.0689655172413793,25.5037187288709,6.87631670655132,0.0027779418515014,0.0127682797351138,0.0067550873359172,"2908/1392",2
"GO:1900745","positive regulation of p38MAPK cascade","2/51","29/18860",0.0689655172413793,25.5037187288709,6.87631670655132,0.0027779418515014,0.0127682797351138,0.0067550873359172,"4616/10912",2
"GO:0044703","multi-organism reproductive process","4/51","217/18860",0.0184331797235023,6.81666214873046,4.48753006746593,0.00279059246066024,0.0127682797351138,0.0067550873359172,"3291/1392/2353/6647",4
"GO:0032602","chemokine production","3/51","104/18860",0.0288461538461538,10.6674208144796,5.14776539596056,0.00279928489859948,0.0127682797351138,0.0067550873359172,"3162/3569/7124",3
"GO:0032642","regulation of chemokine production","3/51","104/18860",0.0288461538461538,10.6674208144796,5.14776539596056,0.00279928489859948,0.0127682797351138,0.0067550873359172,"3162/3569/7124",3
"GO:0043255","regulation of carbohydrate biosynthetic process","3/51","104/18860",0.0288461538461538,10.6674208144796,5.14776539596056,0.00279928489859948,0.0127682797351138,0.0067550873359172,"2908/3643/4790",3
"GO:1905954","positive regulation of lipid localization","3/51","104/18860",0.0288461538461538,10.6674208144796,5.14776539596056,0.00279928489859948,0.0127682797351138,0.0067550873359172,"1392/5468/4790",3
"GO:0062012","regulation of small molecule metabolic process","5/51","360/18860",0.0138888888888889,5.13616557734205,4.12595861204191,0.00281831318869775,0.0128297176321783,0.00678759119462139,"2908/7124/5468/3643/4790",5
"GO:0050886","endocrine process","3/51","105/18860",0.0285714285714286,10.5658263305322,5.11823441023557,0.00287616496656584,0.01306730067487,0.00691328504189054,"3291/1392/5468",3
"GO:2000060","positive regulation of ubiquitin-dependent protein catabolic process","3/51","106/18860",0.0283018867924528,10.4661487236404,5.08909860009236,0.00295433727028906,0.0133960911980887,0.00708723241347392,"3303/3304/2729",3
"GO:0046685","response to arsenic-containing substance","2/51","30/18860",0.0666666666666667,24.6535947712418,6.7514053685387,0.0029712353427376,0.0134199827221886,0.00709987227845425,"3162/2729",2
"GO:0060142","regulation of syncytium formation by plasma membrane fusion","2/51","30/18860",0.0666666666666667,24.6535947712418,6.7514053685387,0.0029712353427376,0.0134199827221886,0.00709987227845425,"1432/3627",2
"GO:0008585","female gonad development","3/51","107/18860",0.0280373831775701,10.3683342495877,5.06034881808196,0.00303380896146948,0.0136758419591242,0.00723523518771505,"1051/6647/3643",3
"GO:0034250","positive regulation of amide metabolic process","2/51","31/18860",0.0645161290322581,23.8583175205566,6.632435655975,0.00317067378793183,0.0142371889154605,0.00753221706737851,"7124/5970",2
"GO:0045672","positive regulation of osteoclast differentiation","2/51","31/18860",0.0645161290322581,23.8583175205566,6.632435655975,0.00317067378793183,0.0142371889154605,0.00753221706737851,"2353/7124",2
"GO:1901222","regulation of non-canonical NF-kappaB signal transduction","3/51","109/18860",0.0275229357798165,10.1780895844576,5.00397221459174,0.00319667870239721,0.0143260863012287,0.00757924843082425,"4306/7124/5970",3
"GO:0014013","regulation of gliogenesis","3/51","110/18860",0.0272727272727273,10.0855614973262,4.97632852815771,0.00328009064631384,0.0145874610759052,0.00771752934782907,"3569/7124/5970",3
"GO:0035249","synaptic transmission, glutamatergic","3/51","110/18860",0.0272727272727273,10.0855614973262,4.97632852815771,0.00328009064631384,0.0145874610759052,0.00771752934782907,"2908/7124/6347",3
"GO:0044706","multi-multicellular organism process","4/51","227/18860",0.0176211453744493,6.51636866200225,4.35397954417697,0.00328028262495442,0.0145874610759052,0.00771752934782907,"3291/1392/2353/6647",4
"GO:0045619","regulation of lymphocyte differentiation","4/51","227/18860",0.0176211453744493,6.51636866200225,4.35397954417697,0.00328028262495442,0.0145874610759052,0.00771752934782907,"7704/8651/6647/3659",4
"GO:0043367","CD4-positive, alpha-beta T cell differentiation","3/51","111/18860",0.027027027027027,9.99470058293588,4.94903711734654,0.00336482976693811,0.0148708486422703,0.00786745618217348,"8651/9021/3569",3
"GO:0046545","development of primary female sexual characteristics","3/51","111/18860",0.027027027027027,9.99470058293588,4.94903711734654,0.00336482976693811,0.0148708486422703,0.00786745618217348,"1051/6647/3643",3
"GO:0010575","positive regulation of vascular endothelial growth factor production","2/51","32/18860",0.0625,23.1127450980392,6.51894203033752,0.00337622386852238,0.0148708486422703,0.00786745618217348,"3569/5970",2
"GO:0043373","CD4-positive, alpha-beta T cell lineage commitment","2/51","32/18860",0.0625,23.1127450980392,6.51894203033752,0.00337622386852238,0.0148708486422703,0.00786745618217348,"9021/3569",2
"GO:0090025","regulation of monocyte chemotaxis","2/51","32/18860",0.0625,23.1127450980392,6.51894203033752,0.00337622386852238,0.0148708486422703,0.00786745618217348,"1843/3627",2
"GO:0002526","acute inflammatory response","3/51","112/18860",0.0267857142857143,9.90546218487395,4.92209019677935,0.00345090280947454,0.0151708260652709,0.00802615991777536,"1051/3569/7124",3
"GO:0043123","positive regulation of canonical NF-kappaB signal transduction","4/51","232/18860",0.0172413793103448,6.37592968221771,4.29018502231922,0.00354584081797315,0.0155585562887491,0.00823128947138054,"3162/7124/3643/5970",4
"GO:0031116","positive regulation of microtubule polymerization","2/51","33/18860",0.0606060606060606,22.4123588829471,6.41050860524596,0.00358785239506334,0.0156719249293068,0.00829126740764203,"3303/3304",2
"GO:0097345","mitochondrial outer membrane permeabilization","2/51","33/18860",0.0606060606060606,22.4123588829471,6.41050860524596,0.00358785239506334,0.0156719249293068,0.00829126740764203,"3303/2729",2
"GO:0002696","positive regulation of leukocyte activation","5/51","381/18860",0.0131233595800525,4.85306983685863,3.95632263602088,0.00359204865147457,0.0156719249293068,0.00829126740764203,"7704/8651/3569/7124/6347",5
"GO:0045445","myoblast differentiation","3/51","114/18860",0.0263157894736842,9.73168214654283,4.86919987733222,0.00362707724185965,0.0157948948570039,0.008356324926628,"1432/7124/3627",3
"GO:0050866","negative regulation of cell activation","4/51","235/18860",0.0170212765957447,6.29453483521068,4.25280202037874,0.00371201586186961,0.0160962073161365,0.00851573496612164,"1051/8651/2729/3659",4
"GO:0042116","macrophage activation","3/51","115/18860",0.0260869565217391,9.64705882352941,4.84324207217369,0.00371719172422042,0.0160962073161365,0.00851573496612164,"3725/3569/7124",3
"GO:2001243","negative regulation of intrinsic apoptotic signaling pathway","3/51","115/18860",0.0260869565217391,9.64705882352941,4.84324207217369,0.00371719172422042,0.0160962073161365,0.00851573496612164,"3303/3315/6648",3
"GO:0002363","alpha-beta T cell lineage commitment","2/51","34/18860",0.0588235294117647,21.7531718569781,6.30676253285188,0.00380552630679209,0.0164171116188339,0.00868551011486242,"9021/3569",2
"GO:0090169","regulation of spindle assembly","2/51","34/18860",0.0588235294117647,21.7531718569781,6.30676253285188,0.00380552630679209,0.0164171116188339,0.00868551011486242,"3303/3304",2
"GO:0042180","ketone metabolic process","4/51","237/18860",0.0168776371308017,6.24141639778274,4.22823950439832,0.00382569772955814,0.0164733402235451,0.00871525798563912,"3291/1584/1728/5468",4
"GO:0019079","viral genome replication","3/51","117/18860",0.0256410256410256,9.48215183509301,4.7922667681993,0.00390150736241262,0.0167373215473017,0.00885491790334307,"3576/7124/6347",3
"GO:1901800","positive regulation of proteasomal protein catabolic process","3/51","117/18860",0.0256410256410256,9.48215183509301,4.7922667681993,0.00390150736241262,0.0167373215473017,0.00885491790334307,"3303/3304/2729",3
"GO:0010594","regulation of endothelial cell migration","4/51","239/18860",0.0167364016736402,6.18918697185987,4.20395767130893,0.00394172532045309,0.0168784824482481,0.00892959939796031,"3315/3162/7124/5468",4
"GO:0030336","negative regulation of cell migration","5/51","391/18860",0.0127877237851662,4.72895040369089,3.87984932757745,0.00400979804349444,0.0170319099727561,0.00901077057757779,"1843/3162/7124/6347/5468",5
"GO:0000096","sulfur amino acid metabolic process","2/51","35/18860",0.0571428571428571,21.1316526610644,6.20736843642511,0.00402921267119793,0.0170319099727561,0.00901077057757779,"2729/2730",2
"GO:0003299","muscle hypertrophy in response to stress","2/51","35/18860",0.0571428571428571,21.1316526610644,6.20736843642511,0.00402921267119793,0.0170319099727561,0.00901077057757779,"28999/5468",2
"GO:0010661","positive regulation of muscle cell apoptotic process","2/51","35/18860",0.0571428571428571,21.1316526610644,6.20736843642511,0.00402921267119793,0.0170319099727561,0.00901077057757779,"6648/5468",2
"GO:0014887","cardiac muscle adaptation","2/51","35/18860",0.0571428571428571,21.1316526610644,6.20736843642511,0.00402921267119793,0.0170319099727561,0.00901077057757779,"28999/5468",2
"GO:0014898","cardiac muscle hypertrophy in response to stress","2/51","35/18860",0.0571428571428571,21.1316526610644,6.20736843642511,0.00402921267119793,0.0170319099727561,0.00901077057757779,"28999/5468",2
"GO:0048566","embryonic digestive tract development","2/51","35/18860",0.0571428571428571,21.1316526610644,6.20736843642511,0.00402921267119793,0.0170319099727561,0.00901077057757779,"3576/7124",2
"GO:0007088","regulation of mitotic nuclear division","3/51","119/18860",0.0252100840336134,9.32278793870489,4.74250169269762,0.00409131384367545,0.0172628013733143,0.00913292419640819,"1843/7124/3643",3
"GO:0010821","regulation of mitochondrion organization","3/51","120/18860",0.025,9.24509803921569,4.71805738529312,0.0041882915901,0.0176397390327569,0.00933234391954668,"3303/2729/5468",3
"GO:0006536","glutamate metabolic process","2/51","36/18860",0.0555555555555556,20.5446623093682,6.11202369897095,0.00425887868359218,0.0177427653460844,0.00938685022414388,"2729/2730",2
"GO:0032373","positive regulation of sterol transport","2/51","36/18860",0.0555555555555556,20.5446623093682,6.11202369897095,0.00425887868359218,0.0177427653460844,0.00938685022414388,"5468/4790",2
"GO:0032376","positive regulation of cholesterol transport","2/51","36/18860",0.0555555555555556,20.5446623093682,6.11202369897095,0.00425887868359218,0.0177427653460844,0.00938685022414388,"5468/4790",2
"GO:0032570","response to progesterone","2/51","36/18860",0.0555555555555556,20.5446623093682,6.11202369897095,0.00425887868359218,0.0177427653460844,0.00938685022414388,"2353/5970",2
"GO:0043369","CD4-positive or CD8-positive, alpha-beta T cell lineage commitment","2/51","36/18860",0.0555555555555556,20.5446623093682,6.11202369897095,0.00425887868359218,0.0177427653460844,0.00938685022414388,"9021/3569",2
"GO:1902176","negative regulation of oxidative stress-induced intrinsic apoptotic signaling pathway","2/51","36/18860",0.0555555555555556,20.5446623093682,6.11202369897095,0.00425887868359218,0.0177427653460844,0.00938685022414388,"3315/6648",2
"GO:0019218","regulation of steroid metabolic process","3/51","121/18860",0.0247933884297521,9.16869227029655,4.69389726866093,0.0042866604215401,0.0178263283836298,0.00943105943857093,"2908/7124/4790",3
"GO:0030162","regulation of proteolysis","5/51","398/18860",0.0125628140703518,4.64577790915361,3.82784141459943,0.00432226759964563,0.0179420748560829,0.00949229537218654,"3303/3304/3326/2729/7124",5
"GO:0050867","positive regulation of cell activation","5/51","401/18860",0.0124688279301746,4.61102146594299,3.80592071321962,0.00446138450310915,0.0184863113701543,0.00978022493358522,"7704/8651/3569/7124/6347",5
"GO:1903050","regulation of proteolysis involved in protein catabolic process","4/51","248/18860",0.0161290322580645,5.96457938013915,4.09801310330955,0.00449348963564235,0.0185568636255749,0.00981755076423737,"3303/3304/3326/2729",4
"GO:0071676","negative regulation of mononuclear cell migration","2/51","37/18860",0.0540540540540541,19.9894011658718,6.02045445651768,0.00449449166667953,0.0185568636255749,0.00981755076423737,"1843/6347",2
"GO:0019318","hexose metabolic process","4/51","249/18860",0.0160642570281124,5.94062524608237,4.08656392926842,0.00455784720964045,0.0187848417140181,0.0099381630886897,"2908/1432/7124/3643",4
"GO:0046634","regulation of alpha-beta T cell activation","3/51","124/18860",0.0241935483870968,8.94686907020873,4.62306528697409,0.00459017270671058,0.018884346893205,0.00999080652928843,"7704/8651/3659",3
"GO:0050821","protein stabilization","4/51","250/18860",0.016,5.91686274509804,4.07517691949492,0.0046228251221962,0.0189848405374178,0.0100439729195497,"3303/3304/3320/3326",4
"GO:2000146","negative regulation of cell motility","5/51","406/18860",0.0123152709359606,4.55423548729837,3.76986260629884,0.00470032878614231,0.0192688434074892,0.0101942252817146,"1843/3162/7124/6347/5468",5
"GO:0030224","monocyte differentiation","2/51","38/18860",0.0526315789473684,19.4633642930857,5.93241217478132,0.00473601907013073,0.019312247374314,0.0102171882487477,"3725/5468",2
"GO:0031112","positive regulation of microtubule polymerization or depolymerization","2/51","38/18860",0.0526315789473684,19.4633642930857,5.93241217478132,0.00473601907013073,0.019312247374314,0.0102171882487477,"3303/3304",2
"GO:1900017","positive regulation of cytokine production involved in inflammatory response","2/51","38/18860",0.0526315789473684,19.4633642930857,5.93241217478132,0.00473601907013073,0.019312247374314,0.0102171882487477,"3569/7124",2
"GO:0043500","muscle adaptation","3/51","126/18860",0.0238095238095238,8.80485527544351,4.57716358469291,0.00479957702229461,0.019502506632845,0.0103178453407371,"28999/3162/5468",3
"GO:0046660","female sex differentiation","3/51","126/18860",0.0238095238095238,8.80485527544351,4.57716358469291,0.00479957702229461,0.019502506632845,0.0103178453407371,"1051/6647/3643",3
"GO:0042177","negative regulation of protein catabolic process","3/51","127/18860",0.0236220472440945,8.73552570634553,4.55459319247165,0.00490641501694924,0.0198318841665829,0.0104921032715663,"3326/1728/5970",3
"GO:0042303","molting cycle","3/51","127/18860",0.0236220472440945,8.73552570634553,4.55459319247165,0.00490641501694924,0.0198318841665829,0.0104921032715663,"5187/7124/5970",3
"GO:0042633","hair cycle","3/51","127/18860",0.0236220472440945,8.73552570634553,4.55459319247165,0.00490641501694924,0.0198318841665829,0.0104921032715663,"5187/7124/5970",3
"GO:0141091","transforming growth factor beta receptor superfamily signaling pathway","5/51","411/18860",0.0121654501216545,4.49883116263537,3.73438462692515,0.00494828598855291,0.0199661609468184,0.0105631427065171,"2353/3725/3303/3326/5468",5
"GO:0002274","myeloid leukocyte activation","4/51","255/18860",0.0156862745098039,5.80084582852749,4.01915335659696,0.0049571164194463,0.0199668842863561,0.0105635253909391,"3725/3576/3569/7124",4
"GO:0023019","signal transduction involved in regulation of gene expression","2/51","39/18860",0.0512820512820513,18.964303670186,5.84767071138682,0.00498342847015659,0.0199683210227802,0.010564285499601,"4790/5970",2
"GO:0034391","regulation of smooth muscle cell apoptotic process","2/51","39/18860",0.0512820512820513,18.964303670186,5.84767071138682,0.00498342847015659,0.0199683210227802,0.010564285499601,"6648/5468",2
"GO:0045589","regulation of regulatory T cell differentiation","2/51","39/18860",0.0512820512820513,18.964303670186,5.84767071138682,0.00498342847015659,0.0199683210227802,0.010564285499601,"8651/3659",2
"GO:0006766","vitamin metabolic process","2/51","40/18860",0.05,18.4901960784314,5.76602378427838,0.00523668756908322,0.0206956762148015,0.010949094412647,"7124/4790",2
"GO:0032885","regulation of polysaccharide biosynthetic process","2/51","40/18860",0.05,18.4901960784314,5.76602378427838,0.00523668756908322,0.0206956762148015,0.010949094412647,"3643/4790",2
"GO:0034390","smooth muscle cell apoptotic process","2/51","40/18860",0.05,18.4901960784314,5.76602378427838,0.00523668756908322,0.0206956762148015,0.010949094412647,"6648/5468",2
"GO:0042307","positive regulation of protein import into nucleus","2/51","40/18860",0.05,18.4901960784314,5.76602378427838,0.00523668756908322,0.0206956762148015,0.010949094412647,"3320/1432",2
"GO:0043243","positive regulation of protein-containing complex disassembly","2/51","40/18860",0.05,18.4901960784314,5.76602378427838,0.00523668756908322,0.0206956762148015,0.010949094412647,"7124/3643",2
"GO:0070498","interleukin-1-mediated signaling pathway","2/51","40/18860",0.05,18.4901960784314,5.76602378427838,0.00523668756908322,0.0206956762148015,0.010949094412647,"3569/5970",2
"GO:1902110","positive regulation of mitochondrial membrane permeability involved in apoptotic process","2/51","40/18860",0.05,18.4901960784314,5.76602378427838,0.00523668756908322,0.0206956762148015,0.010949094412647,"3303/2729",2
"GO:1904385","cellular response to angiotensin","2/51","40/18860",0.05,18.4901960784314,5.76602378427838,0.00523668756908322,0.0206956762148015,0.010949094412647,"4790/5970",2
"GO:0007005","mitochondrion organization","5/51","417/18860",0.0119904076738609,4.43409977900033,3.69255284253992,0.00525798989559959,0.0207443430411006,0.0109748417074143,"3303/6648/2729/2730/5468",5
"GO:0002761","regulation of myeloid leukocyte differentiation","3/51","132/18860",0.0227272727272727,8.40463458110517,4.44535512718346,0.00546218194070579,0.0215131670975238,0.0113815898171703,"1051/2353/7124",3
"GO:0032728","positive regulation of interferon-beta production","2/51","41/18860",0.0487804878048781,18.0392156862745,5.68728278155544,0.00549576419492871,0.0215718091188698,0.0114126145114882,"3320/3659",2
"GO:0072539","T-helper 17 cell differentiation","2/51","41/18860",0.0487804878048781,18.0392156862745,5.68728278155544,0.00549576419492871,0.0215718091188698,0.0114126145114882,"9021/3569",2
"GO:0040013","negative regulation of locomotion","5/51","424/18860",0.0117924528301887,4.36089530151683,3.64473642603584,0.00563646938066118,0.0220865387615721,0.0116849333957054,"1843/3162/7124/6347/5468",5
"GO:0002360","T cell lineage commitment","2/51","42/18860",0.0476190476190476,17.609710550887,5.61127485960281,0.00576062630098097,0.0224207849960608,0.0118617671237027,"9021/3569",2
"GO:0046717","acid secretion","2/51","42/18860",0.0476190476190476,17.609710550887,5.61127485960281,0.00576062630098097,0.0224207849960608,0.0118617671237027,"6446/7124",2
"GO:0097242","amyloid-beta clearance","2/51","42/18860",0.0476190476190476,17.609710550887,5.61127485960281,0.00576062630098097,0.0224207849960608,0.0118617671237027,"7124/3643",2
"GO:1902686","mitochondrial outer membrane permeabilization involved in programmed cell death","2/51","42/18860",0.0476190476190476,17.609710550887,5.61127485960281,0.00576062630098097,0.0224207849960608,0.0118617671237027,"3303/2729",2
"GO:0050870","positive regulation of T cell activation","4/51","267/18860",0.0149812734082397,5.54013365645884,3.89055087985109,0.0058250111862754,0.0226332084476829,0.0119741502322868,"7704/8651/3569/6347",4
"GO:0021782","glial cell development","3/51","136/18860",0.0220588235294118,8.15743944636678,4.36203740627584,0.00593300270644375,0.0229754534336781,0.0121552157178996,"6647/3569/7124",3
"GO:0046718","symbiont entry into host cell","3/51","136/18860",0.0220588235294118,8.15743944636678,4.36203740627584,0.00593300270644375,0.0229754534336781,0.0121552157178996,"3303/3304/3643",3
"GO:0014002","astrocyte development","2/51","43/18860",0.0465116279069767,17.2001823985408,5.5378412857018,0.00603124196537701,0.0231615748021467,0.012253683649772,"3569/7124",2
"GO:0032965","regulation of collagen biosynthetic process","2/51","43/18860",0.0465116279069767,17.2001823985408,5.5378412857018,0.00603124196537701,0.0231615748021467,0.012253683649772,"28999/3569",2
"GO:0045066","regulatory T cell differentiation","2/51","43/18860",0.0465116279069767,17.2001823985408,5.5378412857018,0.00603124196537701,0.0231615748021467,0.012253683649772,"8651/3659",2
"GO:1904706","negative regulation of vascular associated smooth muscle cell proliferation","2/51","43/18860",0.0465116279069767,17.2001823985408,5.5378412857018,0.00603124196537701,0.0231615748021467,0.012253683649772,"6648/5468",2
"GO:2000008","regulation of protein localization to cell surface","2/51","43/18860",0.0465116279069767,17.2001823985408,5.5378412857018,0.00603124196537701,0.0231615748021467,0.012253683649772,"3326/7124",2
"GO:0046883","regulation of hormone secretion","4/51","272/18860",0.0147058823529412,5.43829296424452,3.83924344183675,0.00621479616753501,0.0238268265027754,0.0126056365699259,"1392/3569/7124/5468",4
"GO:0039531","regulation of cytoplasmic pattern recognition receptor signaling pathway","3/51","139/18860",0.0215827338129496,7.98137960220059,4.30175523945744,0.00630161657098957,0.0239045865906358,0.0126467757206684,"3303/3304/5599",3
"GO:1903052","positive regulation of proteolysis involved in protein catabolic process","3/51","139/18860",0.0215827338129496,7.98137960220059,4.30175523945744,0.00630161657098957,0.0239045865906358,0.0126467757206684,"3303/3304/2729",3
"GO:0035794","positive regulation of mitochondrial membrane permeability","2/51","44/18860",0.0454545454545455,16.8092691622103,5.46683598881807,0.00630757939068336,0.0239045865906358,0.0126467757206684,"3303/2729",2
"GO:0044058","regulation of digestive system process","2/51","44/18860",0.0454545454545455,16.8092691622103,5.46683598881807,0.00630757939068336,0.0239045865906358,0.0126467757206684,"6446/1392",2
"GO:0060236","regulation of mitotic spindle organization","2/51","44/18860",0.0454545454545455,16.8092691622103,5.46683598881807,0.00630757939068336,0.0239045865906358,0.0126467757206684,"3303/3304",2
"GO:0060251","regulation of glial cell proliferation","2/51","44/18860",0.0454545454545455,16.8092691622103,5.46683598881807,0.00630757939068336,0.0239045865906358,0.0126467757206684,"3569/7124",2
"GO:0071548","response to dexamethasone","2/51","44/18860",0.0454545454545455,16.8092691622103,5.46683598881807,0.00630757939068336,0.0239045865906358,0.0126467757206684,"2908/1392",2
"GO:0043254","regulation of protein-containing complex assembly","5/51","438/18860",0.0114155251141553,4.22150595397977,3.55213260170071,0.00645078079693946,0.0244072165235021,0.0129126932259703,"3303/3304/3320/7124/5599",5
"GO:0030168","platelet activation","3/51","141/18860",0.0212765957446809,7.86816854401335,4.26256233813458,0.00655481089190736,0.0247602349239316,0.0130994584109097,"3315/1432/3569",3
"GO:0042554","superoxide anion generation","2/51","45/18860",0.0444444444444444,16.4357298474946,5.39812428834448,0.00658960690347783,0.024810461228755,0.0131260307513253,"6647/6648",2
"GO:2000573","positive regulation of DNA biosynthetic process","2/51","45/18860",0.0444444444444444,16.4357298474946,5.39812428834448,0.00658960690347783,0.024810461228755,0.0131260307513253,"3320/7124",2
"GO:0006790","sulfur compound metabolic process","4/51","277/18860",0.0144404332129964,5.34012883131592,3.78918803572327,0.0066216238149991,0.0248904035260878,0.0131683244049356,"6647/6648/2729/2730",4
"GO:0030879","mammary gland development","3/51","142/18860",0.0211267605633803,7.81275890637945,4.24325406520023,0.00668365738344648,0.0250827337251943,0.0132700771327307,"2908/1051/4790",3
"GO:0051592","response to calcium ion","3/51","143/18860",0.020979020979021,7.75812422871246,4.22413349195512,0.00681400940807481,0.0255304118731115,0.0135069222716452,"1843/2353/3725",3
"GO:0150077","regulation of neuroinflammatory response","2/51","46/18860",0.0434782608695652,16.078431372549,5.33158177553009,0.00687729295393267,0.0257257571113073,0.0136102701127048,"3569/7124",2
"GO:0050708","regulation of protein secretion","4/51","281/18860",0.0142348754448399,5.26411276254274,3.75000838286257,0.00695956962283533,0.0259914024102005,0.0137508103602265,"1392/3569/7124/5468",4
"GO:0008089","anterograde axonal transport","2/51","47/18860",0.0425531914893617,15.7363370880267,5.2670933263785,0.00717060611539887,0.0266501753854116,0.0140993356960127,"3315/6647",2
"GO:0045840","positive regulation of mitotic nuclear division","2/51","47/18860",0.0425531914893617,15.7363370880267,5.2670933263785,0.00717060611539887,0.0266501753854116,0.0140993356960127,"7124/3643",2
"GO:1990776","response to angiotensin","2/51","47/18860",0.0425531914893617,15.7363370880267,5.2670933263785,0.00717060611539887,0.0266501753854116,0.0140993356960127,"4790/5970",2
"GO:0050868","negative regulation of T cell activation","3/51","146/18860",0.0205479452054795,7.59871071716358,4.16786621490602,0.00721414235412802,0.0267688754876647,0.0141621342541691,"1051/8651/3659",3
"GO:0030518","nuclear receptor-mediated steroid hormone signaling pathway","3/51","147/18860",0.0204081632653061,7.54701880752301,4.14946506146156,0.00735055985383893,0.0271441474282564,0.0143606727249737,"2908/4306/5187",3
"GO:0043401","steroid hormone receptor signaling pathway","3/51","147/18860",0.0204081632653061,7.54701880752301,4.14946506146156,0.00735055985383893,0.0271441474282564,0.0143606727249737,"2908/4306/5187",3
"GO:0051783","regulation of nuclear division","3/51","147/18860",0.0204081632653061,7.54701880752301,4.14946506146156,0.00735055985383893,0.0271441474282564,0.0143606727249737,"1843/7124/3643",3
"GO:0000280","nuclear division","5/51","453/18860",0.011037527593819,4.0817209886162,3.45710425100964,0.00741185570271054,0.027277912680147,0.0144314415346942,"1843/3303/3304/7124/3643",5
"GO:0007020","microtubule nucleation","2/51","48/18860",0.0416666666666667,15.4084967320261,5.20455222813044,0.00746951508399173,0.027277912680147,0.0144314415346942,"3303/3304",2
"GO:0010712","regulation of collagen metabolic process","2/51","48/18860",0.0416666666666667,15.4084967320261,5.20455222813044,0.00746951508399173,0.027277912680147,0.0144314415346942,"28999/3569",2
"GO:0042119","neutrophil activation","2/51","48/18860",0.0416666666666667,15.4084967320261,5.20455222813044,0.00746951508399173,0.027277912680147,0.0144314415346942,"3576/7124",2
"GO:0042398","modified amino acid biosynthetic process","2/51","48/18860",0.0416666666666667,15.4084967320261,5.20455222813044,0.00746951508399173,0.027277912680147,0.0144314415346942,"2729/2730",2
"GO:0048247","lymphocyte chemotaxis","2/51","48/18860",0.0416666666666667,15.4084967320261,5.20455222813044,0.00746951508399173,0.027277912680147,0.0144314415346942,"3627/6347",2
"GO:0090224","regulation of spindle organization","2/51","48/18860",0.0416666666666667,15.4084967320261,5.20455222813044,0.00746951508399173,0.027277912680147,0.0144314415346942,"3303/3304",2
"GO:0010721","negative regulation of cell development","4/51","288/18860",0.0138888888888889,5.13616557734205,3.68320920560599,0.00757818551923458,0.0275874640037751,0.0145952103641244,"8651/3569/7124/3659",4
"GO:0034976","response to endoplasmic reticulum stress","4/51","288/18860",0.0138888888888889,5.13616557734205,3.68320920560599,0.00757818551923458,0.0275874640037751,0.0145952103641244,"1051/3725/3303/3576",4
"GO:0002673","regulation of acute inflammatory response","2/51","49/18860",0.0408163265306122,15.094037615046,5.14385940419546,0.00777398867817784,0.0279476103882157,0.014785746625162,"3569/7124",2
"GO:0002861","regulation of inflammatory response to antigenic stimulus","2/51","49/18860",0.0408163265306122,15.094037615046,5.14385940419546,0.00777398867817784,0.0279476103882157,0.014785746625162,"1432/7124",2
"GO:0007520","myoblast fusion","2/51","49/18860",0.0408163265306122,15.094037615046,5.14385940419546,0.00777398867817784,0.0279476103882157,0.014785746625162,"1432/3627",2
"GO:0032881","regulation of polysaccharide metabolic process","2/51","49/18860",0.0408163265306122,15.094037615046,5.14385940419546,0.00777398867817784,0.0279476103882157,0.014785746625162,"3643/4790",2
"GO:0060443","mammary gland morphogenesis","2/51","49/18860",0.0408163265306122,15.094037615046,5.14385940419546,0.00777398867817784,0.0279476103882157,0.014785746625162,"2908/4790",2
"GO:0090279","regulation of calcium ion import","2/51","49/18860",0.0408163265306122,15.094037615046,5.14385940419546,0.00777398867817784,0.0279476103882157,0.014785746625162,"1392/6347",2
"GO:1902108","regulation of mitochondrial membrane permeability involved in apoptotic process","2/51","49/18860",0.0408163265306122,15.094037615046,5.14385940419546,0.00777398867817784,0.0279476103882157,0.014785746625162,"3303/2729",2
"GO:1905710","positive regulation of membrane permeability","2/51","49/18860",0.0408163265306122,15.094037615046,5.14385940419546,0.00777398867817784,0.0279476103882157,0.014785746625162,"3303/2729",2
"GO:0071333","cellular response to glucose stimulus","3/51","151/18860",0.0198675496688742,7.34709777950916,4.07755605486437,0.00791153899924957,0.0283978724887527,0.0150239588100671,"1392/2729/2730",3
"GO:0014037","Schwann cell differentiation","2/51","50/18860",0.04,14.7921568627451,5.08492272467871,0.00808399583836324,0.0289718360169912,0.0153276155156936,"6647/5970",2
"GO:0071331","cellular response to hexose stimulus","3/51","154/18860",0.0194805194805195,7.20397249809015,4.02532846545454,0.00834845838300375,0.0298269999194623,0.0157800419167091,"1392/2729/2730",3
"GO:2001235","positive regulation of apoptotic signaling pathway","3/51","154/18860",0.0194805194805195,7.20397249809015,4.02532846545454,0.00834845838300375,0.0298269999194623,0.0157800419167091,"6647/7124/5468",3
"GO:0035272","exocrine system development","2/51","51/18860",0.0392156862745098,14.5021145713187,5.02765639154738,0.0083995056264828,0.0299167576943245,0.0158275284709552,"7124/3643",2
"GO:0043368","positive T cell selection","2/51","51/18860",0.0392156862745098,14.5021145713187,5.02765639154738,0.0083995056264828,0.0299167576943245,0.0158275284709552,"9021/3569",2
"GO:0032368","regulation of lipid transport","3/51","155/18860",0.0193548387096774,7.15749525616698,4.00823008851229,0.00849720130913269,0.0301716009561204,0.0159623538762655,"1392/5468/4790",3
"GO:0055123","digestive system development","3/51","155/18860",0.0193548387096774,7.15749525616698,4.00823008851229,0.00849720130913269,0.0301716009561204,0.0159623538762655,"3576/7124/3643",3
"GO:0030218","erythrocyte differentiation","3/51","156/18860",0.0192307692307692,7.11161387631976,3.99128303047498,0.00864750189975525,0.0306110956819557,0.0161948695571781,"3303/3304/1432",3
"GO:0071326","cellular response to monosaccharide stimulus","3/51","156/18860",0.0192307692307692,7.11161387631976,3.99128303047498,0.00864750189975525,0.0306110956819557,0.0161948695571781,"1392/2729/2730",3
"GO:0051100","negative regulation of binding","2/51","52/18860",0.0384615384615385,14.2232277526395,4.97198038906838,0.00872048722559095,0.0306812263973535,0.0162319723711257,"3725/5599",2
"GO:0051403","stress-activated MAPK cascade","2/51","52/18860",0.0384615384615385,14.2232277526395,4.97198038906838,0.00872048722559095,0.0306812263973535,0.0162319723711257,"1432/5599",2
"GO:1902003","regulation of amyloid-beta formation","2/51","52/18860",0.0384615384615385,14.2232277526395,4.97198038906838,0.00872048722559095,0.0306812263973535,0.0162319723711257,"7124/5970",2
"GO:1905562","regulation of vascular endothelial cell proliferation","2/51","52/18860",0.0384615384615385,14.2232277526395,4.97198038906838,0.00872048722559095,0.0306812263973535,0.0162319723711257,"6347/5468",2
"GO:0048568","embryonic organ development","5/51","472/18860",0.0105932203389831,3.91741442339648,3.34243863459611,0.00876806102323713,0.0308016512049183,0.0162956833885365,"1051/9021/3576/6647/7124",5
"GO:0042391","regulation of membrane potential","5/51","474/18860",0.0105485232067511,3.90088524861421,3.3307164165965,0.00892019407042847,0.0312482018893512,0.0165319320403391,"6647/6648/2729/2730/7124",5
"GO:0043542","endothelial cell migration","4/51","302/18860",0.0132450331125828,4.89806518633944,3.55589189152549,0.00892225521883988,0.0312482018893512,0.0165319320403391,"3315/3162/7124/5468",4
"GO:0003254","regulation of membrane depolarization","2/51","53/18860",0.0377358490566038,13.9548649648539,4.91781999148031,0.00904690993945366,0.0313517539643529,0.0165867165003418,"2729/2730",2
"GO:0010332","response to gamma radiation","2/51","53/18860",0.0377358490566038,13.9548649648539,4.91781999148031,0.00904690993945366,0.0313517539643529,0.0165867165003418,"6648/3627",2
"GO:0050873","brown fat cell differentiation","2/51","53/18860",0.0377358490566038,13.9548649648539,4.91781999148031,0.00904690993945366,0.0313517539643529,0.0165867165003418,"1051/1432",2
"GO:0050922","negative regulation of chemotaxis","2/51","53/18860",0.0377358490566038,13.9548649648539,4.91781999148031,0.00904690993945366,0.0313517539643529,0.0165867165003418,"1843/6347",2
"GO:0071622","regulation of granulocyte chemotaxis","2/51","53/18860",0.0377358490566038,13.9548649648539,4.91781999148031,0.00904690993945366,0.0313517539643529,0.0165867165003418,"3576/6347",2
"GO:0101023","vascular endothelial cell proliferation","2/51","53/18860",0.0377358490566038,13.9548649648539,4.91781999148031,0.00904690993945366,0.0313517539643529,0.0165867165003418,"6347/5468",2
"GO:1904707","positive regulation of vascular associated smooth muscle cell proliferation","2/51","53/18860",0.0377358490566038,13.9548649648539,4.91781999148031,0.00904690993945366,0.0313517539643529,0.0165867165003418,"3725/7124",2
"GO:0141188","nucleic acid catabolic process","5/51","479/18860",0.0104384133611691,3.86016619591469,3.30168794238536,0.00930854424178229,0.0322100751274865,0.0170408132572673,"3303/3304/1432/3569/5599",5
"GO:0003044","regulation of systemic arterial blood pressure mediated by a chemical signal","2/51","54/18860",0.037037037037037,13.6964415395788,4.86510532098351,0.00937874319214167,0.0323559630604828,0.0171179955989054,"3291/6648",2
"GO:0045581","negative regulation of T cell differentiation","2/51","54/18860",0.037037037037037,13.6964415395788,4.86510532098351,0.00937874319214167,0.0323559630604828,0.0171179955989054,"8651/3659",2
"GO:0007612","learning","3/51","162/18860",0.0185185185185185,6.8482207697894,3.89264907437226,0.00958221181340644,0.0330085744258837,0.0174632611210549,"1392/2353/3643",3
"GO:0010876","lipid localization","5/51","483/18860",0.010351966873706,3.828197945845,3.27874487906228,0.00962755907179052,0.0331153596686923,0.0175197560958146,"1392/3569/7124/5468/4790",5
"GO:0032964","collagen biosynthetic process","2/51","55/18860",0.0363636363636364,13.4474153297683,4.81377095007921,0.00971595652762482,0.0333201005434741,0.0176280747197072,"28999/3569",2
"GO:0072538","T-helper 17 type immune response","2/51","55/18860",0.0363636363636364,13.4474153297683,4.81377095007921,0.00971595652762482,0.0333201005434741,0.0176280747197072,"9021/3569",2
"GO:0051896","regulation of phosphatidylinositol 3-kinase/protein kinase B signal transduction","4/51","311/18860",0.0128617363344051,4.75632053464473,3.47811673022697,0.00986391280605581,0.0337773156622801,0.017869965414688,"2289/847/7124/3643",4
"GO:0003009","skeletal muscle contraction","2/51","56/18860",0.0357142857142857,13.2072829131653,4.76375554309082,0.010058519609368,0.0341315254845912,0.0180573609240745,"3320/7124",2
"GO:0007187","G protein-coupled receptor signaling pathway, coupled to cyclic nucleotide second messenger","2/51","56/18860",0.0357142857142857,13.2072829131653,4.76375554309082,0.010058519609368,0.0341315254845912,0.0180573609240745,"4158/6347",2
"GO:0031098","stress-activated protein kinase signaling cascade","2/51","56/18860",0.0357142857142857,13.2072829131653,4.76375554309082,0.010058519609368,0.0341315254845912,0.0180573609240745,"1432/5599",2
"GO:0036230","granulocyte activation","2/51","56/18860",0.0357142857142857,13.2072829131653,4.76375554309082,0.010058519609368,0.0341315254845912,0.0180573609240745,"3576/7124",2
"GO:0045807","positive regulation of endocytosis","3/51","165/18860",0.0181818181818182,6.72370766488413,3.8451939183785,0.0100708703877845,0.0341315254845912,0.0180573609240745,"6647/6347/3643",3
"GO:0071322","cellular response to carbohydrate stimulus","3/51","165/18860",0.0181818181818182,6.72370766488413,3.8451939183785,0.0100708703877845,0.0341315254845912,0.0180573609240745,"1392/2729/2730",3
"GO:1903038","negative regulation of leukocyte cell-cell adhesion","3/51","165/18860",0.0181818181818182,6.72370766488413,3.8451939183785,0.0100708703877845,0.0341315254845912,0.0180573609240745,"1051/8651/3659",3
"GO:0062013","positive regulation of small molecule metabolic process","3/51","167/18860",0.0179640718562874,6.6431842197957,3.81420934240085,0.010404590631219,0.0350627391585305,0.0185500216290684,"7124/5468/3643",3
"GO:0010874","regulation of cholesterol efflux","2/51","57/18860",0.0350877192982456,12.9755761953904,4.71500153238361,0.0104064022199278,0.0350627391585305,0.0185500216290684,"5468/4790",2
"GO:0014888","striated muscle adaptation","2/51","57/18860",0.0350877192982456,12.9755761953904,4.71500153238361,0.0104064022199278,0.0350627391585305,0.0185500216290684,"28999/5468",2
"GO:0046638","positive regulation of alpha-beta T cell differentiation","2/51","57/18860",0.0350877192982456,12.9755761953904,4.71500153238361,0.0104064022199278,0.0350627391585305,0.0185500216290684,"7704/8651",2
"GO:1904035","regulation of epithelial cell apoptotic process","2/51","58/18860",0.0344827586206897,12.7518593644354,4.66745482538039,0.0107595742605511,0.0361998504276268,0.0191516129234913,"3162/3569",2
"GO:0000271","polysaccharide biosynthetic process","2/51","59/18860",0.0338983050847458,12.5357261548687,4.62106453896898,0.0111180057507742,0.0372428987994003,0.0197034400288718,"3643/4790",2
"GO:0002639","positive regulation of immunoglobulin production","2/51","59/18860",0.0338983050847458,12.5357261548687,4.62106453896898,0.0111180057507742,0.0372428987994003,0.0197034400288718,"3569/7124",2
"GO:0046902","regulation of mitochondrial membrane permeability","2/51","59/18860",0.0338983050847458,12.5357261548687,4.62106453896898,0.0111180057507742,0.0372428987994003,0.0197034400288718,"3303/2729",2
"GO:0007004","telomere maintenance via telomerase","2/51","60/18860",0.0333333333333333,12.3267973856209,4.57578275832428,0.0114816668280235,0.0382943454321939,0.0202597102532814,"3320/3326",2
"GO:0034205","amyloid-beta formation","2/51","60/18860",0.0333333333333333,12.3267973856209,4.57578275832428,0.0114816668280235,0.0382943454321939,0.0202597102532814,"7124/5970",2
"GO:1902991","regulation of amyloid precursor protein catabolic process","2/51","60/18860",0.0333333333333333,12.3267973856209,4.57578275832428,0.0114816668280235,0.0382943454321939,0.0202597102532814,"7124/5970",2
"GO:0007162","negative regulation of cell adhesion","4/51","326/18860",0.0122699386503067,4.53747143028991,3.35489341221234,0.0115732982566561,0.0385442602833512,0.020391928271772,"1843/1051/8651/3659",4
"GO:0060986","endocrine hormone secretion","2/51","61/18860",0.0327868852459016,12.124718739955,4.53156431753512,0.0118505277472175,0.0394106888192768,0.0208503142526503,"1392/5468",2
"GO:0046879","hormone secretion","4/51","331/18860",0.0120845921450151,4.46892956578402,3.31546962315931,0.01218296544358,0.0402486189670392,0.0212936230966731,"1392/3569/7124/5468",4
"GO:0001541","ovarian follicle development","2/51","62/18860",0.032258064516129,11.9291587602783,4.48836659974254,0.0122245588803702,0.0402486189670392,0.0212936230966731,"1051/6647",2
"GO:0010574","regulation of vascular endothelial growth factor production","2/51","62/18860",0.032258064516129,11.9291587602783,4.48836659974254,0.0122245588803702,0.0402486189670392,0.0212936230966731,"3569/5970",2
"GO:0032608","interferon-beta production","2/51","62/18860",0.032258064516129,11.9291587602783,4.48836659974254,0.0122245588803702,0.0402486189670392,0.0212936230966731,"3320/3659",2
"GO:0032648","regulation of interferon-beta production","2/51","62/18860",0.032258064516129,11.9291587602783,4.48836659974254,0.0122245588803702,0.0402486189670392,0.0212936230966731,"3320/3659",2
"GO:0042306","regulation of protein import into nucleus","2/51","62/18860",0.032258064516129,11.9291587602783,4.48836659974254,0.0122245588803702,0.0402486189670392,0.0212936230966731,"3320/1432",2
"GO:0043405","regulation of MAP kinase activity","2/51","62/18860",0.032258064516129,11.9291587602783,4.48836659974254,0.0122245588803702,0.0402486189670392,0.0212936230966731,"1843/7124",2
"GO:0050796","regulation of insulin secretion","3/51","179/18860",0.0167597765363128,6.19783108774236,3.63839781850871,0.0125417736996735,0.0412031310098835,0.0217986098565469,"1392/3569/7124",3
"GO:0014009","glial cell proliferation","2/51","63/18860",0.0317460317460317,11.7398070339247,4.44614935477069,0.0126037307161949,0.0412031310098835,0.0217986098565469,"3569/7124",2
"GO:0046824","positive regulation of nucleocytoplasmic transport","2/51","63/18860",0.0317460317460317,11.7398070339247,4.44614935477069,0.0126037307161949,0.0412031310098835,0.0217986098565469,"3320/1432",2
"GO:0048010","vascular endothelial growth factor receptor signaling pathway","2/51","63/18860",0.0317460317460317,11.7398070339247,4.44614935477069,0.0126037307161949,0.0412031310098835,0.0217986098565469,"3315/1432",2
"GO:0051785","positive regulation of nuclear division","2/51","63/18860",0.0317460317460317,11.7398070339247,4.44614935477069,0.0126037307161949,0.0412031310098835,0.0217986098565469,"7124/3643",2
"GO:0045333","cellular respiration","4/51","336/18860",0.0119047619047619,4.40242763772175,3.27682097641494,0.012812976877188,0.0418279358310464,0.0221291642634379,"6648/847/7124/3643",4
"GO:0017015","regulation of transforming growth factor beta receptor signaling pathway","3/51","181/18860",0.0165745856353591,6.12934676633084,3.61065590115968,0.012920637669576,0.0419836638490346,0.0222115525243456,"3303/3326/5468",3
"GO:0050806","positive regulation of synaptic transmission","3/51","181/18860",0.0165745856353591,6.12934676633084,3.61065590115968,0.012920637669576,0.0419836638490346,0.0222115525243456,"1392/7124/6347",3
"GO:0000768","syncytium formation by plasma membrane fusion","2/51","64/18860",0.03125,11.5563725490196,4.40487453246817,0.01298801385971,0.0419836638490346,0.0222115525243456,"1432/3627",2
"GO:0006518","peptide metabolic process","2/51","64/18860",0.03125,11.5563725490196,4.40487453246817,0.01298801385971,0.0419836638490346,0.0222115525243456,"2729/2730",2
"GO:0045058","T cell selection","2/51","64/18860",0.03125,11.5563725490196,4.40487453246817,0.01298801385971,0.0419836638490346,0.0222115525243456,"9021/3569",2
"GO:0045620","negative regulation of lymphocyte differentiation","2/51","64/18860",0.03125,11.5563725490196,4.40487453246817,0.01298801385971,0.0419836638490346,0.0222115525243456,"8651/3659",2
"GO:0140253","cell-cell fusion","2/51","64/18860",0.03125,11.5563725490196,4.40487453246817,0.01298801385971,0.0419836638490346,0.0222115525243456,"1432/3627",2
"GO:0043409","negative regulation of MAPK cascade","3/51","183/18860",0.0163934426229508,6.0623593699775,3.58332766421148,0.0133060268475441,0.0428224560409165,0.0226553174347638,"1843/5187/5468",3
"GO:0051250","negative regulation of lymphocyte activation","3/51","183/18860",0.0163934426229508,6.0623593699775,3.58332766421148,0.0133060268475441,0.0428224560409165,0.0226553174347638,"1051/8651/3659",3
"GO:0001961","positive regulation of cytokine-mediated signaling pathway","2/51","65/18860",0.0307692307692308,11.3785822021116,4.36450613018448,0.0133773790318461,0.0428224560409165,0.0226553174347638,"3303/3304",2
"GO:0002763","positive regulation of myeloid leukocyte differentiation","2/51","65/18860",0.0307692307692308,11.3785822021116,4.36450613018448,0.0133773790318461,0.0428224560409165,0.0226553174347638,"2353/7124",2
"GO:0042446","hormone biosynthetic process","2/51","65/18860",0.0307692307692308,11.3785822021116,4.36450613018448,0.0133773790318461,0.0428224560409165,0.0226553174347638,"2908/1584",2
"GO:0043627","response to estrogen","2/51","65/18860",0.0307692307692308,11.3785822021116,4.36450613018448,0.0133773790318461,0.0428224560409165,0.0226553174347638,"1392/3320",2
"GO:1903409","reactive oxygen species biosynthetic process","2/51","65/18860",0.0307692307692308,11.3785822021116,4.36450613018448,0.0133773790318461,0.0428224560409165,0.0226553174347638,"6647/6648",2
"GO:1903844","regulation of cellular response to transforming growth factor beta stimulus","3/51","184/18860",0.016304347826087,6.02941176470588,3.56981522385598,0.0135011735607216,0.0431588761470159,0.0228333012544643,"3303/3326/5468",3
"GO:0009914","hormone transport","4/51","343/18860",0.0116618075801749,4.31258217572743,3.22396243247515,0.0137296149178298,0.043828424938245,0.0231875275601406,"1392/3569/7124/5468",4
"GO:0140632","canonical inflammasome complex assembly","2/51","66/18860",0.0303030303030303,11.2061794414736,4.32501005298558,0.0137717970690536,0.0439023586123973,0.0232266423380374,"1432/5599",2
"GO:0001659","temperature homeostasis","3/51","186/18860",0.0161290322580645,5.96457938013915,3.54308702122884,0.0138963811203387,0.0441774760685147,0.0233721938518093,"1051/10912/7124",3
"GO:0006109","regulation of carbohydrate metabolic process","3/51","186/18860",0.0161290322580645,5.96457938013915,3.54308702122884,0.0138963811203387,0.0441774760685147,0.0233721938518093,"2908/3643/4790",3
"GO:0051251","positive regulation of lymphocyte activation","4/51","346/18860",0.0115606936416185,4.27518984472402,3.20173927555139,0.0141349601204008,0.0446819937624055,0.0236391100813602,"7704/8651/3569/6347",4
"GO:0006278","RNA-templated DNA biosynthetic process","2/51","67/18860",0.0298507462686567,11.0389230318993,4.28635398536919,0.014171238922912,0.0446819937624055,0.0236391100813602,"3320/3326",2
"GO:0006949","syncytium formation","2/51","67/18860",0.0298507462686567,11.0389230318993,4.28635398536919,0.014171238922912,0.0446819937624055,0.0236391100813602,"1432/3627",2
"GO:0031113","regulation of microtubule polymerization","2/51","67/18860",0.0298507462686567,11.0389230318993,4.28635398536919,0.014171238922912,0.0446819937624055,0.0236391100813602,"3303/3304",2
"GO:0070059","intrinsic apoptotic signaling pathway in response to endoplasmic reticulum stress","2/51","67/18860",0.0298507462686567,11.0389230318993,4.28635398536919,0.014171238922912,0.0446819937624055,0.0236391100813602,"1051/3303",2
"GO:2000351","regulation of endothelial cell apoptotic process","2/51","67/18860",0.0298507462686567,11.0389230318993,4.28635398536919,0.014171238922912,0.0446819937624055,0.0236391100813602,"7124/6347",2
"GO:0034394","protein localization to cell surface","2/51","68/18860",0.0294117647058824,10.876585928489,4.24850727337795,0.0145756756597404,0.0457696046567088,0.0242145130902956,"3326/7124",2
"GO:0050881","musculoskeletal movement","2/51","68/18860",0.0294117647058824,10.876585928489,4.24850727337795,0.0145756756597404,0.0457696046567088,0.0242145130902956,"3320/7124",2
"GO:0098930","axonal transport","2/51","68/18860",0.0294117647058824,10.876585928489,4.24850727337795,0.0145756756597404,0.0457696046567088,0.0242145130902956,"3315/6647",2
"GO:0045766","positive regulation of angiogenesis","3/51","191/18860",0.0157068062827225,5.80843855866954,3.47793764938924,0.014913152047339,0.0467656996267098,0.0247414993920384,"3315/3162/3576",3
"GO:0043525","positive regulation of neuron apoptotic process","2/51","69/18860",0.0289855072463768,10.718954248366,4.21144081612817,0.0149850784602093,0.0468639039107902,0.0247934545911323,"2908/7124",2
"GO:1905330","regulation of morphogenesis of an epithelium","2/51","69/18860",0.0289855072463768,10.718954248366,4.21144081612817,0.0149850784602093,0.0468639039107902,0.0247934545911323,"7124/3627",2
"GO:0000070","mitotic sister chromatid segregation","3/51","192/18860",0.015625,5.7781862745098,3.46518447332818,0.0151214490234283,0.0471625734406384,0.0249514663828973,"1843/3303/3304",3
"GO:0042129","regulation of T cell proliferation","3/51","192/18860",0.015625,5.7781862745098,3.46518447332818,0.0151214490234283,0.0471625734406384,0.0249514663828973,"1051/3569/3659",3
"GO:0043491","phosphatidylinositol 3-kinase/protein kinase B signal transduction","4/51","354/18860",0.0112994350282486,4.17857538495624,3.14368796920877,0.0152530062558959,0.0475086888510225,0.0251345795253061,"2289/847/7124/3643",4
"GO:0009064","glutamine family amino acid metabolic process","2/51","70/18860",0.0285714285714286,10.5658263305322,4.17512696587784,0.015399418618953,0.0477713147480425,0.0252735223514226,"2729/2730",2
"GO:0050879","multicellular organismal movement","2/51","70/18860",0.0285714285714286,10.5658263305322,4.17512696587784,0.015399418618953,0.0477713147480425,0.0252735223514226,"3320/7124",2
"GO:0051445","regulation of meiotic cell cycle","2/51","70/18860",0.0285714285714286,10.5658263305322,4.17512696587784,0.015399418618953,0.0477713147480425,0.0252735223514226,"1843/3643",2
"GO:0043270","positive regulation of monoatomic ion transport","3/51","194/18860",0.0154639175257732,5.71861734384475,3.43994547616993,0.0155429986361839,0.0481520011440435,0.0254749253521347,"1392/3627/6347",3
"GO:1904018","positive regulation of vasculature development","3/51","195/18860",0.0153846153846154,5.68929110105581,3.42745741292254,0.0157562542680697,0.0487472317033576,0.025789833428758,"3315/3162/3576",3
"GO:0045668","negative regulation of osteoblast differentiation","2/51","71/18860",0.028169014084507,10.4170118751726,4.13953943585025,0.0158186675441839,0.0488520900804614,0.0258453089908489,"7124/5468",2
"GO:0019216","regulation of lipid metabolic process","4/51","358/18860",0.0111731843575419,4.13188739182824,3.11530002471601,0.0158324798007734,0.0488520900804614,0.0258453089908489,"2908/7124/5468/4790",4
"GO:0048771","tissue remodeling","3/51","197/18860",0.0152284263959391,5.63153180053747,3.40273870003342,0.0161877343056587,0.0497853584540053,0.026339056739326,"3569/5468/4790",3
"GO:0018105","peptidyl-serine phosphorylation","2/51","72/18860",0.0277777777777778,10.2723311546841,4.10465321511135,0.0162427967573076,0.0497853584540053,0.026339056739326,"3569/5599",2
"GO:0060760","positive regulation of response to cytokine stimulus","2/51","72/18860",0.0277777777777778,10.2723311546841,4.10465321511135,0.0162427967573076,0.0497853584540053,0.026339056739326,"3303/3304",2
"GO:0141084","inflammasome-mediated signaling pathway","2/51","72/18860",0.0277777777777778,10.2723311546841,4.10465321511135,0.0162427967573076,0.0497853584540053,0.026339056739326,"1432/5599",2
"GO:2000401","regulation of lymphocyte migration","2/51","72/18860",0.0277777777777778,10.2723311546841,4.10465321511135,0.0162427967573076,0.0497853584540053,0.026339056739326,"3627/6347",2
"GO:0042742","defense response to bacterium","4/51","361/18860",0.0110803324099723,4.09755037749172,3.09427863136523,0.0162761167310687,0.0498213228319715,0.02635808377501,"1051/3569/7124/4790",4
