"category","subcategory","ID","Description","GeneRatio","BgRatio","RichFactor","FoldEnrichment","zScore","pvalue","p.adjust","qvalue","geneID","Count"
"Human Diseases","Cancer: specific types","hsa05224","Breast cancer","9/152","148/9507",0.0608108108108108,3.80347617354196,4.38138892891676,0.000596693171948044,0.127951810186062,0.121104322776723,"2246/8817/8324/3280/23462/182/53358/399694/7474",9
"Environmental Information Processing","Signaling molecules and interaction","hsa04061","Viral protein interaction with cytokine and cytokine receptor","7/152","100/9507",0.07,4.37822368421053,4.32874131682025,0.00107522529568119,0.127951810186062,0.121104322776723,"10344/1230/9547/2920/6374/3569/3572",7
