"ID","Description","GeneRatio","BgRatio","RichFactor","FoldEnrichment","zScore","pvalue","p.adjust","qvalue","geneID","Count"
"GO:0010043","response to zinc ion","8/459","53/18860",0.150943396226415,6.20216220660172,5.9897269168275,3.92579612804092e-05,3.92579612804092e-05,0.148560390319022,"MT1G/MT3/GABRB3/MT1H/AANAT/HAAO/SLC30A8/ABCC8",8
"GO:0048644","muscle organ morphogenesis","9/459","85/18860",0.105882352941176,4.35063437139562,4.88980442963695,0.000221839753150197,0.000221839753150197,0.221630730285964,"TCF15/FZD2/NRG1/S1PR1/RBPJ/SHOX2/TTN/MYH6/MYBPC3",9
"GO:0045446","endothelial cell differentiation","11/459","126/18860",0.0873015873015873,3.58716326036587,4.60191730506864,0.000259159120719169,0.000259159120719169,0.221630730285964,"STC1/FZD2/NRG1/S1PR1/ETV2/RBPJ/TJP2/BARX1/ATOH8/TJP3/CLDN1",11
"GO:0042391","regulation of membrane potential","25/459","474/18860",0.0527426160337553,2.16715847145234,4.06462355741412,0.000265450256429329,0.000265450256429329,0.221630730285964,"NRCAM/GABRB1/KCNH2/CASR/GRIA3/KCNK6/CBLN1/SLC4A4/PMAIP1/P2RX6/BCL2/PRKAR1B/KCNK5/WWP2/GRIN2A/GABRB3/SLC26A3/MYOC/SSH1/KCNIP1/KCNH6/GPRIN3/ABCC8/UNC13B/CLDN19",25
"GO:0003158","endothelium development","12/459","149/18860",0.0805369127516778,3.30920735184454,4.46943398177999,0.000292836152672693,0.000292836152672693,0.221630730285964,"STC1/FZD2/NRG1/S1PR1/ETV2/RBPJ/TJP2/BARX1/ATOH8/SLC40A1/TJP3/CLDN1",12
"GO:0042551","neuron maturation","7/459","55/18860",0.127272727272727,5.22955040602099,4.96116694331155,0.000357349928226712,0.000357349928226712,0.225381226662286,"NRCAM/CNTNAP2/BCL11A/VSX1/BCL2/CDKN1C/MYOC",7
"GO:0048536","spleen development","6/459","42/18860",0.142857142857143,5.86990351696234,4.99003084874625,0.000501835868634568,0.000501835868634568,0.235708288130136,"COA5/BCL2/BARX1/SLC40A1/MYB/BCL2L11",6
"GO:0042692","muscle cell differentiation","23/459","441/18860",0.0521541950113379,2.14298064904974,3.83592501445177,0.000540234371248534,0.000540234371248534,0.235708288130136,"PDGFB/ADAMTS15/MYH11/MDM2/SPEG/NRG1/OR10J5/MYH9/DCAF8/RYR1/BCL2/CDK1/FGF9/ERVW-1/PRICKLE1/HOPX/SHOX2/RARB/TTN/MYH6/WNT5B/MYBPC3/NEB",23
"GO:0060415","muscle tissue morphogenesis","8/459","77/18860",0.103896103896104,4.26902073960898,4.53968291491118,0.000560585775664162,0.000560585775664162,0.235708288130136,"FZD2/NRG1/S1PR1/RBPJ/SHOX2/TTN/MYH6/MYBPC3",8
"GO:0060047","heart contraction","16/459","265/18860",0.060377358490566,2.48086488264069,3.83429250225687,0.000820376050814686,0.000820376050814686,0.269598403056641,"STC1/KCNH2/ATP2B2/MDM2/ACE/CDC42/HOPX/JPH4/TNNI2/SHOX2/TTN/MYH6/KCNIP1/KCNH6/ATP2B4/MYBPC3",16
"GO:0014911","positive regulation of smooth muscle cell migration","6/459","47/18860",0.127659574468085,5.2454456960089,4.60244017184738,0.000927279776212126,0.000927279776212126,0.269598403056641,"PDGFB/POSTN/MDM2/BCL2/FGF9/SSH1",6
"GO:0061158","3'-UTR-mediated mRNA destabilization","4/459","19/18860",0.210526315789474,8.65038413026029,5.26930124637273,0.00100378333103958,0.00100378333103958,0.269598403056641,"CPEB3/DND1/TRIM71/ZFP36L2",4
"GO:0046686","response to cadmium ion","6/459","48/18860",0.125,5.13616557734205,4.53154200417878,0.00103830806114878,0.00103830806114878,0.269598403056641,"MT1G/HMOX1/CDK1/MT3/MT1H/HAAO",6
"GO:0015698","inorganic anion transport","12/459","174/18860",0.0689655172413793,2.8337465254301,3.83796240445073,0.00116953798886551,0.00116953798886551,0.269598403056641,"GABRB1/SLC26A1/CASR/SLC37A1/CLCNKA/SFRP4/SLC4A4/ANO4/GABRB3/SLC4A5/SLC26A3/SLC26A8",12
"GO:0001894","tissue homeostasis","16/459","275/18860",0.0581818181818182,2.39065161418103,3.66900555077759,0.00121113051720855,0.00121113051720855,0.269598403056641,"CDH3/XIAP/S1PR1/CDHR1/VSTM4/PBLD/TJP2/ANGPT1/BCL2/PRICKLE1/TFF3/GCNT2/CCDC66/TJP3/CLDN1/ABCC8",16
"GO:0003015","heart process","16/459","275/18860",0.0581818181818182,2.39065161418103,3.66900555077759,0.00121113051720855,0.00121113051720855,0.269598403056641,"STC1/KCNH2/ATP2B2/MDM2/ACE/CDC42/HOPX/JPH4/TNNI2/SHOX2/TTN/MYH6/KCNIP1/KCNH6/ATP2B4/MYBPC3",16
"GO:0060249","anatomical structure homeostasis","16/459","275/18860",0.0581818181818182,2.39065161418103,3.66900555077759,0.00121113051720855,0.00121113051720855,0.269598403056641,"CDH3/XIAP/S1PR1/CDHR1/VSTM4/PBLD/TJP2/ANGPT1/BCL2/PRICKLE1/TFF3/GCNT2/CCDC66/TJP3/CLDN1/ABCC8",16
"GO:0045216","cell-cell junction organization","14/459","226/18860",0.0619469026548673,2.5453563923111,3.69126128140616,0.0013365323375375,0.0013365323375375,0.280377438748312,"CNTNAP2/CDH3/SVEP1/TJP2/ACE/CDC42/PKN2/CDH15/HOPX/CDH20/TJP3/CLDN1/ABCC8/CLDN19",14
"GO:1903596","regulation of gap junction assembly","3/459","10/18860",0.3,12.3267973856209,5.65843608913985,0.00151279211618771,0.00151279211618771,0.280377438748312,"CNTNAP2/ACE/HOPX",3
"GO:0048738","cardiac muscle tissue development","15/459","255/18860",0.0588235294117647,2.41701909521979,3.59812225995626,0.00152914616610512,0.00152914616610512,0.280377438748312,"MYH11/NRG1/S1PR1/RBPJ/CDC42/CDK1/FGF9/PRICKLE1/HOPX/SHOX2/RARB/TTN/MYH6/MYBPC3/NEB",15
"GO:0043114","regulation of vascular permeability","6/459","52/18860",0.115384615384615,4.74107591754651,4.26650093881278,0.00158749208005491,0.00158749208005491,0.280377438748312,"C2CD4B/TJP2/ANGPT1/PRKAA1/TJP3/ABCC8",6
"GO:0001701","in utero embryonic development","21/459","429/18860",0.048951048951049,2.01136554077731,3.34662698940391,0.00202503612860096,0.00202503612860096,0.280377438748312,"PDGFB/MYH9/ETV2/PPP1CC/MAN2A1/RBPJ/KDM4C/ANGPT1/CDKN1C/HOPX/UBR3/ACVR1C/MYH6/HORMAD1/C6/VASH2/IFITM5/AGBL4/MYB/BCL2L11/IWS1",21
"GO:0090557","establishment of endothelial intestinal barrier","3/459","11/18860",0.272727272727273,11.2061794414736,5.34761761767751,0.00204268185093527,0.00204268185093527,0.280377438748312,"TJP2/TJP3/CLDN1",3
"GO:0046479","glycosphingolipid catabolic process","4/459","23/18860",0.173913043478261,7.14596949891068,4.65793485304357,0.00212342058750494,0.00212342058750494,0.280377438748312,"ENPP7/NEU4/GALC/GM2A",4
"GO:0035265","organ growth","12/459","187/18860",0.0641711229946524,2.63674810387613,3.55255296465803,0.00215361651962321,0.00215361651962321,0.280377438748312,"STC1/NRG1/S1PR1/RBPJ/BCL2/CDK1/MATN1/FGF9/RARB/WWC3/MYH6/BCL2L11",12
"GO:0003009","skeletal muscle contraction","6/459","56/18860",0.107142857142857,4.40242763772175,4.02719584450368,0.00233364116522695,0.00233364116522695,0.280377438748312,"GNAS/JSRP1/CA3/MB/TNNI2/TTN",6
"GO:0051146","striated muscle cell differentiation","17/459","321/18860",0.0529595015576324,2.17607015114803,3.35650695937223,0.00235908160291466,0.00235908160291466,0.280377438748312,"ADAMTS15/MYH11/NRG1/MYH9/DCAF8/RYR1/BCL2/CDK1/ERVW-1/PRICKLE1/HOPX/SHOX2/RARB/TTN/MYH6/MYBPC3/NEB",17
"GO:0035633","maintenance of blood-brain barrier","5/459","39/18860",0.128205128205128,5.26786213060723,4.21372605897403,0.00243143586775485,0.00243143586775485,0.280377438748312,"TJP2/ANGPT1/TJP3/CLDN1/ABCC8",5
"GO:0097623","potassium ion export across plasma membrane","4/459","24/18860",0.166666666666667,6.8482207697894,4.52772456095291,0.00249967189605309,0.00249967189605309,0.280377438748312,"KCNH2/KCNK5/WWP2/KCNIP1",4
"GO:0010038","response to metal ion","18/459","351/18860",0.0512820512820513,2.10714485224289,3.30682708397886,0.00252165627228326,0.00252165627228326,0.280377438748312,"MDM2/CASR/CRHBP/MT1G/RYR1/HMOX1/BCL2/CDK1/MT3/GABRB3/MT1H/TTN/PRKAA1/AANAT/HAAO/SLC30A8/CLDN1/ABCC8",18
"GO:0050905","neuromuscular process","12/459","191/18860",0.06282722513089,2.58152824829757,3.46958929801788,0.0025658927372135,0.0025658927372135,0.280377438748312,"GNAS/TCF15/CNTNAP2/JSRP1/CA3/MB/GRIN2A/JPH4/TNNI2/TTN/GM2A/ABCC8",12
"GO:0003014","renal system process","10/459","143/18860",0.0699300699300699,2.87337934396758,3.55157169617075,0.00265571763163215,0.00265571763163215,0.280377438748312,"STC1/PDGFB/GNAS/MLLT6/CLCNKA/ACE/BCL2/SLC4A5/XPNPEP3/CLDN19",10
"GO:0019532","oxalate transport","3/459","12/18860",0.25,10.2723311546841,5.0744839191167,0.00267465690887132,0.00267465690887132,0.280377438748312,"SLC26A1/SLC26A3/SLC26A8",3
"GO:0045161","neuronal ion channel clustering","3/459","12/18860",0.25,10.2723311546841,5.0744839191167,0.00267465690887132,0.00267465690887132,0.280377438748312,"NRCAM/CNTNAP2/MYOC",3
"GO:0060379","cardiac muscle cell myoblast differentiation","3/459","12/18860",0.25,10.2723311546841,5.0744839191167,0.00267465690887132,0.00267465690887132,0.280377438748312,"NRG1/RBPJ/PRICKLE1",3
"GO:0046688","response to copper ion","5/459","40/18860",0.125,5.13616557734205,4.1358336501403,0.00272413146310352,0.00272413146310352,0.280377438748312,"MT1G/CDK1/MT3/MT1H/AANAT",5
"GO:1904035","regulation of epithelial cell apoptotic process","6/459","58/18860",0.103448275862069,4.25061978814514,3.9158234944037,0.00279314682783438,0.00279314682783438,0.280377438748312,"TCF7L2/SFRP4/UMODL1/HMOX1/BCL2/PRKAA1",6
"GO:0071294","cellular response to zinc ion","4/459","25/18860",0.16,6.57429193899782,4.40475606718649,0.00291928633056593,0.00291928633056593,0.280377438748312,"MT1G/MT3/GABRB3/MT1H",4
"GO:0090200","positive regulation of release of cytochrome c from mitochondria","4/459","25/18860",0.16,6.57429193899782,4.40475606718649,0.00291928633056593,0.00291928633056593,0.280377438748312,"PMAIP1/BMF/PRKAA1/BCL2L11",4
"GO:0035051","cardiocyte differentiation","11/459","172/18860",0.063953488372093,2.62780564422151,3.38711795557423,0.00333055293228769,0.00333055293228769,0.280377438748312,"MYH11/NRG1/RBPJ/CDC42/CDK1/PRICKLE1/SHOX2/RARB/TTN/MYH6/NEB",11
"GO:0019377","glycolipid catabolic process","4/459","26/18860",0.153846153846154,6.32143455672867,4.28833867551681,0.00338460194863349,0.00338460194863349,0.280377438748312,"ENPP7/NEU4/GALC/GM2A",4
"GO:0071276","cellular response to cadmium ion","4/459","26/18860",0.153846153846154,6.32143455672867,4.28833867551681,0.00338460194863349,0.00338460194863349,0.280377438748312,"MT1G/HMOX1/MT3/MT1H",4
"GO:0098976","excitatory chemical synaptic transmission","3/459","13/18860",0.230769230769231,9.48215183509301,4.83171782743727,0.00341467931542225,0.00341467931542225,0.280377438748312,"GRIN2A/SSH1/GPRIN3",3
"GO:0014074","response to purine-containing compound","10/459","149/18860",0.0671140939597315,2.75767279320378,3.40194764429453,0.00357139166167606,0.00357139166167606,0.280377438748312,"STC1/CRHBP/RYR1/P2RY2/ITPR2/P2RX6/PRKAA1/SLC26A3/AANAT/SSH1",10
"GO:0008016","regulation of heart contraction","13/459","225/18860",0.0577777777777778,2.37404986686032,3.27471881636556,0.00358263237822323,0.00358263237822323,0.280377438748312,"STC1/KCNH2/ATP2B2/MDM2/ACE/HOPX/JPH4/SHOX2/MYH6/KCNIP1/KCNH6/ATP2B4/MYBPC3",13
"GO:1903522","regulation of blood circulation","15/459","279/18860",0.0537634408602151,2.20910347412561,3.21348287140834,0.00361522904705774,0.00361522904705774,0.280377438748312,"STC1/KCNH2/SVEP1/ATP2B2/MDM2/CASR/ACE/HOPX/JPH4/SHOX2/MYH6/KCNIP1/KCNH6/ATP2B4/MYBPC3",15
"GO:0061448","connective tissue development","16/459","307/18860",0.0521172638436482,2.14146317231199,3.18470331513704,0.0036577809678264,0.0036577809678264,0.280377438748312,"STC1/PDGFB/CASR/NFIA/UMODL1/MATN1/FGF9/SHOX2/RARB/PRKAA1/SOX5/WNT5B/HYAL3/ADAMTS7/GPR82/FTO",16
"GO:0097305","response to alcohol","15/459","280/18860",0.0535714285714286,2.20121381886088,3.19831651716927,0.0037372661807597,0.0037372661807597,0.280377438748312,"GNAS/CSN1S1/MDM2/CRHBP/ITPR2/CA3/CDK1/GRIN2A/PTGFR/PRKAA1/AANAT/RECQL5/IFITM5/CLDN1/KLF9",15
"GO:0006820","monoatomic anion transport","11/459","175/18860",0.0628571428571429,2.58275754746343,3.32224630264456,0.00379868373612458,0.00379868373612458,0.280377438748312,"STC1/GABRB1/SLC26A1/CASR/CLCNKA/SLC4A4/ANO4/GABRB3/SLC4A5/SLC26A3/SLC26A8",11
"GO:0090280","positive regulation of calcium ion import","4/459","27/18860",0.148148148148148,6.08730735092391,4.17787138014059,0.00389790335394594,0.00389790335394594,0.280377438748312,"STC1/PDGFB/AKAP5/CASR",4
"GO:1904754","positive regulation of vascular associated smooth muscle cell migration","4/459","27/18860",0.148148148148148,6.08730735092391,4.17787138014059,0.00389790335394594,0.00389790335394594,0.280377438748312,"PDGFB/MDM2/FGF9/SSH1",4
"GO:0055008","cardiac muscle tissue morphogenesis","6/459","62/18860",0.0967741935483871,3.9763862534261,3.70744120590183,0.00391122759226697,0.00391122759226697,0.280377438748312,"NRG1/S1PR1/RBPJ/TTN/MYH6/MYBPC3",6
"GO:0098656","monoatomic anion transmembrane transport","10/459","151/18860",0.0662251655629139,2.72114732574413,3.35371530569627,0.00392684396132893,0.00392684396132893,0.280377438748312,"GABRB1/SLC26A1/CASR/CLCNKA/SLC4A4/ANO4/GABRB3/SLC4A5/SLC26A3/SLC26A8",10
"GO:0003012","muscle system process","22/459","485/18860",0.045360824742268,1.86384565280866,3.04395556103813,0.00403142492250849,0.00403142492250849,0.282514085700157,"STC1/PDGFB/GNAS/JSRP1/KCNH2/MYH11/RYR1/HMOX1/CA3/P2RX6/MB/MYH1/SLC6A8/JPH4/TNNI2/TTN/MYH6/MYOC/KCNIP1/ATP2B4/MYBPC3/ABCC8",22
"GO:1901533","negative regulation of hematopoietic progenitor cell differentiation","3/459","14/18860",0.214285714285714,8.80485527544351,4.61385815968755,0.00426809112933725,0.00426809112933725,0.291787366893404,"TCF15/MIXL1/MYB",3
"GO:0055002","striated muscle cell development","11/459","178/18860",0.0617977528089888,2.53922792587697,3.25871373961274,0.0043179660413711,0.0043179660413711,0.291787366893404,"MYH11/DCAF8/RYR1/BCL2/CDK1/PRICKLE1/SHOX2/TTN/MYH6/MYBPC3/NEB",11
"GO:0006936","muscle contraction","18/459","372/18860",0.0483870967741935,1.98819312671305,3.04027797237105,0.00463333053889174,0.00463333053889174,0.307605231529378,"STC1/GNAS/JSRP1/KCNH2/MYH11/RYR1/CA3/P2RX6/MB/MYH1/SLC6A8/JPH4/TNNI2/TTN/MYH6/KCNIP1/ATP2B4/MYBPC3",18
"GO:0001666","response to hypoxia","16/459","317/18860",0.0504731861198738,2.07390912902139,3.04545457808019,0.00496949863653823,0.00496949863653823,0.324234983636205,"STC1/POSTN/CA9/MDM2/CASR/RYR1/ITPR2/PMAIP1/CA3/MB/BCL2/MT3/MTHFR/PDK1/PRKAA1/MYB",16
"GO:0006941","striated muscle contraction","12/459","208/18860",0.0576923076923077,2.37053795877325,3.13909885727538,0.00509302206460514,0.00509302206460514,0.326662164536226,"STC1/GNAS/JSRP1/KCNH2/RYR1/CA3/MB/JPH4/TNNI2/TTN/MYH6/MYBPC3",12
"GO:0098661","inorganic anion transmembrane transport","9/459","133/18860",0.0676691729323308,2.78048061329795,3.25442243266004,0.00528905224546137,0.00528905224546137,0.333581453025151,"GABRB1/SLC26A1/CASR/SLC37A1/CLCNKA/ANO4/GABRB3/SLC26A3/SLC26A8",9
"GO:0030149","sphingolipid catabolic process","5/459","47/18860",0.106382978723404,4.37120474667408,3.65468534156533,0.00552810604165985,0.00552810604165985,0.342942902843264,"ENPP7/NEU4/GALC/ENPP2/GM2A",5
"GO:0014910","regulation of smooth muscle cell migration","7/459","89/18860",0.0786516853932584,3.23174463293432,3.33304178183751,0.00599614724967183,0.00599614724967183,0.356461251585768,"PDGFB/POSTN/MDM2/ACE/BCL2/FGF9/SSH1",7
"GO:0050881","musculoskeletal movement","6/459","68/18860",0.0882352941176471,3.62552864282968,3.42554498664551,0.00616676085311431,0.00616676085311431,0.356461251585768,"GNAS/JSRP1/CA3/MB/TNNI2/TTN",6
"GO:0010273","detoxification of copper ion","3/459","16/18860",0.1875,7.70424836601307,4.2370979004422,0.00633354805226466,0.00633354805226466,0.356461251585768,"MT1G/MT3/MT1H",3
"GO:1902358","sulfate transmembrane transport","3/459","16/18860",0.1875,7.70424836601307,4.2370979004422,0.00633354805226466,0.00633354805226466,0.356461251585768,"SLC26A1/SLC26A3/SLC26A8",3
"GO:1990169","stress response to copper ion","3/459","16/18860",0.1875,7.70424836601307,4.2370979004422,0.00633354805226466,0.00633354805226466,0.356461251585768,"MT1G/MT3/MT1H",3
"GO:0055007","cardiac muscle cell differentiation","9/459","137/18860",0.0656934306569343,2.69929869758122,3.15273341558786,0.0063996544658115,0.0063996544658115,0.356461251585768,"MYH11/NRG1/CDK1/PRICKLE1/SHOX2/RARB/TTN/MYH6/NEB",9
"GO:1902476","chloride transmembrane transport","8/459","113/18860",0.0707964601769911,2.90897873406983,3.21454406024988,0.0064053955083284,0.0064053955083284,0.356461251585768,"GABRB1/SLC26A1/CASR/CLCNKA/ANO4/GABRB3/SLC26A3/SLC26A8",8
"GO:0035567","non-canonical Wnt signaling pathway","6/459","69/18860",0.0869565217391304,3.57298474945534,3.38167425765274,0.00661886725060325,0.00661886725060325,0.363002711913329,"FZD2/SFRP4/CDC42/PRICKLE1/MYOC/WNT5B",6
"GO:0055013","cardiac muscle cell development","7/459","91/18860",0.0769230769230769,3.16071727836434,3.26319505498673,0.00675967940197395,0.00675967940197395,0.365429284963855,"MYH11/CDK1/PRICKLE1/SHOX2/TTN/MYH6/NEB",7
"GO:0006687","glycosphingolipid metabolic process","6/459","70/18860",0.0857142857142857,3.5219421101774,3.33861010609073,0.00709454391353655,0.00709454391353655,0.371249192235571,"ENPP7/B4GALNT1/NEU4/GALC/PRKAA1/GM2A",6
"GO:0050879","multicellular organismal movement","6/459","70/18860",0.0857142857142857,3.5219421101774,3.33861010609073,0.00709454391353655,0.00709454391353655,0.371249192235571,"GNAS/JSRP1/CA3/MB/TNNI2/TTN",6
"GO:0036293","response to decreased oxygen levels","16/459","330/18860",0.0484848484848485,1.99220967848419,2.87188919499231,0.00722325415911933,0.00722325415911933,0.371249192235571,"STC1/POSTN/CA9/MDM2/CASR/RYR1/ITPR2/PMAIP1/CA3/MB/BCL2/MT3/MTHFR/PDK1/PRKAA1/MYB",16
"GO:0060045","positive regulation of cardiac muscle cell proliferation","4/459","32/18860",0.125,5.13616557734205,3.69841609684781,0.00725975471882075,0.00725975471882075,0.371249192235571,"NRG1/RBPJ/CDK1/FGF9",4
"GO:0030049","muscle filament sliding","3/459","17/18860",0.176470588235294,7.25105728565936,4.07237606118423,0.00755346764636242,0.00755346764636242,0.37610410233619,"TTN/MYH6/MYBPC3",3
"GO:0043117","positive regulation of vascular permeability","3/459","17/18860",0.176470588235294,7.25105728565936,4.07237606118423,0.00755346764636242,0.00755346764636242,0.37610410233619,"TJP2/ANGPT1/TJP3",3
"GO:0015701","bicarbonate transport","4/459","33/18860",0.121212121212121,4.98052419621047,3.61452836468379,0.00810531516834772,0.00810531516834772,0.393233576656006,"SLC26A1/SLC4A4/SLC4A5/SLC26A3",4
"GO:0071295","cellular response to vitamin","4/459","33/18860",0.121212121212121,4.98052419621047,3.61452836468379,0.00810531516834772,0.00810531516834772,0.393233576656006,"POSTN/MDM2/CASR/GPRIN3",4
"GO:0010002","cardioblast differentiation","3/459","18/18860",0.166666666666667,6.8482207697894,3.92050012480949,0.00890258490229648,0.00890258490229648,0.413618600087327,"NRG1/RBPJ/PRICKLE1",3
"GO:0016264","gap junction assembly","3/459","18/18860",0.166666666666667,6.8482207697894,3.92050012480949,0.00890258490229648,0.00890258490229648,0.413618600087327,"CNTNAP2/ACE/HOPX",3
"GO:0030299","intestinal cholesterol absorption","3/459","18/18860",0.166666666666667,6.8482207697894,3.92050012480949,0.00890258490229648,0.00890258490229648,0.413618600087327,"ENPP7/PNLIP/LPCAT3",3
"GO:0014909","smooth muscle cell migration","7/459","96/18860",0.0729166666666667,2.99609658678286,3.09670201549076,0.00898250715954335,0.00898250715954335,0.413618600087327,"PDGFB/POSTN/MDM2/ACE/BCL2/FGF9/SSH1",7
"GO:0006275","regulation of DNA replication","8/459","120/18860",0.0666666666666667,2.73928830791576,3.01871677130946,0.00909125775776678,0.00909125775776678,0.413618600087327,"ENPP7/ANKRD17/UCHL5/INO80C/MCM5/CDK1/MCM7/SMARCA5",8
"GO:0046466","membrane lipid catabolic process","5/459","53/18860",0.0943396226415094,3.87635137912607,3.31180739730524,0.00918762131128307,0.00918762131128307,0.413618600087327,"ENPP7/NEU4/GALC/ENPP2/GM2A",5
"GO:0014706","striated muscle tissue development","19/459","430/18860",0.0441860465116279,1.81557480873486,2.70196876030305,0.00943497170635248,0.00943497170635248,0.413618600087327,"MYH11/NRG1/S1PR1/RYR1/RBPJ/MED20/BCL2/CDC42/CDK1/FGF9/PRICKLE1/HOPX/SHOX2/RARB/TTN/PRKAA1/MYH6/MYBPC3/NEB",19
"GO:0003018","vascular process in circulatory system","14/459","283/18860",0.049469964664311,2.03268743696929,2.76451710411614,0.00979539070150055,0.00979539070150055,0.413618600087327,"SLC38A1/SVEP1/CASR/C2CD4B/VSTM4/P2RY2/SLC4A4/TJP2/ANGPT1/ACE/PRKAA1/ATP2B4/TJP3/ABCC8",14
"GO:0044706","multi-multicellular organism process","12/459","227/18860",0.052863436123348,2.17212288733408,2.80601277039402,0.00993128634748009,0.00993128634748009,0.413618600087327,"STC1/SLC38A1/GNAS/OVGP1/CRHBP/DAZAP1/BCL2/RLN1/PTGFR/ACVR1C/HYAL3/ABCC8",12
"GO:0006882","intracellular zinc ion homeostasis","4/459","35/18860",0.114285714285714,4.69592281356987,3.45648266261185,0.00998436774726064,0.00998436774726064,0.413618600087327,"MT1G/MT3/MT1H/SLC30A8",4
"GO:0048566","embryonic digestive tract development","4/459","35/18860",0.114285714285714,4.69592281356987,3.45648266261185,0.00998436774726064,0.00998436774726064,0.413618600087327,"FGF9/SHOX2/RARB/MYB",4
"GO:0060351","cartilage development involved in endochondral bone morphogenesis","4/459","35/18860",0.114285714285714,4.69592281356987,3.45648266261185,0.00998436774726064,0.00998436774726064,0.413618600087327,"STC1/MATN1/SHOX2/RARB",4
"GO:0055006","cardiac cell development","7/459","98/18860",0.0714285714285714,2.93495175848117,3.0331128865775,0.0100067811172562,0.0100067811172562,0.413618600087327,"MYH11/CDK1/PRICKLE1/SHOX2/TTN/MYH6/NEB",7
"GO:0007517","muscle organ development","17/459","373/18860",0.0455764075067024,1.87270380299871,2.68864228216331,0.0102757462871616,0.0102757462871616,0.413618600087327,"TCF15/ETV1/SPEG/FZD2/NRG1/OR10J5/S1PR1/RYR1/RBPJ/MED20/BCL2/SHOX2/TTN/PRKAA1/MYH6/MYBPC3/NEB",17
"GO:0033275","actin-myosin filament sliding","3/459","19/18860",0.157894736842105,6.48778809769522,3.7797851938751,0.0103836101969072,0.0103836101969072,0.413618600087327,"TTN/MYH6/MYBPC3",3
"GO:0048643","positive regulation of skeletal muscle tissue development","3/459","19/18860",0.157894736842105,6.48778809769522,3.7797851938751,0.0103836101969072,0.0103836101969072,0.413618600087327,"BCL2/SHOX2/PRKAA1",3
"GO:0055012","ventricular cardiac muscle cell differentiation","3/459","19/18860",0.157894736842105,6.48778809769522,3.7797851938751,0.0103836101969072,0.0103836101969072,0.413618600087327,"NRG1/CDK1/RARB",3
"GO:0010543","regulation of platelet activation","5/459","55/18860",0.0909090909090909,3.73539314715785,3.20855428021896,0.0107079789947682,0.0107079789947682,0.422096321120524,"PDGFB/SVEP1/PRKCQ/F2/CELA2A",5
"GO:0060349","bone morphogenesis","7/459","100/18860",0.07,2.87625272331155,2.9711178529243,0.0111136813548289,0.0111136813548289,0.429148060908806,"STC1/SFRP4/MATN1/SHOX2/RARB/IFITM5/MMP16",7
"GO:0140115","export across plasma membrane","7/459","100/18860",0.07,2.87625272331155,2.9711178529243,0.0111136813548289,0.0111136813548289,0.429148060908806,"KCNH2/SLC4A4/OSCP1/KCNK5/WWP2/KCNIP1/SLC40A1",7
"GO:0048167","regulation of synaptic plasticity","12/459","231/18860",0.051948051948052,2.13451036980449,2.74008887099455,0.0112987474106769,0.0112987474106769,0.431887261471382,"SLC38A1/AKAP5/GRIA3/CPEB3/CBLN1/ACE/CALHM2/PRKAR1B/GRIN2A/JPH4/SSH1/RASGRF1",12
"GO:1901654","response to ketone","12/459","232/18860",0.0517241379310345,2.12530989407257,2.72381730997906,0.0116622673245709,0.0116622673245709,0.441324747703497,"GABRB1/GNAS/CSN1S1/POSTN/CA9/PTGFR/PRKAA1/AANAT/ABCB4/IFITM5/CLDN1/KLF9",12
"GO:0000302","response to reactive oxygen species","11/459","205/18860",0.0536585365853659,2.20479302832244,2.73928178702562,0.0119570900452866,0.0119570900452866,0.448001445678015,"MDM2/HMOX1/CA3/MB/BCL2/CDK1/MT3/PRKAA1/PEX12/MYB/NQO1",11
"GO:0060078","regulation of postsynaptic membrane potential","9/459","152/18860",0.0592105263157895,2.43292053663571,2.80140036403298,0.0122196512294219,0.0122196512294219,0.448560847093127,"GABRB1/GRIA3/CBLN1/P2RX6/PRKAR1B/GRIN2A/GABRB3/SSH1/UNC13B",9
"GO:0055001","muscle cell development","11/459","206/18860",0.0533980582524272,2.19409014954418,2.72163386414396,0.0123653278845465,0.0123653278845465,0.448560847093127,"MYH11/DCAF8/RYR1/BCL2/CDK1/PRICKLE1/SHOX2/TTN/MYH6/MYBPC3/NEB",11
"GO:0034614","cellular response to reactive oxygen species","9/459","153/18860",0.0588235294117647,2.41701909521979,2.77948481243459,0.0127140220089295,0.0127140220089295,0.448560847093127,"MDM2/CA3/MB/CDK1/MT3/PRKAA1/PEX12/MYB/NQO1",9
"GO:0046620","regulation of organ growth","7/459","103/18860",0.0679611650485437,2.79247837214713,2.88095057533225,0.0129366962428592,0.0129366962428592,0.448560847093127,"NRG1/RBPJ/CDK1/FGF9/WWC3/MYH6/BCL2L11",7
"GO:0045069","regulation of viral genome replication","6/459","80/18860",0.075,3.08169934640523,2.94686449160741,0.0132924572570011,0.0132924572570011,0.448560847093127,"BCL2/PKN2/IFITM3/OAS1/APOBEC3H/IFITM2",6
"GO:0055023","positive regulation of cardiac muscle tissue growth","4/459","38/18860",0.105263157894737,4.32519206513015,3.24056404901799,0.0132969660453825,0.0132969660453825,0.448560847093127,"NRG1/RBPJ/CDK1/FGF9",4
"GO:0071320","cellular response to cAMP","5/459","58/18860",0.0862068965517241,3.54218315678762,3.06241307234109,0.0132973483341109,0.0132973483341109,0.448560847093127,"STC1/CRHBP/ITPR2/SLC26A3/AANAT",5
"GO:0048863","stem cell differentiation","13/459","265/18860",0.0490566037735849,2.01570271714556,2.62988295456669,0.0133680556368992,0.0133680556368992,0.448560847093127,"TCF15/NRG1/WNT8A/RBPJ/KDM4C/ACE/BCL2/CDC42/PRICKLE1/SOX5/ZFP36L2/GPM6A/NRTN",13
"GO:0006821","chloride transport","8/459","129/18860",0.062015503875969,2.54817517015419,2.78663079050806,0.013680878733413,0.013680878733413,0.448560847093127,"GABRB1/SLC26A1/CASR/CLCNKA/ANO4/GABRB3/SLC26A3/SLC26A8",8
"GO:0046683","response to organophosphorus","8/459","129/18860",0.062015503875969,2.54817517015419,2.78663079050806,0.013680878733413,0.013680878733413,0.448560847093127,"STC1/CRHBP/P2RY2/ITPR2/P2RX6/SLC26A3/AANAT/SSH1",8
"GO:0055123","digestive system development","9/459","155/18860",0.0580645161290323,2.38583175205566,2.73616611856722,0.0137471958628362,0.0137471958628362,0.448560847093127,"MIXL1/HIP1R/BCL2/CDKN1C/BARX1/FGF9/SHOX2/RARB/MYB",9
"GO:0003417","growth plate cartilage development","3/459","21/18860",0.142857142857143,5.86990351696234,3.52651748658996,0.0137500432127017,0.0137500432127017,0.448560847093127,"STC1/MATN1/RARB",3
"GO:0035455","response to interferon-alpha","3/459","21/18860",0.142857142857143,5.86990351696234,3.52651748658996,0.0137500432127017,0.0137500432127017,0.448560847093127,"IFITM3/OAS1/IFITM2",3
"GO:0097501","stress response to metal ion","3/459","21/18860",0.142857142857143,5.86990351696234,3.52651748658996,0.0137500432127017,0.0137500432127017,0.448560847093127,"MT1G/MT3/MT1H",3
"GO:1904889","regulation of excitatory synapse assembly","3/459","21/18860",0.142857142857143,5.86990351696234,3.52651748658996,0.0137500432127017,0.0137500432127017,0.448560847093127,"CBLN1/VSTM5/PRICKLE1",3
"GO:0001836","release of cytochrome c from mitochondria","5/459","59/18860",0.0847457627118644,3.4821461541302,3.01583683685735,0.0142464745560906,0.0142464745560906,0.458480470329457,"PMAIP1/BCL2/BMF/PRKAA1/BCL2L11",5
"GO:0060041","retina development in camera-type eye","10/459","183/18860",0.0546448087431694,2.24531828517685,2.67360540657604,0.0143693395855311,0.0143693395855311,0.458480470329457,"NFIA/VSTM4/MAN2A1/VSX1/SLC4A5/RAB11FIP4/RORB/GPM6A/ATP2B4/CLDN19",10
"GO:0070482","response to oxygen levels","16/459","357/18860",0.0448179271708683,1.84153835826269,2.53531490947265,0.0145092228019708,0.0145092228019708,0.458480470329457,"STC1/POSTN/CA9/MDM2/CASR/RYR1/ITPR2/PMAIP1/CA3/MB/BCL2/MT3/MTHFR/PDK1/PRKAA1/MYB",16
"GO:0034694","response to prostaglandin","4/459","39/18860",0.102564102564103,4.21428970448578,3.17351776472606,0.0145387409228256,0.0145387409228256,0.458480470329457,"GNAS/PTGFR/PRKAA1/AANAT",4
"GO:0009636","response to toxic substance","13/459","270/18860",0.0481481481481481,1.97837488905027,2.55736339824315,0.0153926801696828,0.0153926801696828,0.461049031184931,"GABRB1/GPX3/MDM2/MT1G/MB/BCL2/CDK1/MT3/OSCP1/MT1H/RDH11/CLDN1/NQO1",13
"GO:0060537","muscle tissue development","19/459","453/18860",0.0419426048565121,1.72339330630462,2.4613707825467,0.0156381970759866,0.0156381970759866,0.461049031184931,"MYH11/NRG1/S1PR1/RYR1/RBPJ/MED20/BCL2/CDC42/CDK1/FGF9/PRICKLE1/HOPX/SHOX2/RARB/TTN/PRKAA1/MYH6/MYBPC3/NEB",19
"GO:0019430","removal of superoxide radicals","3/459","22/18860",0.136363636363636,5.60308972073678,3.41183754869598,0.0156387636445634,0.0156387636445634,0.461049031184931,"MB/MT3/NQO1",3
"GO:0044241","lipid digestion","3/459","22/18860",0.136363636363636,5.60308972073678,3.41183754869598,0.0156387636445634,0.0156387636445634,0.461049031184931,"ENPP7/PNLIP/LPCAT3",3
"GO:0045844","positive regulation of striated muscle tissue development","3/459","22/18860",0.136363636363636,5.60308972073678,3.41183754869598,0.0156387636445634,0.0156387636445634,0.461049031184931,"BCL2/SHOX2/PRKAA1",3
"GO:0048636","positive regulation of muscle organ development","3/459","22/18860",0.136363636363636,5.60308972073678,3.41183754869598,0.0156387636445634,0.0156387636445634,0.461049031184931,"BCL2/SHOX2/PRKAA1",3
"GO:1901863","positive regulation of muscle tissue development","3/459","22/18860",0.136363636363636,5.60308972073678,3.41183754869598,0.0156387636445634,0.0156387636445634,0.461049031184931,"BCL2/SHOX2/PRKAA1",3
"GO:0042401","biogenic amine biosynthetic process","4/459","40/18860",0.1,4.10893246187364,3.10868297010809,0.0158514753072392,0.0158514753072392,0.461049031184931,"AGMAT/HDC/AANAT/OAZ3",4
"GO:0071312","cellular response to alkaloid","4/459","40/18860",0.1,4.10893246187364,3.10868297010809,0.0158514753072392,0.0158514753072392,0.461049031184931,"MDM2/CRHBP/RYR1/RECQL5",4
"GO:0071456","cellular response to hypoxia","9/459","159/18860",0.0566037735849057,2.32581082747564,2.65150633363142,0.0159982427629429,0.0159982427629429,0.461049031184931,"STC1/MDM2/CASR/PMAIP1/CA3/BCL2/MT3/PDK1/PRKAA1",9
"GO:0060350","endochondral bone morphogenesis","5/459","61/18860",0.0819672131147541,3.36797742776528,2.92563445608394,0.0162788713705258,0.0162788713705258,0.461049031184931,"STC1/MATN1/SHOX2/RARB/MMP16",5
"GO:0007596","blood coagulation","12/459","243/18860",0.0493827160493827,2.02910245030797,2.55006857884891,0.0162811184720095,0.0162811184720095,0.461049031184931,"PDGFB/GNAS/SVEP1/PRKCQ/MYH9/APOH/ANGPT1/F2/F9/ANGPTL1/CELA2A/FGL1",12
"GO:0048638","regulation of developmental growth","15/459","332/18860",0.0451807228915663,1.85644538940074,2.48656265555628,0.0164769626054671,0.0164769626054671,0.461049031184931,"NRCAM/GNAS/BCL11A/NRG1/RBPJ/BCL2/CDK1/FGF9/MT3/HOPX/WWC3/MYH6/FTO/BCL2L11/SYT17",15
"GO:0031032","actomyosin structure organization","11/459","215/18860",0.0511627906976744,2.10224451537721,2.56720732335355,0.0165327946689397,0.0165327946689397,0.461049031184931,"MYH11/MYH9/S1PR1/CDC42/ARHGEF10L/TTN/MYH6/MYOC/OAZ3/MYBPC3/NEB",11
"GO:0003151","outflow tract morphogenesis","6/459","84/18860",0.0714285714285714,2.93495175848117,2.80706976813127,0.0165934023143329,0.0165934023143329,0.461049031184931,"FZD2/RYR1/RBPJ/CDC42/PRICKLE1/RARB",6
"GO:0003206","cardiac chamber morphogenesis","8/459","134/18860",0.0597014925373134,2.45309400708874,2.66605166729768,0.0168629935920197,0.0168629935920197,0.461049031184931,"MDM2/FZD2/NRG1/RBPJ/SHOX2/RARB/MYH6/MYBPC3",8
"GO:0021700","developmental maturation","16/459","364/18860",0.043956043956044,1.80612415906534,2.45278047683597,0.0171118443633692,0.0171118443633692,0.461049031184931,"NRCAM/CNTNAP2/CDH3/BCL11A/NRN1/S1PR1/NFIA/RYR1/RBPJ/VSX1/BCL2/CDKN1C/SLC26A3/MYOC/ADAMTS7/IGSF9",16
"GO:0009309","amine biosynthetic process","4/459","41/18860",0.0975609756097561,4.00871459694989,3.04592784159833,0.017236337125877,0.017236337125877,0.461049031184931,"AGMAT/HDC/AANAT/OAZ3",4
"GO:0099173","postsynapse organization","12/459","245/18860",0.0489795918367347,2.0125383486728,2.51946287243634,0.017251413099585,0.017251413099585,0.461049031184931,"NRCAM/DOK7/PPFIA2/POTEE/CPEB3/CBLN1/HIP1R/ARHGAP22/CDC42/PRICKLE1/NGEF/SSH1",12
"GO:0003229","ventricular cardiac muscle tissue development","5/459","62/18860",0.0806451612903226,3.31365521118842,2.88193128708871,0.0173637524037063,0.0173637524037063,0.461049031184931,"NRG1/RBPJ/HOPX/MYH6/MYBPC3",5
"GO:0044703","multi-organism reproductive process","11/459","217/18860",0.0506912442396313,2.08286898988986,2.53391967982692,0.0175867017025953,0.0175867017025953,0.461049031184931,"STC1/SLC38A1/GNAS/OVGP1/CRHBP/DAZAP1/BCL2/RLN1/PTGFR/ACVR1C/ABCC8",11
"GO:0045472","response to ether","3/459","23/18860",0.130434782608696,5.35947712418301,3.30398002160233,0.0176660651031222,0.0176660651031222,0.461049031184931,"MDM2/ABCB4/IFITM5",3
"GO:0061687","detoxification of inorganic compound","3/459","23/18860",0.130434782608696,5.35947712418301,3.30398002160233,0.0176660651031222,0.0176660651031222,0.461049031184931,"MT1G/MT3/MT1H",3
"GO:0071450","cellular response to oxygen radical","3/459","23/18860",0.130434782608696,5.35947712418301,3.30398002160233,0.0176660651031222,0.0176660651031222,0.461049031184931,"MB/MT3/NQO1",3
"GO:0071451","cellular response to superoxide","3/459","23/18860",0.130434782608696,5.35947712418301,3.30398002160233,0.0176660651031222,0.0176660651031222,0.461049031184931,"MB/MT3/NQO1",3
"GO:0007043","cell-cell junction assembly","9/459","162/18860",0.0555555555555556,2.28274025659647,2.58966516232884,0.0178558792418912,0.0178558792418912,0.462811001258823,"CNTNAP2/CDH3/ACE/PKN2/CDH15/HOPX/CDH20/CLDN1/CLDN19",9
"GO:0014812","muscle cell migration","7/459","110/18860",0.0636363636363636,2.6147752030105,2.6825803468839,0.0180094704721815,0.0180094704721815,0.463616515198658,"PDGFB/POSTN/MDM2/ACE/BCL2/FGF9/SSH1",7
"GO:1904019","epithelial cell apoptotic process","6/459","86/18860",0.0697674418604651,2.86669706642347,2.7402464524808,0.0184388113501821,0.0184388113501821,0.46773905126485,"TCF7L2/SFRP4/UMODL1/HMOX1/BCL2/PRKAA1",6
"GO:0043647","inositol phosphate metabolic process","4/459","42/18860",0.0952380952380952,3.91326901130823,2.98513146851672,0.0186944040010898,0.0186944040010898,0.46773905126485,"IP6K3/NUDT4/INPP5A/SCP2",4
"GO:0060421","positive regulation of heart growth","4/459","42/18860",0.0952380952380952,3.91326901130823,2.98513146851672,0.0186944040010898,0.0186944040010898,0.46773905126485,"NRG1/RBPJ/CDK1/FGF9",4
"GO:0016485","protein processing","12/459","248/18860",0.0483870967741935,1.98819312671305,2.47409349667175,0.0187876269826549,0.0187876269826549,0.46773905126485,"MDM2/KLK3/MYH9/ATG4C/APOH/TMPRSS9/ACE/F9/SLC30A8/MMP16/XPNPEP3/CHAC1",12
"GO:0050817","coagulation","12/459","248/18860",0.0483870967741935,1.98819312671305,2.47409349667175,0.0187876269826549,0.0187876269826549,0.46773905126485,"PDGFB/GNAS/SVEP1/PRKCQ/MYH9/APOH/ANGPT1/F2/F9/ANGPTL1/CELA2A/FGL1",12
"GO:0003007","heart morphogenesis","13/459","278/18860",0.0467625899280576,1.92144323756681,2.44449817612566,0.0191084592160447,0.0191084592160447,0.469885385538998,"MDM2/FZD2/NRG1/S1PR1/RYR1/RBPJ/CDC42/PRICKLE1/SHOX2/RARB/TTN/MYH6/MYBPC3",13
"GO:0060348","bone development","11/459","220/18860",0.05,2.05446623093682,2.48465459031355,0.0192603811201722,0.0192603811201722,0.469885385538998,"STC1/GNAS/RYR1/SFRP4/MATN1/SHOX2/RARB/MYOC/IFITM5/ADAMTS7/MMP16",11
"GO:0014855","striated muscle cell proliferation","6/459","87/18860",0.0689655172413793,2.8337465254301,2.7075535231182,0.0194121371540499,0.0194121371540499,0.469885385538998,"NRG1/RBPJ/ANGPT1/CDK1/FGF9/MYB",6
"GO:0001654","eye development","18/459","432/18860",0.0416666666666667,1.71205519244735,2.36462016981258,0.0194302569348784,0.0194302569348784,0.469885385538998,"MFAP2/NFIA/VSTM4/MAN2A1/VSX1/BCL2/CDKN1C/FGF9/PRICKLE1/RARB/SLC4A5/RAB11FIP4/WNT5B/RORB/GPM6A/GJA8/ATP2B4/CLDN19",18
"GO:0009074","aromatic amino acid family catabolic process","3/459","24/18860",0.125,5.13616557734205,3.20224205102537,0.019832692704132,0.019832692704132,0.469885385538998,"HDC/FTCD/HAAO",3
"GO:0046597","host-mediated suppression of symbiont invasion","3/459","24/18860",0.125,5.13616557734205,3.20224205102537,0.019832692704132,0.019832692704132,0.469885385538998,"TRIM11/IFITM3/IFITM2",3
"GO:0098856","intestinal lipid absorption","3/459","24/18860",0.125,5.13616557734205,3.20224205102537,0.019832692704132,0.019832692704132,0.469885385538998,"ENPP7/PNLIP/LPCAT3",3
"GO:0007599","hemostasis","12/459","250/18860",0.048,1.97228758169935,2.44419874629416,0.01986719849845,0.01986719849845,0.469885385538998,"PDGFB/GNAS/SVEP1/PRKCQ/MYH9/APOH/ANGPT1/F2/F9/ANGPTL1/CELA2A/FGL1",12
"GO:0070509","calcium ion import","6/459","88/18860",0.0681818181818182,2.80154486036839,2.67532226948861,0.020419893232926,0.020419893232926,0.479957608188094,"STC1/PDGFB/AKAP5/CASR/CALHM2/ATP2B4",6
"GO:0043270","positive regulation of monoatomic ion transport","10/459","194/18860",0.0515463917525773,2.11800642364621,2.47209122728743,0.0207237646734947,0.0207237646734947,0.484093138409445,"STC1/PDGFB/AKAP5/KCNH2/MLLT6/CASR/WNK2/CNTN1/F2/ABCC8",10
"GO:0150063","visual system development","18/459","436/18860",0.0412844036697248,1.69634826407627,2.32339333827451,0.0210865375111517,0.0210865375111517,0.489545381676399,"MFAP2/NFIA/VSTM4/MAN2A1/VSX1/BCL2/CDKN1C/FGF9/PRICKLE1/RARB/SLC4A5/RAB11FIP4/WNT5B/RORB/GPM6A/GJA8/ATP2B4/CLDN19",18
"GO:0036294","cellular response to decreased oxygen levels","9/459","167/18860",0.0538922155688623,2.2143947399319,2.48956557691289,0.0212936987333184,0.0212936987333184,0.491340481041589,"STC1/MDM2/CASR/PMAIP1/CA3/BCL2/MT3/PDK1/PRKAA1",9
"GO:0097306","cellular response to alcohol","7/459","114/18860",0.0614035087719298,2.52302870465925,2.57603149384288,0.0214648888801318,0.0214648888801318,0.492253724914772,"GNAS/MDM2/ITPR2/PTGFR/PRKAA1/RECQL5/KLF9",7
"GO:0014904","myotube cell development","4/459","44/18860",0.0909090909090909,3.73539314715785,2.86897920884262,0.0218340130586602,0.0218340130586602,0.492253724914772,"DCAF8/RYR1/BCL2/SHOX2",4
"GO:0048641","regulation of skeletal muscle tissue development","3/459","25/18860",0.12,4.93071895424837,3.10601926694984,0.0221390663005274,0.0221390663005274,0.492253724914772,"BCL2/SHOX2/PRKAA1",3
"GO:1903900","regulation of viral life cycle","7/459","115/18860",0.0608695652173913,2.50108932461874,2.55010283768989,0.0223958440743499,0.0223958440743499,0.492253724914772,"TRIM11/BCL2/PKN2/IFITM3/OAS1/APOBEC3H/IFITM2",7
"GO:0006816","calcium ion transport","18/459","439/18860",0.041002277904328,1.68475590691858,2.2927484393916,0.0223982486739667,0.0223982486739667,0.492253724914772,"STC1/PDGFB/AKAP5/ATP2B2/CASR/RYR1/ITPR2/P2RX6/BCL2/CALHM2/GRIN2A/JPH4/UBR3/F2/CACNA2D3/GPM6A/MYB/ATP2B4",18
"GO:1905477","positive regulation of protein localization to membrane","6/459","90/18860",0.0666666666666667,2.73928830791576,2.61219537547806,0.0225406576364856,0.0225406576364856,0.492253724914772,"AKAP5/DOK7/ANXA13/SSH1/ATP2B4/ARHGEF16",6
"GO:0007565","female pregnancy","10/459","197/18860",0.050761421319797,2.08575251871758,2.41945857625168,0.022765823600743,0.022765823600743,0.492253724914772,"STC1/SLC38A1/GNAS/OVGP1/CRHBP/DAZAP1/BCL2/RLN1/ACVR1C/ABCC8",10
"GO:0010959","regulation of metal ion transport","16/459","377/18860",0.0424403183023873,1.74384401564929,2.30415280599425,0.022883767539783,0.022883767539783,0.492253724914772,"STC1/PDGFB/AKAP5/KCNH2/MLLT6/CASR/WNK2/BCL2/WWP2/JPH4/CNTN1/UBR3/F2/KCNIP1/ATP2B4/ABCC8",16
"GO:0022600","digestive system process","7/459","116/18860",0.0603448275862069,2.47952820975133,2.5244458960424,0.0233543606144428,0.0233543606144428,0.492253724914772,"ENPP7/PNLIP/PBLD/HIP1R/TJP2/TFF3/LPCAT3",7
"GO:0006868","glutamine transport","2/459","10/18860",0.2,8.21786492374728,3.60577010258133,0.0233692943043529,0.0233692943043529,0.492253724914772,"SLC38A1/SLC38A6",2
"GO:0009235","cobalamin metabolic process","2/459","10/18860",0.2,8.21786492374728,3.60577010258133,0.0233692943043529,0.0233692943043529,0.492253724914772,"CLYBL/MMAA",2
"GO:0038129","ERBB3 signaling pathway","2/459","10/18860",0.2,8.21786492374728,3.60577010258133,0.0233692943043529,0.0233692943043529,0.492253724914772,"NRG1/MYOC",2
"GO:0050812","regulation of acyl-CoA biosynthetic process","2/459","10/18860",0.2,8.21786492374728,3.60577010258133,0.0233692943043529,0.0233692943043529,0.492253724914772,"TPK1/PDK1",2
"GO:0060536","cartilage morphogenesis","2/459","10/18860",0.2,8.21786492374728,3.60577010258133,0.0233692943043529,0.0233692943043529,0.492253724914772,"STC1/MATN1",2
"GO:0050892","intestinal absorption","4/459","45/18860",0.0888888888888889,3.65238441055435,2.81342649208897,0.0235172614396216,0.0235172614396216,0.492253724914772,"ENPP7/PNLIP/TJP2/LPCAT3",4
"GO:0090199","regulation of release of cytochrome c from mitochondria","4/459","45/18860",0.0888888888888889,3.65238441055435,2.81342649208897,0.0235172614396216,0.0235172614396216,0.492253724914772,"PMAIP1/BMF/PRKAA1/BCL2L11",4
"GO:0071695","anatomical structure maturation","13/459","287/18860",0.0452961672473868,1.86118892001245,2.32189893829821,0.0240547632137377,0.0240547632137377,0.492253724914772,"NRCAM/CNTNAP2/CDH3/BCL11A/S1PR1/RYR1/RBPJ/VSX1/BCL2/CDKN1C/SLC26A3/MYOC/ADAMTS7",13
"GO:0009410","response to xenobiotic stimulus","18/459","443/18860",0.0406320541760722,1.66954366396672,2.25224838408183,0.0242430845056758,0.0242430845056758,0.492253724914772,"CYP2B6/KCNH2/CA9/MDM2/CRHBP/BCL2/MCM7/PRICKLE1/GRIN2A/GABRB3/MTHFR/PRKAA1/CBR3/RECQL5/CYP2E1/SLC28A3/ABCC8/NQO1",18
"GO:0048880","sensory system development","18/459","443/18860",0.0406320541760722,1.66954366396672,2.25224838408183,0.0242430845056758,0.0242430845056758,0.492253724914772,"MFAP2/NFIA/VSTM4/MAN2A1/VSX1/BCL2/CDKN1C/FGF9/PRICKLE1/RARB/SLC4A5/RAB11FIP4/WNT5B/RORB/GPM6A/GJA8/ATP2B4/CLDN19",18
"GO:0019079","viral genome replication","7/459","117/18860",0.0598290598290598,2.45833566095004,2.49905511580303,0.0243407850741294,0.0243407850741294,0.492253724914772,"NFIA/BCL2/PKN2/IFITM3/OAS1/APOBEC3H/IFITM2",7
"GO:0000303","response to superoxide","3/459","26/18860",0.115384615384615,4.74107591754651,3.01478865787679,0.0245853007812093,0.0245853007812093,0.492253724914772,"MB/MT3/NQO1",3
"GO:0046514","ceramide catabolic process","3/459","26/18860",0.115384615384615,4.74107591754651,3.01478865787679,0.0245853007812093,0.0245853007812093,0.492253724914772,"NEU4/GALC/GM2A",3
"GO:0071280","cellular response to copper ion","3/459","26/18860",0.115384615384615,4.74107591754651,3.01478865787679,0.0245853007812093,0.0245853007812093,0.492253724914772,"MT1G/MT3/MT1H",3
"GO:0099149","regulation of postsynaptic neurotransmitter receptor internalization","3/459","26/18860",0.115384615384615,4.74107591754651,3.01478865787679,0.0245853007812093,0.0245853007812093,0.492253724914772,"MDM2/NRG1/SYT17",3
"GO:2000737","negative regulation of stem cell differentiation","3/459","26/18860",0.115384615384615,4.74107591754651,3.01478865787679,0.0245853007812093,0.0245853007812093,0.492253724914772,"TCF15/PRICKLE1/ZFP36L2",3
"GO:0033273","response to vitamin","6/459","92/18860",0.0652173913043478,2.6797385620915,2.55077157770346,0.0248048761118156,0.0248048761118156,0.49403617519101,"STC1/POSTN/MDM2/CASR/MTHFR/GPRIN3",6
"GO:0002062","chondrocyte differentiation","7/459","119/18860",0.0588235294117647,2.41701909521979,2.44905062929741,0.026398701847509,0.026398701847509,0.513858157898924,"MATN1/FGF9/SHOX2/RARB/SOX5/WNT5B/ADAMTS7",7
"GO:0071466","cellular response to xenobiotic stimulus","10/459","202/18860",0.0495049504950495,2.03412498112556,2.33378653667373,0.0264871774026543,0.0264871774026543,0.513858157898924,"CYP2B6/KCNH2/CRHBP/MCM7/PRKAA1/CBR3/RECQL5/CYP2E1/SLC28A3/NQO1",10
"GO:0099175","regulation of postsynapse organization","8/459","146/18860",0.0547945205479452,2.25146984212254,2.39749916252532,0.0266153471821716,0.0266153471821716,0.513858157898924,"NRCAM/PPFIA2/CPEB3/CBLN1/ARHGAP22/CDC42/PRICKLE1/NGEF",8
"GO:0050807","regulation of synapse organization","14/459","322/18860",0.0434782608695652,1.78649237472767,2.24820533294886,0.0267729179262087,0.0267729179262087,0.513858157898924,"NRCAM/NRN1/PPFIA2/CPEB3/CBLN1/ARHGAP22/VSTM5/CDC42/RTN4RL1/PRICKLE1/NGEF/CACNA2D3/GPM6A/IGSF9",14
"GO:0000305","response to oxygen radical","3/459","27/18860",0.111111111111111,4.56548051319293,2.92809495573575,0.0271712254596172,0.0271712254596172,0.513858157898924,"MB/MT3/NQO1",3
"GO:0062009","secondary palate development","3/459","27/18860",0.111111111111111,4.56548051319293,2.92809495573575,0.0271712254596172,0.0271712254596172,0.513858157898924,"FZD2/WNT8A/GABRB3",3
"GO:0071379","cellular response to prostaglandin stimulus","3/459","27/18860",0.111111111111111,4.56548051319293,2.92809495573575,0.0271712254596172,0.0271712254596172,0.513858157898924,"GNAS/PTGFR/PRKAA1",3
"GO:1901890","positive regulation of cell junction assembly","7/459","120/18860",0.0583333333333333,2.39687726942629,2.42442660109134,0.0274708444017409,0.0274708444017409,0.513858157898924,"CNTNAP2/CBLN1/VSTM5/RTN4RL1/HOPX/MYOC/CLDN1",7
"GO:0051222","positive regulation of protein transport","12/459","263/18860",0.0456273764258555,1.87479808146326,2.25636425447742,0.0280427262880822,0.0280427262880822,0.513858157898924,"TCF7L2/AKAP5/MDM2/CASR/CDK1/ANXA13/TTN/F2/SLC30A8/OAZ3/ABCC8/UNC13B",12
"GO:0019227","neuronal action potential propagation","2/459","11/18860",0.181818181818182,7.47078629431571,3.39042547567759,0.0281085415162235,0.0281085415162235,0.513858157898924,"NRCAM/CLDN19",2
"GO:0032782","bile acid secretion","2/459","11/18860",0.181818181818182,7.47078629431571,3.39042547567759,0.0281085415162235,0.0281085415162235,0.513858157898924,"CASR/ABCB4",2
"GO:0034776","response to histamine","2/459","11/18860",0.181818181818182,7.47078629431571,3.39042547567759,0.0281085415162235,0.0281085415162235,0.513858157898924,"GABRB1/GABRB3",2
"GO:0048742","regulation of skeletal muscle fiber development","2/459","11/18860",0.181818181818182,7.47078629431571,3.39042547567759,0.0281085415162235,0.0281085415162235,0.513858157898924,"BCL2/SHOX2",2
"GO:0048755","branching morphogenesis of a nerve","2/459","11/18860",0.181818181818182,7.47078629431571,3.39042547567759,0.0281085415162235,0.0281085415162235,0.513858157898924,"BCL11A/SHOX2",2
"GO:0061771","response to caloric restriction","2/459","11/18860",0.181818181818182,7.47078629431571,3.39042547567759,0.0281085415162235,0.0281085415162235,0.513858157898924,"CHAC1/NQO1",2
"GO:0098880","maintenance of postsynaptic specialization structure","2/459","11/18860",0.181818181818182,7.47078629431571,3.39042547567759,0.0281085415162235,0.0281085415162235,0.513858157898924,"PPFIA2/PRICKLE1",2
"GO:1902237","positive regulation of endoplasmic reticulum stress-induced intrinsic apoptotic signaling pathway","2/459","11/18860",0.181818181818182,7.47078629431571,3.39042547567759,0.0281085415162235,0.0281085415162235,0.513858157898924,"PMAIP1/BCL2L11",2
"GO:0007586","digestion","8/459","148/18860",0.0540540540540541,2.22104457398575,2.35530542135619,0.0285561930467911,0.0285561930467911,0.517335888632445,"ENPP7/PNLIP/PGA3/PBLD/HIP1R/TJP2/TFF3/LPCAT3",8
"GO:0099565","chemical synaptic transmission, postsynaptic","7/459","121/18860",0.0578512396694215,2.37706836637318,2.40004807912053,0.0285721949062509,0.0285721949062509,0.517335888632445,"CBLN1/P2RX6/PRKAR1B/GRIN2A/GABRB3/SSH1/UNC13B",7
"GO:0055010","ventricular cardiac muscle tissue morphogenesis","4/459","48/18860",0.0833333333333333,3.4241103848947,2.65583130716333,0.0290291625388168,0.0290291625388168,0.518171992686426,"NRG1/RBPJ/MYH6/MYBPC3",4
"GO:0060043","regulation of cardiac muscle cell proliferation","4/459","48/18860",0.0833333333333333,3.4241103848947,2.65583130716333,0.0290291625388168,0.0290291625388168,0.518171992686426,"NRG1/RBPJ/CDK1/FGF9",4
"GO:0061383","trabecula morphogenesis","4/459","48/18860",0.0833333333333333,3.4241103848947,2.65583130716333,0.0290291625388168,0.0290291625388168,0.518171992686426,"NRG1/S1PR1/RBPJ/SLC40A1",4
"GO:0060612","adipose tissue development","5/459","71/18860",0.0704225352112676,2.89361440977017,2.52472366755943,0.0293145297308348,0.0293145297308348,0.520223307623177,"CASR/UMODL1/PRKAA1/GPR82/FTO",5
"GO:0050878","regulation of body fluid levels","16/459","389/18860",0.0411311053984576,1.69004934164468,2.17197440300832,0.0294190259915972,0.0294190259915972,0.520223307623177,"PDGFB/GNAS/SVEP1/MLLT6/PRKCQ/MYH9/APOH/P2RY2/ANGPT1/PRICKLE1/SLC4A5/F2/F9/ANGPTL1/CELA2A/FGL1",16
"GO:0032465","regulation of cytokinesis","6/459","96/18860",0.0625,2.56808278867102,2.4326904641224,0.0297774984181299,0.0297774984181299,0.521236819320854,"CETN2/CDC42/PKN2/OR1A2/RAB11FIP4/CCDC66",6
"GO:0007097","nuclear migration","3/459","28/18860",0.107142857142857,4.40242763772175,2.84553971071466,0.0298964025870165,0.0298964025870165,0.521236819320854,"SYNE2/CDC42/LMNB1",3
"GO:1904036","negative regulation of epithelial cell apoptotic process","3/459","28/18860",0.107142857142857,4.40242763772175,2.84553971071466,0.0298964025870165,0.0298964025870165,0.521236819320854,"TCF7L2/BCL2/PRKAA1",3
"GO:0090279","regulation of calcium ion import","4/459","49/18860",0.0816326530612245,3.35423058112134,2.60606987185734,0.0310223359917336,0.0310223359917336,0.521236819320854,"STC1/PDGFB/AKAP5/CASR",4
"GO:0050803","regulation of synapse structure or activity","14/459","329/18860",0.0425531914893617,1.74848189866963,2.16309096396637,0.0313181686808268,0.0313181686808268,0.521236819320854,"NRCAM/NRN1/PPFIA2/CPEB3/CBLN1/ARHGAP22/VSTM5/CDC42/RTN4RL1/PRICKLE1/NGEF/CACNA2D3/GPM6A/IGSF9",14
"GO:0051223","regulation of protein transport","18/459","458/18860",0.0393013100436681,1.61486428632588,2.10389690369711,0.0322016996103769,0.0322016996103769,0.521236819320854,"TCF7L2/GNAS/AKAP5/MDM2/CASR/VAMP4/ANGPT1/CDK1/ANXA13/WWP2/TTN/ACVR1C/F2/SLC30A8/CELA2A/OAZ3/ABCC8/UNC13B",18
"GO:0048661","positive regulation of smooth muscle cell proliferation","6/459","98/18860",0.0612244897959184,2.515672935841,2.37587686276202,0.0324921510231343,0.0324921510231343,0.521236819320854,"PDGFB/MDM2/S1PR1/HMOX1/FGF9/MYB",6
"GO:1901606","alpha-amino acid catabolic process","6/459","98/18860",0.0612244897959184,2.515672935841,2.37587686276202,0.0324921510231343,0.0324921510231343,0.521236819320854,"SARDH/HDC/FTCD/AMT/HAAO/ATP2B4",6
"GO:0009566","fertilization","11/459","239/18860",0.0460251046025105,1.89114046362385,2.18971994787042,0.0327064272283571,0.0327064272283571,0.521236819320854,"TDRD9/CCDC136/OVGP1/MYH9/UMODL1/CDK1/PRND/IQCH/HYAL3/RIMBP3/UNC13B",11
"GO:0001573","ganglioside metabolic process","3/459","29/18860",0.103448275862069,4.25061978814514,2.76677244910085,0.032760145024207,0.032760145024207,0.521236819320854,"B4GALNT1/NEU4/GM2A",3
"GO:0034695","response to prostaglandin E","3/459","29/18860",0.103448275862069,4.25061978814514,2.76677244910085,0.032760145024207,0.032760145024207,0.521236819320854,"GNAS/PRKAA1/AANAT",3
"GO:0042149","cellular response to glucose starvation","4/459","50/18860",0.08,3.28714596949891,2.55758129857482,0.0330941440032177,0.0330941440032177,0.521236819320854,"PMAIP1/BCL2/PRKAA1/UPP1",4
"GO:0045071","negative regulation of viral genome replication","4/459","50/18860",0.08,3.28714596949891,2.55758129857482,0.0330941440032177,0.0330941440032177,0.521236819320854,"IFITM3/OAS1/APOBEC3H/IFITM2",4
"GO:0000727","double-strand break repair via break-induced replication","2/459","12/18860",0.166666666666667,6.8482207697894,3.20056539792033,0.0331953184376939,0.0331953184376939,0.521236819320854,"MCM5/MCM7",2
"GO:0003157","endocardium development","2/459","12/18860",0.166666666666667,6.8482207697894,3.20056539792033,0.0331953184376939,0.0331953184376939,0.521236819320854,"NRG1/RBPJ",2
"GO:0006646","phosphatidylethanolamine biosynthetic process","2/459","12/18860",0.166666666666667,6.8482207697894,3.20056539792033,0.0331953184376939,0.0331953184376939,0.521236819320854,"PRKAA1/ETNK1",2
"GO:0009086","methionine biosynthetic process","2/459","12/18860",0.166666666666667,6.8482207697894,3.20056539792033,0.0331953184376939,0.0331953184376939,0.521236819320854,"APIP/MTHFR",2
"GO:0009143","nucleoside triphosphate catabolic process","2/459","12/18860",0.166666666666667,6.8482207697894,3.20056539792033,0.0331953184376939,0.0331953184376939,0.521236819320854,"ENPP3/SMPDL3A",2
"GO:0042996","regulation of Golgi to plasma membrane protein transport","2/459","12/18860",0.166666666666667,6.8482207697894,3.20056539792033,0.0331953184376939,0.0331953184376939,0.521236819320854,"VAMP4/ANXA13",2
"GO:0051918","negative regulation of fibrinolysis","2/459","12/18860",0.166666666666667,6.8482207697894,3.20056539792033,0.0331953184376939,0.0331953184376939,0.521236819320854,"APOH/F2",2
"GO:0052803","imidazole-containing compound metabolic process","2/459","12/18860",0.166666666666667,6.8482207697894,3.20056539792033,0.0331953184376939,0.0331953184376939,0.521236819320854,"HDC/FTCD",2
"GO:0090677","reversible differentiation","2/459","12/18860",0.166666666666667,6.8482207697894,3.20056539792033,0.0331953184376939,0.0331953184376939,0.521236819320854,"PDGFB/FGF9",2
"GO:0098870","action potential propagation","2/459","12/18860",0.166666666666667,6.8482207697894,3.20056539792033,0.0331953184376939,0.0331953184376939,0.521236819320854,"NRCAM/CLDN19",2
"GO:1900153","positive regulation of nuclear-transcribed mRNA catabolic process, deadenylation-dependent decay","2/459","12/18860",0.166666666666667,6.8482207697894,3.20056539792033,0.0331953184376939,0.0331953184376939,0.521236819320854,"CPEB3/ZFP36L2",2
"GO:1903764","regulation of potassium ion export across plasma membrane","2/459","12/18860",0.166666666666667,6.8482207697894,3.20056539792033,0.0331953184376939,0.0331953184376939,0.521236819320854,"KCNH2/WWP2",2
"GO:1903911","positive regulation of receptor clustering","2/459","12/18860",0.166666666666667,6.8482207697894,3.20056539792033,0.0331953184376939,0.0331953184376939,0.521236819320854,"DOK7/SSH1",2
"GO:1904729","regulation of intestinal lipid absorption","2/459","12/18860",0.166666666666667,6.8482207697894,3.20056539792033,0.0331953184376939,0.0331953184376939,0.521236819320854,"ENPP7/LPCAT3",2
"GO:0009308","amine metabolic process","6/459","99/18860",0.0606060606060606,2.49026209810524,2.34799529378965,0.0339077943021256,0.0339077943021256,0.530224099678736,"AGMAT/HDC/GRIN2A/AANAT/OAZ3/ATP2B4",6
"GO:0060420","regulation of heart growth","5/459","74/18860",0.0675675675675676,2.77630571748219,2.41802827486302,0.0342178392755208,0.0342178392755208,0.532870401539949,"NRG1/RBPJ/CDK1/FGF9/MYH6",5
"GO:0048259","regulation of receptor-mediated endocytosis","7/459","126/18860",0.0555555555555556,2.28274025659647,2.28167455651974,0.0345273114312709,0.0345273114312709,0.535486128539339,"MDM2/NRG1/SFRP4/HIP1R/ANGPT1/SH3GL3/SYT17",7
"GO:0031960","response to corticosteroid","8/459","154/18860",0.051948051948052,2.13451036980449,2.23266377298329,0.0349600618675883,0.0349600618675883,0.535725250047846,"STC1/CSN1S1/BCL2/AANAT/ZFP36L2/BCL2L11/CLDN1/KLF9",8
"GO:0048538","thymus development","4/459","51/18860",0.0784313725490196,3.22269212695972,2.51030508818719,0.0352448807124597,0.0352448807124597,0.535725250047846,"COA5/BCL2/MYB/BCL2L11",4
"GO:0051155","positive regulation of striated muscle cell differentiation","4/459","51/18860",0.0784313725490196,3.22269212695972,2.51030508818719,0.0352448807124597,0.0352448807124597,0.535725250047846,"NRG1/BCL2/HOPX/SHOX2",4
"GO:0098815","modulation of excitatory postsynaptic potential","4/459","51/18860",0.0784313725490196,3.22269212695972,2.51030508818719,0.0352448807124597,0.0352448807124597,0.535725250047846,"CBLN1/PRKAR1B/GRIN2A/SSH1",4
"GO:0043279","response to alkaloid","6/459","100/18860",0.06,2.46535947712418,2.32045270306187,0.0353627376817402,0.0353627376817402,0.535725250047846,"MDM2/CRHBP/RYR1/PRKAA1/RECQL5/GPRIN3",6
"GO:0071453","cellular response to oxygen levels","9/459","183/18860",0.0491803278688525,2.02078645665917,2.19155233001013,0.0354649348795796,0.0354649348795796,0.535725250047846,"STC1/MDM2/CASR/PMAIP1/CA3/BCL2/MT3/PDK1/PRKAA1",9
"GO:0003416","endochondral bone growth","3/459","30/18860",0.1,4.10893246187364,2.69148346001937,0.0357615331041813,0.0357615331041813,0.535725250047846,"STC1/MATN1/RARB",3
"GO:0050820","positive regulation of coagulation","3/459","30/18860",0.1,4.10893246187364,2.69148346001937,0.0357615331041813,0.0357615331041813,0.535725250047846,"APOH/ANGPT1/F2",3
"GO:0030239","myofibril assembly","5/459","75/18860",0.0666666666666667,2.73928830791576,2.38364496776054,0.0359584152535592,0.0359584152535592,0.535725250047846,"MYH11/TTN/MYH6/MYBPC3/NEB",5
"GO:0090559","regulation of membrane permeability","5/459","75/18860",0.0666666666666667,2.73928830791576,2.38364496776054,0.0359584152535592,0.0359584152535592,0.535725250047846,"HIP1R/TJP2/PMAIP1/BCL2/BCL2L11",5
"GO:0001824","blastocyst development","7/459","128/18860",0.0546875,2.24707244008715,2.23588546233208,0.0371236457095578,0.0371236457095578,0.539207454898904,"ETV2/PPP1CC/KDM4C/HOPX/ACVR1C/HORMAD1/AGBL4",7
"GO:0045471","response to ethanol","7/459","128/18860",0.0546875,2.24707244008715,2.23588546233208,0.0371236457095578,0.0371236457095578,0.539207454898904,"CRHBP/ITPR2/CA3/CDK1/GRIN2A/PRKAA1/CLDN1",7
"GO:0030195","negative regulation of blood coagulation","4/459","52/18860",0.0769230769230769,3.16071727836434,2.46418476925651,0.0374747592498098,0.0374747592498098,0.539207454898904,"PDGFB/APOH/ANGPT1/F2",4
"GO:1904752","regulation of vascular associated smooth muscle cell migration","4/459","52/18860",0.0769230769230769,3.16071727836434,2.46418476925651,0.0374747592498098,0.0374747592498098,0.539207454898904,"PDGFB/MDM2/FGF9/SSH1",4
"GO:0048525","negative regulation of viral process","5/459","76/18860",0.0657894736842105,2.70324504070634,2.3498213738626,0.037752615277557,0.037752615277557,0.539207454898904,"TRIM11/IFITM3/OAS1/APOBEC3H/IFITM2",5
"GO:0030326","embryonic limb morphogenesis","7/459","129/18860",0.0542635658914729,2.22965327388492,2.21330876551617,0.0384687225032709,0.0384687225032709,0.539207454898904,"AFF3/FGF9/PRICKLE1/SHOX2/RARB/FRAS1/BCL2L11",7
"GO:0035113","embryonic appendage morphogenesis","7/459","129/18860",0.0542635658914729,2.22965327388492,2.21330876551617,0.0384687225032709,0.0384687225032709,0.539207454898904,"AFF3/FGF9/PRICKLE1/SHOX2/RARB/FRAS1/BCL2L11",7
"GO:0035107","appendage morphogenesis","8/459","157/18860",0.0509554140127389,2.09372354745154,2.17343527817477,0.0384999323402286,0.0384999323402286,0.539207454898904,"AFF3/NFIA/FGF9/PRICKLE1/SHOX2/RARB/FRAS1/BCL2L11",8
"GO:0035108","limb morphogenesis","8/459","157/18860",0.0509554140127389,2.09372354745154,2.17343527817477,0.0384999323402286,0.0384999323402286,0.539207454898904,"AFF3/NFIA/FGF9/PRICKLE1/SHOX2/RARB/FRAS1/BCL2L11",8
"GO:0006596","polyamine biosynthetic process","2/459","13/18860",0.153846153846154,6.32143455672867,3.03126738534795,0.0386099800962887,0.0386099800962887,0.539207454898904,"AGMAT/OAZ3",2
"GO:0031952","regulation of protein autophosphorylation","2/459","13/18860",0.153846153846154,6.32143455672867,3.03126738534795,0.0386099800962887,0.0386099800962887,0.539207454898904,"PDGFB/NRG1",2
"GO:0042373","vitamin K metabolic process","2/459","13/18860",0.153846153846154,6.32143455672867,3.03126738534795,0.0386099800962887,0.0386099800962887,0.539207454898904,"CBR3/NQO1",2
"GO:0048505","regulation of timing of cell differentiation","2/459","13/18860",0.153846153846154,6.32143455672867,3.03126738534795,0.0386099800962887,0.0386099800962887,0.539207454898904,"RBPJ/FGF9",2
"GO:0060075","regulation of resting membrane potential","2/459","13/18860",0.153846153846154,6.32143455672867,3.03126738534795,0.0386099800962887,0.0386099800962887,0.539207454898904,"KCNK6/KCNK5",2
"GO:1905064","negative regulation of vascular associated smooth muscle cell differentiation","2/459","13/18860",0.153846153846154,6.32143455672867,3.03126738534795,0.0386099800962887,0.0386099800962887,0.539207454898904,"PDGFB/FGF9",2
"GO:0071248","cellular response to metal ion","9/459","186/18860",0.0483870967741935,1.98819312671305,2.13906796693378,0.0387057930114841,0.0387057930114841,0.539207454898904,"CRHBP/MT1G/RYR1/HMOX1/MT3/GABRB3/MT1H/PRKAA1/CLDN1",9
"GO:0042430","indole-containing compound metabolic process","3/459","31/18860",0.0967741935483871,3.9763862534261,2.61939786755016,0.0388994307171156,0.0388994307171156,0.539207454898904,"GRIN2A/AANAT/HAAO",3
"GO:0099505","regulation of presynaptic membrane potential","3/459","31/18860",0.0967741935483871,3.9763862534261,2.61939786755016,0.0388994307171156,0.0388994307171156,0.539207454898904,"GABRB1/CASR/GRIA3",3
"GO:0099558","maintenance of synapse structure","3/459","31/18860",0.0967741935483871,3.9763862534261,2.61939786755016,0.0388994307171156,0.0388994307171156,0.539207454898904,"PPFIA2/CBLN1/PRICKLE1",3
"GO:0051216","cartilage development","10/459","216/18860",0.0462962962962963,1.90228354716372,2.10642173338025,0.0391870518989487,0.0391870518989487,0.540144940567234,"STC1/NFIA/MATN1/FGF9/SHOX2/RARB/SOX5/WNT5B/HYAL3/ADAMTS7",10
"GO:0002090","regulation of receptor internalization","5/459","77/18860",0.0649350649350649,2.66813796225561,2.31654003145675,0.0396007189898112,0.0396007189898112,0.540144940567234,"MDM2/NRG1/SFRP4/ANGPT1/SYT17",5
"GO:0034331","cell junction maintenance","4/459","53/18860",0.0754716981132075,3.10108110330086,2.41916755746449,0.0397839133672405,0.0397839133672405,0.540144940567234,"PPFIA2/CBLN1/PRICKLE1/CLDN1",4
"GO:0050731","positive regulation of peptidyl-tyrosine phosphorylation","4/459","53/18860",0.0754716981132075,3.10108110330086,2.41916755746449,0.0397839133672405,0.0397839133672405,0.540144940567234,"DOK7/NRG1/ANGPT1/ENPP2",4
"GO:1900047","negative regulation of hemostasis","4/459","53/18860",0.0754716981132075,3.10108110330086,2.41916755746449,0.0397839133672405,0.0397839133672405,0.540144940567234,"PDGFB/APOH/ANGPT1/F2",4
"GO:0042542","response to hydrogen peroxide","6/459","103/18860",0.058252427184466,2.39355289041183,2.23977988452869,0.0399662181337648,0.0399662181337648,0.540144940567234,"MDM2/HMOX1/BCL2/CDK1/PRKAA1/MYB",6
"GO:0060419","heart growth","6/459","103/18860",0.058252427184466,2.39355289041183,2.23977988452869,0.0399662181337648,0.0399662181337648,0.540144940567234,"NRG1/S1PR1/RBPJ/CDK1/FGF9/MYH6",6
"GO:0098742","cell-cell adhesion via plasma-membrane adhesion molecules","12/459","279/18860",0.043010752688172,1.76728277930049,2.03923826336848,0.0411591179580068,0.0411591179580068,0.554287428578515,"NTNG1/CDH3/CDHR1/CBLN1/PCDHA11/CDH15/CADM3/SCARF2/CDH20/CLDN1/IGSF9/CLDN19",12
"GO:0048545","response to steroid hormone","14/459","343/18860",0.0408163265306122,1.67711529056067,1.99879994217459,0.0420546015384002,0.0420546015384002,0.55800432443762,"TCF7L2/STC1/GABRB1/CSN1S1/STRN3/MDM2/KDM4C/BCL2/RHOXF1/AANAT/ZFP36L2/BCL2L11/CLDN1/KLF9",14
"GO:0031670","cellular response to nutrient","4/459","54/18860",0.0740740740740741,3.04365367546195,2.37520404969512,0.0421723991515163,0.0421723991515163,0.55800432443762,"POSTN/MDM2/CASR/GPRIN3",4
"GO:0046622","positive regulation of organ growth","4/459","54/18860",0.0740740740740741,3.04365367546195,2.37520404969512,0.0421723991515163,0.0421723991515163,0.55800432443762,"NRG1/RBPJ/CDK1/FGF9",4
"GO:0141085","regulation of inflammasome-mediated signaling pathway","4/459","54/18860",0.0740740740740741,3.04365367546195,2.37520404969512,0.0421723991515163,0.0421723991515163,0.55800432443762,"CASR/TRIM11/KCNK6/BRCC3",4
"GO:1904738","vascular associated smooth muscle cell migration","4/459","54/18860",0.0740740740740741,3.04365367546195,2.37520404969512,0.0421723991515163,0.0421723991515163,0.55800432443762,"PDGFB/MDM2/FGF9/SSH1",4
"GO:0010977","negative regulation of neuron projection development","7/459","132/18860",0.053030303030303,2.17897933584208,2.1468041138109,0.0426942166401346,0.0426942166401346,0.562940432133813,"BCL11A/MDM2/MCF2/NEU4/MT3/RTN4RL1/NGEF",7
"GO:0051384","response to glucocorticoid","7/459","133/18860",0.0526315789473684,2.16259603256507,2.12503218526658,0.0441668019040389,0.0441668019040389,0.571130334644096,"STC1/BCL2/AANAT/ZFP36L2/BCL2L11/CLDN1/KLF9",7
"GO:0006213","pyrimidine nucleoside metabolic process","2/459","14/18860",0.142857142857143,5.86990351696234,2.87885467259365,0.0443336282574473,0.0443336282574473,0.571130334644096,"CDK1/UPP1",2
"GO:0040034","regulation of development, heterochronic","2/459","14/18860",0.142857142857143,5.86990351696234,2.87885467259365,0.0443336282574473,0.0443336282574473,0.571130334644096,"RBPJ/FGF9",2
"GO:0060456","positive regulation of digestive system process","2/459","14/18860",0.142857142857143,5.86990351696234,2.87885467259365,0.0443336282574473,0.0443336282574473,0.571130334644096,"ENPP7/LPCAT3",2
"GO:0110076","negative regulation of ferroptosis","2/459","14/18860",0.142857142857143,5.86990351696234,2.87885467259365,0.0443336282574473,0.0443336282574473,0.571130334644096,"HMOX1/NQO1",2
"GO:2000303","regulation of ceramide biosynthetic process","2/459","14/18860",0.142857142857143,5.86990351696234,2.87885467259365,0.0443336282574473,0.0443336282574473,0.571130334644096,"ENPP7/PRKAA1",2
"GO:0006575","modified amino acid metabolic process","9/459","191/18860",0.0471204188481675,1.93614618622318,2.05373681601738,0.0445446813377138,0.0445446813377138,0.571130334644096,"SARDH/OSBPL10/FTCD/SLC6A8/DUOXA2/MTHFR/ETHE1/LPCAT3/CHAC1",9
"GO:0032330","regulation of chondrocyte differentiation","4/459","55/18860",0.0727272727272727,2.98831451772628,2.33224794867266,0.0446401968108691,0.0446401968108691,0.571130334644096,"SHOX2/RARB/SOX5/ADAMTS7",4
"GO:0048534","hematopoietic or lymphoid organ development","6/459","106/18860",0.0566037735849057,2.32581082747564,2.16188455380265,0.044932887841291,0.044932887841291,0.571130334644096,"COA5/BCL2/BARX1/SLC40A1/MYB/BCL2L11",6
"GO:0033002","muscle cell proliferation","11/459","252/18860",0.0436507936507936,1.79358163018294,2.00302785246099,0.0450837391432488,0.0450837391432488,0.571130334644096,"TCF7L2/PDGFB/MDM2/NRG1/S1PR1/RBPJ/HMOX1/ANGPT1/CDK1/FGF9/MYB",11
"GO:0140962","multicellular organismal-level chemical homeostasis","5/459","80/18860",0.0625,2.56808278867102,2.21978620390836,0.0454707218027883,0.0454707218027883,0.571130334644096,"GNAS/MLLT6/HMOX1/OAS1/SLC40A1",5
"GO:0033198","response to ATP","3/459","33/18860",0.0909090909090909,3.73539314715785,2.48388293390516,0.0455792191959363,0.0455792191959363,0.571130334644096,"P2RY2/P2RX6/SSH1",3
"GO:0051647","nucleus localization","3/459","33/18860",0.0909090909090909,3.73539314715785,2.48388293390516,0.0455792191959363,0.0455792191959363,0.571130334644096,"SYNE2/CDC42/LMNB1",3
"GO:1900227","positive regulation of NLRP3 inflammasome complex assembly","3/459","33/18860",0.0909090909090909,3.73539314715785,2.48388293390516,0.0455792191959363,0.0455792191959363,0.571130334644096,"CASR/KCNK6/BRCC3",3
"GO:2000463","positive regulation of excitatory postsynaptic potential","3/459","33/18860",0.0909090909090909,3.73539314715785,2.48388293390516,0.0455792191959363,0.0455792191959363,0.571130334644096,"PRKAR1B/GRIN2A/SSH1",3
"GO:0050819","negative regulation of coagulation","4/459","56/18860",0.0714285714285714,2.93495175848117,2.2902558146066,0.0471872125265153,0.0471872125265153,0.579470127623153,"PDGFB/APOH/ANGPT1/F2",4
"GO:0071385","cellular response to glucocorticoid stimulus","4/459","56/18860",0.0714285714285714,2.93495175848117,2.2902558146066,0.0471872125265153,0.0471872125265153,0.579470127623153,"STC1/ZFP36L2/BCL2L11/KLF9",4
"GO:0043269","regulation of monoatomic ion transport","17/459","449/18860",0.0378619153674833,1.55572053122164,1.88228717879839,0.0489882451098093,0.0489882451098093,0.579470127623153,"STC1/PDGFB/AKAP5/KCNH2/MLLT6/CASR/WNK2/BCL2/WWP2/GRIN2A/JPH4/CNTN1/UBR3/F2/KCNIP1/ATP2B4/ABCC8",17
"GO:0051497","negative regulation of stress fiber assembly","3/459","34/18860",0.0882352941176471,3.62552864282968,2.42003781500154,0.0491178901038337,0.0491178901038337,0.579470127623153,"S1PR1/MYOC/OAZ3",3
"GO:0061384","heart trabecula morphogenesis","3/459","34/18860",0.0882352941176471,3.62552864282968,2.42003781500154,0.0491178901038337,0.0491178901038337,0.579470127623153,"NRG1/S1PR1/RBPJ",3
"GO:0061744","motor behavior","3/459","34/18860",0.0882352941176471,3.62552864282968,2.42003781500154,0.0491178901038337,0.0491178901038337,0.579470127623153,"B4GALNT1/GABRB3/PRKAA1",3
"GO:0098884","postsynaptic neurotransmitter receptor internalization","3/459","34/18860",0.0882352941176471,3.62552864282968,2.42003781500154,0.0491178901038337,0.0491178901038337,0.579470127623153,"MDM2/NRG1/SYT17",3
"GO:0099590","neurotransmitter receptor internalization","3/459","34/18860",0.0882352941176471,3.62552864282968,2.42003781500154,0.0491178901038337,0.0491178901038337,0.579470127623153,"MDM2/NRG1/SYT17",3
"GO:0140239","postsynaptic endocytosis","3/459","34/18860",0.0882352941176471,3.62552864282968,2.42003781500154,0.0491178901038337,0.0491178901038337,0.579470127623153,"MDM2/NRG1/SYT17",3
"GO:0141087","positive regulation of inflammasome-mediated signaling pathway","3/459","34/18860",0.0882352941176471,3.62552864282968,2.42003781500154,0.0491178901038337,0.0491178901038337,0.579470127623153,"CASR/KCNK6/BRCC3",3
"GO:0019226","transmission of nerve impulse","5/459","82/18860",0.0609756097560976,2.50544662309368,2.15770754911519,0.0496571264882735,0.0496571264882735,0.579470127623153,"NRCAM/CNTNAP2/S1PR1/GPRIN3/CLDN19",5
"GO:0031638","zymogen activation","4/459","57/18860",0.0701754385964912,2.88346137675343,2.24918684076274,0.049813280360856,0.049813280360856,0.579470127623153,"KLK3/APOH/TMPRSS9/F9",4
"GO:0051480","regulation of cytosolic calcium ion concentration","4/459","57/18860",0.0701754385964912,2.88346137675343,2.24918684076274,0.049813280360856,0.049813280360856,0.579470127623153,"ATP2B2/RYR1/F2/ATP2B4",4
"GO:0034976","response to endoplasmic reticulum stress","12/459","288/18860",0.0416666666666667,1.71205519244735,1.92320475677247,0.0501763827405716,0.0501763827405716,0.579470127623153,"RNF103/PMAIP1/SERP2/BCL2/ERLIN2/ATXN3L/UBXN10/MARCKS/RASGRF1/LPCAT3/BCL2L11/CHAC1",12
"GO:0003222","ventricular trabecula myocardium morphogenesis","2/459","15/18860",0.133333333333333,5.47857661583152,2.74051716866298,0.0503480868428139,0.0503480868428139,0.579470127623153,"NRG1/RBPJ",2
"GO:0016558","protein import into peroxisome matrix","2/459","15/18860",0.133333333333333,5.47857661583152,2.74051716866298,0.0503480868428139,0.0503480868428139,0.579470127623153,"PEX5L/PEX12",2
"GO:0035791","platelet-derived growth factor receptor-beta signaling pathway","2/459","15/18860",0.133333333333333,5.47857661583152,2.74051716866298,0.0503480868428139,0.0503480868428139,0.579470127623153,"PDGFB/HIP1R",2
"GO:0042762","regulation of sulfur metabolic process","2/459","15/18860",0.133333333333333,5.47857661583152,2.74051716866298,0.0503480868428139,0.0503480868428139,0.579470127623153,"TPK1/PDK1",2
"GO:0044743","protein transmembrane import into intracellular organelle","2/459","15/18860",0.133333333333333,5.47857661583152,2.74051716866298,0.0503480868428139,0.0503480868428139,0.579470127623153,"PEX5L/PEX12",2
"GO:0048070","regulation of developmental pigmentation","2/459","15/18860",0.133333333333333,5.47857661583152,2.74051716866298,0.0503480868428139,0.0503480868428139,0.579470127623153,"BCL2/BCL2L11",2
"GO:0048820","hair follicle maturation","2/459","15/18860",0.133333333333333,5.47857661583152,2.74051716866298,0.0503480868428139,0.0503480868428139,0.579470127623153,"CDH3/RBPJ",2
"GO:0071361","cellular response to ethanol","2/459","15/18860",0.133333333333333,5.47857661583152,2.74051716866298,0.0503480868428139,0.0503480868428139,0.579470127623153,"ITPR2/PRKAA1",2
"GO:0090153","regulation of sphingolipid biosynthetic process","2/459","15/18860",0.133333333333333,5.47857661583152,2.74051716866298,0.0503480868428139,0.0503480868428139,0.579470127623153,"ENPP7/PRKAA1",2
"GO:0097699","vascular endothelial cell response to fluid shear stress","2/459","15/18860",0.133333333333333,5.47857661583152,2.74051716866298,0.0503480868428139,0.0503480868428139,0.579470127623153,"GNAS/PKN2",2
"GO:1904478","regulation of intestinal absorption","2/459","15/18860",0.133333333333333,5.47857661583152,2.74051716866298,0.0503480868428139,0.0503480868428139,0.579470127623153,"ENPP7/LPCAT3",2
"GO:1904507","positive regulation of telomere maintenance in response to DNA damage","2/459","15/18860",0.133333333333333,5.47857661583152,2.74051716866298,0.0503480868428139,0.0503480868428139,0.579470127623153,"UCHL5/INO80C",2
"GO:0014902","myotube differentiation","7/459","137/18860",0.0510948905109489,2.09945454256317,2.03983389158874,0.0503822425026924,0.0503822425026924,0.579470127623153,"ADAMTS15/MYH9/DCAF8/RYR1/BCL2/ERVW-1/SHOX2",7
"GO:0098754","detoxification","8/459","166/18860",0.0481927710843374,1.98020841536079,2.00339373784605,0.0505323741334794,0.0505323741334794,0.579470127623153,"GPX3/MT1G/MB/MT3/OSCP1/MT1H/RDH11/NQO1",8
"GO:0048736","appendage development","9/459","196/18860",0.0459183673469388,1.88675470188075,1.97094331079407,0.0509457311141307,0.0509457311141307,0.580690879376347,"AFF3/NFIA/B4GALNT1/FGF9/PRICKLE1/SHOX2/RARB/FRAS1/BCL2L11",9
"GO:0060173","limb development","9/459","196/18860",0.0459183673469388,1.88675470188075,1.97094331079407,0.0509457311141307,0.0509457311141307,0.580690879376347,"AFF3/NFIA/B4GALNT1/FGF9/PRICKLE1/SHOX2/RARB/FRAS1/BCL2L11",9
"GO:0010927","cellular component assembly involved in morphogenesis","7/459","138/18860",0.0507246376811594,2.08424110384895,2.01899038434533,0.0520181254437618,0.0520181254437618,0.587107622895018,"CCDC136/MYH11/CNTN1/TTN/MYH6/MYBPC3/NEB",7
"GO:0032989","cellular anatomical entity morphogenesis","7/459","138/18860",0.0507246376811594,2.08424110384895,2.01899038434533,0.0520181254437618,0.0520181254437618,0.587107622895018,"CCDC136/MYH11/CNTN1/TTN/MYH6/MYBPC3/NEB",7
"GO:0019751","polyol metabolic process","6/459","110/18860",0.0545454545454545,2.24123588829471,2.06203005444884,0.0521292776712349,0.0521292776712349,0.587107622895018,"IP6K3/SORD/NUDT4/INPP5A/COQ3/SCP2",6
"GO:0051851","host-mediated perturbation of symbiont process","6/459","110/18860",0.0545454545454545,2.24123588829471,2.06203005444884,0.0521292776712349,0.0521292776712349,0.587107622895018,"TRIM11/SPRR2A/CDC42/IFITM3/APOBEC3H/IFITM2",6
"GO:0007338","single fertilization","9/459","197/18860",0.0456852791878173,1.87717726684582,1.95467569687966,0.0522947692397717,0.0522947692397717,0.58722378702789,"CCDC136/OVGP1/MYH9/UMODL1/CDK1/PRND/IQCH/HYAL3/UNC13B",9
"GO:0010765","positive regulation of sodium ion transport","3/459","35/18860",0.0857142857142857,3.5219421101774,2.35855823285421,0.0527866578247624,0.0527866578247624,0.589250224747775,"MLLT6/WNK2/CNTN1",3
"GO:0098868","bone growth","3/459","35/18860",0.0857142857142857,3.5219421101774,2.35855823285421,0.0527866578247624,0.0527866578247624,0.589250224747775,"STC1/MATN1/RARB",3
"GO:0039531","regulation of cytoplasmic pattern recognition receptor signaling pathway","7/459","139/18860",0.0503597122302158,2.06924656353349,1.99832306907869,0.0536870768248954,0.0536870768248954,0.596997454228092,"ANKRD17/CASR/XIAP/TRIM11/KCNK6/SMPDL3A/BRCC3",7
"GO:0009063","amino acid catabolic process","6/459","111/18860",0.0540540540540541,2.22104457398575,2.0377406696707,0.0540318761087849,0.0540318761087849,0.596997454228092,"SARDH/HDC/FTCD/AMT/HAAO/ATP2B4",6
"GO:0045913","positive regulation of carbohydrate metabolic process","5/459","84/18860",0.0595238095238095,2.44579313206764,2.09743843701021,0.0540628934819029,0.0540628934819029,0.596997454228092,"PDGFB/SLC4A4/PMAIP1/PRKAA1/EPM2AIP1",5
"GO:0051147","regulation of muscle cell differentiation","8/459","169/18860",0.0473372781065089,1.94505678668575,1.94908127480631,0.0550278136676895,0.0550278136676895,0.596997454228092,"PDGFB/MDM2/NRG1/OR10J5/BCL2/FGF9/HOPX/SHOX2",8
"GO:0001895","retina homeostasis","4/459","59/18860",0.0677966101694915,2.78571692330416,2.16966711188183,0.0553015598262234,0.0553015598262234,0.596997454228092,"CDH3/CDHR1/VSTM4/CCDC66",4
"GO:0046902","regulation of mitochondrial membrane permeability","4/459","59/18860",0.0677966101694915,2.78571692330416,2.16966711188183,0.0553015598262234,0.0553015598262234,0.596997454228092,"HIP1R/PMAIP1/BCL2/BCL2L11",4
"GO:0002027","regulation of heart rate","6/459","112/18860",0.0535714285714286,2.20121381886088,2.01370950027911,0.0559760821658068,0.0559760821658068,0.596997454228092,"KCNH2/MDM2/ACE/SHOX2/MYH6/KCNH6",6
"GO:0003073","regulation of systemic arterial blood pressure","6/459","112/18860",0.0535714285714286,2.20121381886088,2.01370950027911,0.0559760821658068,0.0559760821658068,0.596997454228092,"PDGFB/POSTN/KLK3/KCNK6/ACE/SLC4A5",6
"GO:0051149","positive regulation of muscle cell differentiation","5/459","85/18860",0.0588235294117647,2.41701909521979,2.06795056716373,0.0563481113703383,0.0563481113703383,0.596997454228092,"MDM2/NRG1/BCL2/HOPX/SHOX2",5
"GO:0170040","proteinogenic amino acid catabolic process","5/459","85/18860",0.0588235294117647,2.41701909521979,2.06795056716373,0.0563481113703383,0.0563481113703383,0.596997454228092,"HDC/FTCD/AMT/HAAO/ATP2B4",5
"GO:0006086","pyruvate decarboxylation to acetyl-CoA","2/459","16/18860",0.125,5.13616557734205,2.6140646239303,0.0566358780986066,0.0566358780986066,0.596997454228092,"TPK1/PDK1",2
"GO:0006555","methionine metabolic process","2/459","16/18860",0.125,5.13616557734205,2.6140646239303,0.0566358780986066,0.0566358780986066,0.596997454228092,"APIP/MTHFR",2
"GO:0007638","mechanosensory behavior","2/459","16/18860",0.125,5.13616557734205,2.6140646239303,0.0566358780986066,0.0566358780986066,0.596997454228092,"CNTNAP2/ETV1",2
"GO:0019896","axonal transport of mitochondrion","2/459","16/18860",0.125,5.13616557734205,2.6140646239303,0.0566358780986066,0.0566358780986066,0.596997454228092,"ARMCX3/AGBL4",2
"GO:0030174","regulation of DNA-templated DNA replication initiation","2/459","16/18860",0.125,5.13616557734205,2.6140646239303,0.0566358780986066,0.0566358780986066,0.596997454228092,"MCM5/MCM7",2
"GO:0031000","response to caffeine","2/459","16/18860",0.125,5.13616557734205,2.6140646239303,0.0566358780986066,0.0566358780986066,0.596997454228092,"RYR1/PRKAA1",2
"GO:0032897","negative regulation of viral transcription","2/459","16/18860",0.125,5.13616557734205,2.6140646239303,0.0566358780986066,0.0566358780986066,0.596997454228092,"TRIM11/IFITM3",2
"GO:0072537","fibroblast activation","2/459","16/18860",0.125,5.13616557734205,2.6140646239303,0.0566358780986066,0.0566358780986066,0.596997454228092,"MDM2/MYB",2
"GO:0099151","regulation of postsynaptic density assembly","2/459","16/18860",0.125,5.13616557734205,2.6140646239303,0.0566358780986066,0.0566358780986066,0.596997454228092,"CBLN1/PRICKLE1",2
"GO:2000402","negative regulation of lymphocyte migration","2/459","16/18860",0.125,5.13616557734205,2.6140646239303,0.0566358780986066,0.0566358780986066,0.596997454228092,"LRCH1/MIA3",2
"GO:0030168","platelet activation","7/459","141/18860",0.049645390070922,2.03989554844791,1.95750515144911,0.0571246117539368,0.0571246117539368,0.59881317759266,"PDGFB/GNAS/SVEP1/PRKCQ/MYH9/F2/CELA2A",7
"GO:0050792","regulation of viral process","7/459","141/18860",0.049645390070922,2.03989554844791,1.95750515144911,0.0571246117539368,0.0571246117539368,0.59881317759266,"TRIM11/BCL2/PKN2/IFITM3/OAS1/APOBEC3H/IFITM2",7
"GO:1903829","positive regulation of protein localization","17/459","459/18860",0.037037037037037,1.52182683773098,1.78754507446511,0.0577829819140987,0.0577829819140987,0.600897437347945,"TCF7L2/AKAP5/DOK7/MDM2/CASR/CDK1/ANXA13/TTN/PRKAA1/F2/SSH1/SLC30A8/OAZ3/ATP2B4/ABCC8/UNC13B/ARHGEF16",17
"GO:0045927","positive regulation of growth","11/459","263/18860",0.0418250950570342,1.71856490800799,1.85339246542366,0.0577998146967787,0.0577998146967787,0.600897437347945,"BCL11A/NRG1/RBPJ/BCL2/CDC42/CDK1/FGF9/HOPX/F2/SUPV3L1/SYT17",11
"GO:1901136","carbohydrate derivative catabolic process","11/459","263/18860",0.0418250950570342,1.71856490800799,1.85339246542366,0.0577998146967787,0.0577998146967787,0.600897437347945,"ENPP7/OVGP1/SLC4A4/NEU4/NUDT4/GALC/PRKAA1/PGAM4/UPP1/GM2A/HYAL3",11
"GO:0034332","adherens junction organization","4/459","60/18860",0.0666666666666667,2.73928830791576,2.13114617246635,0.0581630968051297,0.0581630968051297,0.602234700184541,"CDH3/CDC42/CDH15/CDH20",4
"GO:0006576","biogenic amine metabolic process","5/459","86/18860",0.0581395348837209,2.38891422201956,2.03887783301729,0.0586881916184961,0.0586881916184961,0.602234700184541,"AGMAT/HDC/GRIN2A/AANAT/OAZ3",5
"GO:2000736","regulation of stem cell differentiation","5/459","86/18860",0.0581395348837209,2.38891422201956,2.03887783301729,0.0586881916184961,0.0586881916184961,0.602234700184541,"TCF15/KDM4C/PRICKLE1/SOX5/ZFP36L2",5
"GO:0042742","defense response to bacterium","14/459","361/18860",0.038781163434903,1.593491813469,1.79820486316366,0.0593809981263062,0.0593809981263062,0.602234700184541,"DEFB105B/ANKRD17/LBP/KLK3/PRB3/XIAP/RBPJ/GSDMB/SPRR2A/F2/OAS1/GSDMA/MICA/DEFB129",14
"GO:0006664","glycolipid metabolic process","6/459","114/18860",0.0526315789473684,2.16259603256507,1.96640022958363,0.0599895821931837,0.0599895821931837,0.602234700184541,"ENPP7/B4GALNT1/NEU4/GALC/PRKAA1/GM2A",6
"GO:0003161","cardiac conduction system development","3/459","37/18860",0.0810810810810811,3.33156686097863,2.24207055553998,0.060506340238205,0.060506340238205,0.602234700184541,"CDC42/HOPX/SHOX2",3
"GO:0003230","cardiac atrium development","3/459","37/18860",0.0810810810810811,3.33156686097863,2.24207055553998,0.060506340238205,0.060506340238205,0.602234700184541,"MDM2/SHOX2/MYH6",3
"GO:0022616","DNA strand elongation","3/459","37/18860",0.0810810810810811,3.33156686097863,2.24207055553998,0.060506340238205,0.060506340238205,0.602234700184541,"UCHL5/INO80C/MCM7",3
"GO:0035456","response to interferon-beta","3/459","37/18860",0.0810810810810811,3.33156686097863,2.24207055553998,0.060506340238205,0.060506340238205,0.602234700184541,"IFITM3/OAS1/IFITM2",3
"GO:0045540","regulation of cholesterol biosynthetic process","3/459","37/18860",0.0810810810810811,3.33156686097863,2.24207055553998,0.060506340238205,0.060506340238205,0.602234700184541,"ERLIN2/PRKAA1/LPCAT3",3
"GO:0060218","hematopoietic stem cell differentiation","3/459","37/18860",0.0810810810810811,3.33156686097863,2.24207055553998,0.060506340238205,0.060506340238205,0.602234700184541,"TCF15/ACE/BCL2",3
"GO:0106118","regulation of sterol biosynthetic process","3/459","37/18860",0.0810810810810811,3.33156686097863,2.24207055553998,0.060506340238205,0.060506340238205,0.602234700184541,"ERLIN2/PRKAA1/LPCAT3",3
"GO:1901099","negative regulation of signal transduction in absence of ligand","3/459","37/18860",0.0810810810810811,3.33156686097863,2.24207055553998,0.060506340238205,0.060506340238205,0.602234700184541,"NRG1/SGK3/BCL2",3
"GO:1903725","regulation of phospholipid metabolic process","3/459","37/18860",0.0810810810810811,3.33156686097863,2.24207055553998,0.060506340238205,0.060506340238205,0.602234700184541,"ENPP7/PDGFB/SCP2",3
"GO:2001240","negative regulation of extrinsic apoptotic signaling pathway in absence of ligand","3/459","37/18860",0.0810810810810811,3.33156686097863,2.24207055553998,0.060506340238205,0.060506340238205,0.602234700184541,"NRG1/SGK3/BCL2",3
"GO:0016032","viral process","15/459","396/18860",0.0378787878787879,1.55641381131577,1.76737032663152,0.0615185757219317,0.0615185757219317,0.602234700184541,"TRIM11/MYH9/NFIA/MAN2A1/GALNT1/BCL2/CDK1/PKN2/WWP2/IFITM3/OAS1/APOBEC3H/OAZ3/CLDN1/IFITM2",15
"GO:0019058","viral life cycle","12/459","298/18860",0.0402684563758389,1.65460367592227,1.79895022885914,0.0616800486304682,0.0616800486304682,0.602234700184541,"TRIM11/MYH9/NFIA/BCL2/CDK1/PKN2/WWP2/IFITM3/OAS1/APOBEC3H/CLDN1/IFITM2",12
"GO:1903509","liposaccharide metabolic process","6/459","115/18860",0.0521739130434783,2.1437908496732,1.9431117413457,0.0620589622731195,0.0620589622731195,0.602234700184541,"ENPP7/B4GALNT1/NEU4/GALC/PRKAA1/GM2A",6
"GO:0030198","extracellular matrix organization","13/459","331/18860",0.0392749244712991,1.61378012097756,1.77928609607297,0.0624130931075375,0.0624130931075375,0.602234700184541,"VIT/TCF15/POSTN/IMPG1/ADAMTS15/MYH11/ADAMTSL1/PRDM5/MATN1/PRICKLE1/LOXL1/ADAMTS7/MMP16",13
"GO:0048639","positive regulation of developmental growth","8/459","174/18860",0.0459770114942529,1.88916435028673,1.86098749224783,0.0630717386774695,0.0630717386774695,0.602234700184541,"BCL11A/NRG1/RBPJ/BCL2/CDK1/FGF9/HOPX/SYT17",8
"GO:0000097","sulfur amino acid biosynthetic process","2/459","17/18860",0.117647058823529,4.83403819043957,2.49776071965165,0.0631801994922392,0.0631801994922392,0.602234700184541,"APIP/MTHFR",2
"GO:0009313","oligosaccharide catabolic process","2/459","17/18860",0.117647058823529,4.83403819043957,2.49776071965165,0.0631801994922392,0.0631801994922392,0.602234700184541,"NEU4/GM2A",2
"GO:0036166","phenotypic switching","2/459","17/18860",0.117647058823529,4.83403819043957,2.49776071965165,0.0631801994922392,0.0631801994922392,0.602234700184541,"PDGFB/FGF9",2
"GO:0045198","establishment of epithelial cell apical/basal polarity","2/459","17/18860",0.117647058823529,4.83403819043957,2.49776071965165,0.0631801994922392,0.0631801994922392,0.602234700184541,"TCF15/CDC42",2
"GO:0051917","regulation of fibrinolysis","2/459","17/18860",0.117647058823529,4.83403819043957,2.49776071965165,0.0631801994922392,0.0631801994922392,0.602234700184541,"APOH/F2",2
"GO:0060080","inhibitory postsynaptic potential","2/459","17/18860",0.117647058823529,4.83403819043957,2.49776071965165,0.0631801994922392,0.0631801994922392,0.602234700184541,"GABRB3/UNC13B",2
"GO:0060382","regulation of DNA strand elongation","2/459","17/18860",0.117647058823529,4.83403819043957,2.49776071965165,0.0631801994922392,0.0631801994922392,0.602234700184541,"UCHL5/INO80C",2
"GO:0090158","endoplasmic reticulum membrane organization","2/459","17/18860",0.117647058823529,4.83403819043957,2.49776071965165,0.0631801994922392,0.0631801994922392,0.602234700184541,"ATL1/LPCAT3",2
"GO:0110075","regulation of ferroptosis","2/459","17/18860",0.117647058823529,4.83403819043957,2.49776071965165,0.0631801994922392,0.0631801994922392,0.602234700184541,"HMOX1/NQO1",2
"GO:0120305","regulation of pigmentation","2/459","17/18860",0.117647058823529,4.83403819043957,2.49776071965165,0.0631801994922392,0.0631801994922392,0.602234700184541,"BCL2/BCL2L11",2
"GO:0170043","non-proteinogenic amino acid biosynthetic process","2/459","17/18860",0.117647058823529,4.83403819043957,2.49776071965165,0.0631801994922392,0.0631801994922392,0.602234700184541,"SLC38A1/ATP2B4",2
"GO:1902969","mitotic DNA replication","2/459","17/18860",0.117647058823529,4.83403819043957,2.49776071965165,0.0631801994922392,0.0631801994922392,0.602234700184541,"CDK1/RECQL5",2
"GO:2000369","regulation of clathrin-dependent endocytosis","2/459","17/18860",0.117647058823529,4.83403819043957,2.49776071965165,0.0631801994922392,0.0631801994922392,0.602234700184541,"HIP1R/SH3GL3",2
"GO:0062208","positive regulation of pattern recognition receptor signaling pathway","5/459","88/18860",0.0568181818181818,2.33462071697366,1.9819326201571,0.0635326621301682,0.0635326621301682,0.602571761468833,"ANKRD17/LBP/CASR/KCNK6/BRCC3",5
"GO:0043062","extracellular structure organization","13/459","332/18860",0.0391566265060241,1.60891933748064,1.76790733368869,0.0635942507621303,0.0635942507621303,0.602571761468833,"VIT/TCF15/POSTN/IMPG1/ADAMTS15/MYH11/ADAMTSL1/PRDM5/MATN1/PRICKLE1/LOXL1/ADAMTS7/MMP16",13
"GO:0170041","non-proteinogenic amino acid metabolic process","4/459","62/18860",0.0645161290322581,2.65092416895073,2.0564213682756,0.0641187950602134,0.0641187950602134,0.602571761468833,"SLC38A1/SARDH/MTHFR/ATP2B4",4
"GO:0008637","apoptotic mitochondrial changes","6/459","116/18860",0.0517241379310345,2.12530989407257,1.92006068227984,0.0641701223635928,0.0641701223635928,0.602571761468833,"HIP1R/PMAIP1/BCL2/BMF/PRKAA1/BCL2L11",6
"GO:0170039","proteinogenic amino acid metabolic process","8/459","175/18860",0.0457142857142857,1.87836912542795,1.843717999631,0.0647639807606461,0.0647639807606461,0.602571761468833,"AGMAT/HDC/FTCD/AMT/APIP/MTHFR/HAAO/ATP2B4",8
"GO:0045229","external encapsulating structure organization","13/459","333/18860",0.039039039039039,1.6040877478786,1.75656632959109,0.0647902031685954,0.0647902031685954,0.602571761468833,"VIT/TCF15/POSTN/IMPG1/ADAMTS15/MYH11/ADAMTSL1/PRDM5/MATN1/PRICKLE1/LOXL1/ADAMTS7/MMP16",13
"GO:0072593","reactive oxygen species metabolic process","10/459","237/18860",0.0421940928270042,1.73372677716187,1.79526548148098,0.0652244826431095,0.0652244826431095,0.602571761468833,"PDGFB/GPX3/PMAIP1/CA3/MB/BCL2/MT3/DUOXA2/F2/NQO1",10
"GO:0006006","glucose metabolic process","9/459","206/18860",0.0436893203883495,1.79516466780887,1.81238166004932,0.0654907163720273,0.0654907163720273,0.602571761468833,"TCF7L2/PMAIP1/SORD/BOLA3/PDK1/PRKAA1/OAS1/TFF3/EPM2AIP1",9
"GO:1904951","positive regulation of establishment of protein localization","13/459","334/18860",0.0389221556886228,1.59928508995082,1.74526281906745,0.0660009976777477,0.0660009976777477,0.602571761468833,"TCF7L2/AKAP5/MDM2/CASR/CDK1/ANXA13/TTN/PRKAA1/F2/SLC30A8/OAZ3/ABCC8/UNC13B",13
"GO:0007422","peripheral nervous system development","5/459","89/18860",0.0561797752808989,2.30838902352452,1.95403865565525,0.0660368340625919,0.0660368340625919,0.602571761468833,"ETV1/NRG1/CDK1/MYOC/CLDN1",5
"GO:0018958","phenol-containing compound metabolic process","6/459","117/18860",0.0512820512820513,2.10714485224289,1.8972422337462,0.0663230595143746,0.0663230595143746,0.602571761468833,"CDH3/HDC/BCL2/DUOXA2/GRIN2A/CYP2E1",6
"GO:0090263","positive regulation of canonical Wnt signaling pathway","6/459","117/18860",0.0512820512820513,2.10714485224289,1.8972422337462,0.0663230595143746,0.0663230595143746,0.602571761468833,"CDH3/WNK2/XIAP/RBPJ/SFRP4/FGF9",6
"GO:0003205","cardiac chamber development","8/459","176/18860",0.0454545454545455,1.86769657357893,1.8265612814238,0.0664841853668724,0.0664841853668724,0.602571761468833,"MDM2/FZD2/NRG1/RBPJ/SHOX2/RARB/MYH6/MYBPC3",8
"GO:1901605","alpha-amino acid metabolic process","9/459","207/18860",0.0434782608695652,1.78649237472767,1.7970092157487,0.0670755246098609,0.0670755246098609,0.602571761468833,"AGMAT/SARDH/HDC/FTCD/AMT/APIP/MTHFR/HAAO/ATP2B4",9
"GO:0014009","glial cell proliferation","4/459","63/18860",0.0634920634920635,2.60884600753882,2.02015848285422,0.0672119035858167,0.0672119035858167,0.602571761468833,"NFIA/PPP1CC/MYB/ABCC8",4
"GO:0033013","tetrapyrrole metabolic process","4/459","63/18860",0.0634920634920635,2.60884600753882,2.02015848285422,0.0672119035858167,0.0672119035858167,0.602571761468833,"CLYBL/MMAA/HMOX1/TMEM14B",4
"GO:0060038","cardiac muscle cell proliferation","4/459","63/18860",0.0634920634920635,2.60884600753882,2.02015848285422,0.0672119035858167,0.0672119035858167,0.602571761468833,"NRG1/RBPJ/CDK1/FGF9",4
"GO:0030048","actin filament-based movement","7/459","147/18860",0.0476190476190476,1.95663450565411,1.83898404232462,0.06823987668837,0.06823987668837,0.602571761468833,"STC1/KCNH2/MYH9/SYNE2/TTN/MYH6/MYBPC3",7
"GO:0051591","response to cAMP","5/459","90/18860",0.0555555555555556,2.28274025659647,1.92651681206099,0.0685954326758923,0.0685954326758923,0.602571761468833,"STC1/CRHBP/ITPR2/SLC26A3/AANAT",5
"GO:0032147","activation of protein kinase activity","3/459","39/18860",0.0769230769230769,3.16071727836434,2.1333094704781,0.0687207011181058,0.0687207011181058,0.602571761468833,"NRG1/ANGPT1/MT3",3
"GO:0032232","negative regulation of actin filament bundle assembly","3/459","39/18860",0.0769230769230769,3.16071727836434,2.1333094704781,0.0687207011181058,0.0687207011181058,0.602571761468833,"S1PR1/MYOC/OAZ3",3
"GO:0045880","positive regulation of smoothened signaling pathway","3/459","39/18860",0.0769230769230769,3.16071727836434,2.1333094704781,0.0687207011181058,0.0687207011181058,0.602571761468833,"UCHL5/FGF9/SHOX2",3
"GO:0048741","skeletal muscle fiber development","3/459","39/18860",0.0769230769230769,3.16071727836434,2.1333094704781,0.0687207011181058,0.0687207011181058,0.602571761468833,"RYR1/BCL2/SHOX2",3
"GO:0150146","cell junction disassembly","3/459","39/18860",0.0769230769230769,3.16071727836434,2.1333094704781,0.0687207011181058,0.0687207011181058,0.602571761468833,"PRICKLE1/NGEF/ABCC8",3
"GO:0006595","polyamine metabolic process","2/459","18/18860",0.111111111111111,4.56548051319293,2.39020846634045,0.069964901315982,0.069964901315982,0.602571761468833,"AGMAT/OAZ3",2
"GO:0007076","mitotic chromosome condensation","2/459","18/18860",0.111111111111111,4.56548051319293,2.39020846634045,0.069964901315982,0.069964901315982,0.602571761468833,"TTN/SMARCA5",2
"GO:0010310","regulation of hydrogen peroxide metabolic process","2/459","18/18860",0.111111111111111,4.56548051319293,2.39020846634045,0.069964901315982,0.069964901315982,0.602571761468833,"MT3/DUOXA2",2
"GO:0010544","negative regulation of platelet activation","2/459","18/18860",0.111111111111111,4.56548051319293,2.39020846634045,0.069964901315982,0.069964901315982,0.602571761468833,"PDGFB/F2",2
"GO:0016553","base conversion or substitution editing","2/459","18/18860",0.111111111111111,4.56548051319293,2.39020846634045,0.069964901315982,0.069964901315982,0.602571761468833,"ADARB2/APOBEC3H",2
"GO:0019373","epoxygenase P450 pathway","2/459","18/18860",0.111111111111111,4.56548051319293,2.39020846634045,0.069964901315982,0.069964901315982,0.602571761468833,"CYP2B6/CYP2E1",2
"GO:0032933","SREBP signaling pathway","2/459","18/18860",0.111111111111111,4.56548051319293,2.39020846634045,0.069964901315982,0.069964901315982,0.602571761468833,"ERLIN2/ARHGEF10L",2
"GO:0035022","positive regulation of Rac protein signal transduction","2/459","18/18860",0.111111111111111,4.56548051319293,2.39020846634045,0.069964901315982,0.069964901315982,0.602571761468833,"DOK7/RASGRF1",2
"GO:0044320","cellular response to leptin stimulus","2/459","18/18860",0.111111111111111,4.56548051319293,2.39020846634045,0.069964901315982,0.069964901315982,0.602571761468833,"CA3/MT3",2
"GO:0046579","positive regulation of Ras protein signal transduction","2/459","18/18860",0.111111111111111,4.56548051319293,2.39020846634045,0.069964901315982,0.069964901315982,0.602571761468833,"RASGEF1A/RASGRF1",2
"GO:0055089","fatty acid homeostasis","2/459","18/18860",0.111111111111111,4.56548051319293,2.39020846634045,0.069964901315982,0.069964901315982,0.602571761468833,"ENPP7/PRKAA1",2
"GO:0070673","response to interleukin-18","2/459","18/18860",0.111111111111111,4.56548051319293,2.39020846634045,0.069964901315982,0.069964901315982,0.602571761468833,"PDGFB/CLDN1",2
"GO:0071499","cellular response to laminar fluid shear stress","2/459","18/18860",0.111111111111111,4.56548051319293,2.39020846634045,0.069964901315982,0.069964901315982,0.602571761468833,"GNAS/PKN2",2
"GO:0072662","protein localization to peroxisome","2/459","18/18860",0.111111111111111,4.56548051319293,2.39020846634045,0.069964901315982,0.069964901315982,0.602571761468833,"PEX5L/PEX12",2
"GO:0097707","ferroptosis","2/459","18/18860",0.111111111111111,4.56548051319293,2.39020846634045,0.069964901315982,0.069964901315982,0.602571761468833,"HMOX1/NQO1",2
"GO:1901142","insulin metabolic process","2/459","18/18860",0.111111111111111,4.56548051319293,2.39020846634045,0.069964901315982,0.069964901315982,0.602571761468833,"SLC30A8/CELA2A",2
"GO:1903909","regulation of receptor clustering","2/459","18/18860",0.111111111111111,4.56548051319293,2.39020846634045,0.069964901315982,0.069964901315982,0.602571761468833,"DOK7/SSH1",2
"GO:0009749","response to glucose","9/459","209/18860",0.0430622009569378,1.76939675391688,1.76651525442429,0.0703170070540173,0.0703170070540173,0.602571761468833,"TCF7L2/CASR/PTPRN2/ACVR1C/PRKAA1/SLC30A8/GPR82/ABCC8/UNC13B",9
"GO:0000768","syncytium formation by plasma membrane fusion","4/459","64/18860",0.0625,2.56808278867102,1.98459191240529,0.0703810521949271,0.0703810521949271,0.602571761468833,"ADAMTS15/MYH9/ERVW-1/VASH2",4
"GO:0044331","cell-cell adhesion mediated by cadherin","4/459","64/18860",0.0625,2.56808278867102,1.98459191240529,0.0703810521949271,0.0703810521949271,0.602571761468833,"CDH3/CDH15/PARP12/CDH20",4
"GO:0140253","cell-cell fusion","4/459","64/18860",0.0625,2.56808278867102,1.98459191240529,0.0703810521949271,0.0703810521949271,0.602571761468833,"ADAMTS15/MYH9/ERVW-1/VASH2",4
"GO:0006672","ceramide metabolic process","6/459","119/18860",0.0504201680672269,2.07173065304553,1.85228458750683,0.0707541623527156,0.0707541623527156,0.603211606503072,"ENPP7/B4GALNT1/NEU4/GALC/PRKAA1/GM2A",6
"GO:0007409","axonogenesis","17/459","472/18860",0.0360169491525424,1.47991211550534,1.66767118982523,0.0707745912720434,0.0707745912720434,0.603211606503072,"NRCAM/NTNG1/BCL11A/ABLIM1/PRKCQ/ETV1/MAP6/POTEE/MCF2/ATL1/BCL2/MT3/PRICKLE1/CNTN1/SHOX2/ARHGEF40/IGSF9",17
"GO:0003407","neural retina development","5/459","91/18860",0.0549450549450549,2.25765519883167,1.89935734156417,0.0712082712593002,0.0712082712593002,0.604186299686534,"VSX1/RAB11FIP4/RORB/GPM6A/ATP2B4",5
"GO:0051453","regulation of intracellular pH","5/459","91/18860",0.0549450549450549,2.25765519883167,1.89935734156417,0.0712082712593002,0.0712082712593002,0.604186299686534,"SLC4A4/BCL2/SLC4A5/SLC26A3/CREG1",5
"GO:0050796","regulation of insulin secretion","8/459","179/18860",0.0446927374301676,1.83639439636811,1.77575288988297,0.0718129936905828,0.0718129936905828,0.607954108837031,"TCF7L2/GNAS/CASR/ACVR1C/F2/SLC30A8/CELA2A/ABCC8",8
"GO:0051260","protein homooligomerization","9/459","210/18860",0.0428571428571429,1.7609710550887,1.75139186270477,0.0719737634913535,0.0719737634913535,0.607955074603891,"BCL11A/GRIA3/CLYBL/RYR1/ATL1/VSTM5/APIP/KCTD15/PRND",9
"GO:0070588","calcium ion transmembrane transport","13/459","339/18860",0.0383480825958702,1.57569681428783,1.68929859095117,0.0722791199620746,0.0722791199620746,0.609174624929453,"AKAP5/ATP2B2/RYR1/ITPR2/P2RX6/BCL2/GRIN2A/JPH4/UBR3/F2/CACNA2D3/GPM6A/ATP2B4",13
"GO:0019722","calcium-mediated signaling","10/459","242/18860",0.0413223140495868,1.69790597598084,1.72577052577865,0.0727485785111024,0.0727485785111024,0.611768747947166,"AKAP5/GRIA3/RYR1/ITPR2/NUDT4/GRIN2A/JPH4/PRKAA1/INPP5A/ATP2B4",10
"GO:0070633","transepithelial transport","3/459","40/18860",0.075,3.08169934640523,2.08153229007588,0.0730073951027707,0.0730073951027707,0.612583931367629,"CLCNKA/PARP12/CLDN19",3
"GO:0090276","regulation of peptide hormone secretion","9/459","211/18860",0.042654028436019,1.7526252207044,1.73634963903708,0.0736545755061915,0.0736545755061915,0.616646946774006,"TCF7L2/GNAS/CASR/CRHBP/ACVR1C/F2/SLC30A8/CELA2A/ABCC8",9
"GO:0051961","negative regulation of nervous system development","7/459","151/18860",0.0463576158940397,1.90480312802089,1.76304030090718,0.0763221538545407,0.0763221538545407,0.621947239342843,"BCL11A/TRIM11/MCF2/CBLN1/MT3/F2/ABCC8",7
"GO:0030901","midbrain development","5/459","93/18860",0.0537634408602151,2.20910347412561,1.84608832891733,0.0765957717984733,0.0765957717984733,0.621947239342843,"BARHL1/UCHL5/POTEE/CDC42/FGF9",5
"GO:0071384","cellular response to corticosteroid stimulus","4/459","66/18860",0.0606060606060606,2.49026209810524,1.91544626514211,0.0769447372728922,0.0769447372728922,0.621947239342843,"STC1/ZFP36L2/BCL2L11/KLF9",4
"GO:0007635","chemosensory behavior","2/459","19/18860",0.105263157894737,4.32519206513015,2.29026914137746,0.0769744649770497,0.0769744649770497,0.621947239342843,"CASR/UBR3",2
"GO:0009067","aspartate family amino acid biosynthetic process","2/459","19/18860",0.105263157894737,4.32519206513015,2.29026914137746,0.0769744649770497,0.0769744649770497,0.621947239342843,"APIP/MTHFR",2
"GO:0030949","positive regulation of vascular endothelial growth factor receptor signaling pathway","2/459","19/18860",0.105263157894737,4.32519206513015,2.29026914137746,0.0769744649770497,0.0769744649770497,0.621947239342843,"FGF9/MT3",2
"GO:0042574","retinal metabolic process","2/459","19/18860",0.105263157894737,4.32519206513015,2.29026914137746,0.0769744649770497,0.0769744649770497,0.621947239342843,"RDH11/DHRS4L1",2
"GO:0045603","positive regulation of endothelial cell differentiation","2/459","19/18860",0.105263157894737,4.32519206513015,2.29026914137746,0.0769744649770497,0.0769744649770497,0.621947239342843,"ETV2/ATOH8",2
"GO:0051341","regulation of oxidoreductase activity","2/459","19/18860",0.105263157894737,4.32519206513015,2.29026914137746,0.0769744649770497,0.0769744649770497,0.621947239342843,"CDH3/MT3",2
"GO:0071071","regulation of phospholipid biosynthetic process","2/459","19/18860",0.105263157894737,4.32519206513015,2.29026914137746,0.0769744649770497,0.0769744649770497,0.621947239342843,"PDGFB/SCP2",2
"GO:0071318","cellular response to ATP","2/459","19/18860",0.105263157894737,4.32519206513015,2.29026914137746,0.0769744649770497,0.0769744649770497,0.621947239342843,"P2RY2/SSH1",2
"GO:0071391","cellular response to estrogen stimulus","2/459","19/18860",0.105263157894737,4.32519206513015,2.29026914137746,0.0769744649770497,0.0769744649770497,0.621947239342843,"MDM2/CRHBP",2
"GO:0071501","cellular response to sterol depletion","2/459","19/18860",0.105263157894737,4.32519206513015,2.29026914137746,0.0769744649770497,0.0769744649770497,0.621947239342843,"ERLIN2/ARHGEF10L",2
"GO:0099638","endosome to plasma membrane protein transport","2/459","19/18860",0.105263157894737,4.32519206513015,2.29026914137746,0.0769744649770497,0.0769744649770497,0.621947239342843,"AKAP5/VAMP4",2
"GO:1904505","regulation of telomere maintenance in response to DNA damage","2/459","19/18860",0.105263157894737,4.32519206513015,2.29026914137746,0.0769744649770497,0.0769744649770497,0.621947239342843,"UCHL5/INO80C",2
"GO:1905962","glutamatergic neuron differentiation","2/459","19/18860",0.105263157894737,4.32519206513015,2.29026914137746,0.0769744649770497,0.0769744649770497,0.621947239342843,"CBLN1/VSX1",2
"GO:0030073","insulin secretion","9/459","213/18860",0.0422535211267606,1.7361686458621,1.70650511027454,0.0770884686718859,0.0770884686718859,0.621947239342843,"TCF7L2/GNAS/CASR/PTPRN2/ACVR1C/F2/SLC30A8/CELA2A/ABCC8",9
"GO:0016202","regulation of striated muscle tissue development","3/459","41/18860",0.0731707317073171,3.00653594771242,2.03135375967564,0.0774103733641044,0.0774103733641044,0.621947239342843,"BCL2/SHOX2/PRKAA1",3
"GO:1905898","positive regulation of response to endoplasmic reticulum stress","3/459","41/18860",0.0731707317073171,3.00653594771242,2.03135375967564,0.0774103733641044,0.0774103733641044,0.621947239342843,"PMAIP1/ATXN3L/BCL2L11",3
"GO:0006949","syncytium formation","4/459","67/18860",0.0597014925373134,2.45309400708874,1.88181972513284,0.0803377758766711,0.0803377758766711,0.63004660582496,"ADAMTS15/MYH9/ERVW-1/VASH2",4
"GO:0017156","calcium-ion regulated exocytosis","4/459","67/18860",0.0597014925373134,2.45309400708874,1.88181972513284,0.0803377758766711,0.0803377758766711,0.63004660582496,"MYH9/HYAL3/UNC13B/SYT17",4
"GO:0070059","intrinsic apoptotic signaling pathway in response to endoplasmic reticulum stress","4/459","67/18860",0.0597014925373134,2.45309400708874,1.88181972513284,0.0803377758766711,0.0803377758766711,0.63004660582496,"PMAIP1/BCL2/BCL2L11/CHAC1",4
"GO:0002791","regulation of peptide secretion","9/459","215/18860",0.0418604651162791,1.72001823985408,1.67697463903366,0.0806188347241351,0.0806188347241351,0.63004660582496,"TCF7L2/GNAS/CASR/CRHBP/ACVR1C/F2/SLC30A8/CELA2A/ABCC8",9
"GO:0009746","response to hexose","9/459","215/18860",0.0418604651162791,1.72001823985408,1.67697463903366,0.0806188347241351,0.0806188347241351,0.63004660582496,"TCF7L2/CASR/PTPRN2/ACVR1C/PRKAA1/SLC30A8/GPR82/ABCC8/UNC13B",9
"GO:0043010","camera-type eye development","14/459","379/18860",0.0369393139841689,1.51781146348894,1.60832381446375,0.0810039825905437,0.0810039825905437,0.63004660582496,"NFIA/VSTM4/MAN2A1/VSX1/CDKN1C/PRICKLE1/SLC4A5/RAB11FIP4/WNT5B/RORB/GPM6A/GJA8/ATP2B4/CLDN19",14
"GO:0007340","acrosome reaction","3/459","42/18860",0.0714285714285714,2.93495175848117,1.98268177840196,0.0819269863920286,0.0819269863920286,0.63004660582496,"PRND/HYAL3/UNC13B",3
"GO:0009072","aromatic amino acid metabolic process","3/459","42/18860",0.0714285714285714,2.93495175848117,1.98268177840196,0.0819269863920286,0.0819269863920286,0.63004660582496,"HDC/FTCD/HAAO",3
"GO:0046717","acid secretion","3/459","42/18860",0.0714285714285714,2.93495175848117,1.98268177840196,0.0819269863920286,0.0819269863920286,0.63004660582496,"CASR/HIP1R/ABCB4",3
"GO:1901532","regulation of hematopoietic progenitor cell differentiation","3/459","42/18860",0.0714285714285714,2.93495175848117,1.98268177840196,0.0819269863920286,0.0819269863920286,0.63004660582496,"TCF15/MIXL1/MYB",3
"GO:0019080","viral gene expression","5/459","95/18860",0.0526315789473684,2.16259603256507,1.79416059964188,0.0821972513002855,0.0821972513002855,0.63004660582496,"TRIM11/MAN2A1/GALNT1/IFITM3/OAZ3",5
"GO:0030641","regulation of cellular pH","5/459","95/18860",0.0526315789473684,2.16259603256507,1.79416059964188,0.0821972513002855,0.0821972513002855,0.63004660582496,"SLC4A4/BCL2/SLC4A5/SLC26A3/CREG1",5
"GO:0032024","positive regulation of insulin secretion","5/459","95/18860",0.0526315789473684,2.16259603256507,1.79416059964188,0.0821972513002855,0.0821972513002855,0.63004660582496,"TCF7L2/CASR/F2/SLC30A8/ABCC8",5
"GO:0055017","cardiac muscle tissue growth","5/459","95/18860",0.0526315789473684,2.16259603256507,1.79416059964188,0.0821972513002855,0.0821972513002855,0.63004660582496,"NRG1/S1PR1/RBPJ/CDK1/FGF9",5
"GO:0072091","regulation of stem cell proliferation","5/459","95/18860",0.0526315789473684,2.16259603256507,1.79416059964188,0.0821972513002855,0.0821972513002855,0.63004660582496,"RBPJ/ACE/FGF9/SHOX2/RARB",5
"GO:0035821","modulation of process of another organism","6/459","124/18860",0.0483870967741935,1.98819312671305,1.74364951346821,0.0825593453646758,0.0825593453646758,0.63004660582496,"TRIM11/SPRR2A/CDC42/IFITM3/APOBEC3H/IFITM2",6
"GO:0070252","actin-mediated cell contraction","6/459","124/18860",0.0483870967741935,1.98819312671305,1.74364951346821,0.0825593453646758,0.0825593453646758,0.63004660582496,"STC1/KCNH2/MYH9/TTN/MYH6/MYBPC3",6
"GO:0043604","amide biosynthetic process","8/459","185/18860",0.0432432432432432,1.7768356591886,1.67698690803049,0.0832293169031849,0.0832293169031849,0.63004660582496,"ENPP7/AGMAT/TPK1/B4GALNT1/PDK1/PRKAA1/AANAT/CHAC1",8
"GO:0051056","regulation of small GTPase mediated signal transduction","12/459","314/18860",0.0382165605095541,1.57029266058865,1.60946834392692,0.083488987940621,0.083488987940621,0.63004660582496,"MCF2L/DOK7/ABR/MCF2/ARHGAP22/RASGEF1A/ARHGEF10L/NGEF/MYOC/RASGRF1/ARHGEF40/ARHGEF16",12
"GO:0001885","endothelial cell development","4/459","68/18860",0.0588235294117647,2.41701909521979,1.84879440217403,0.0838038630736814,0.0838038630736814,0.63004660582496,"STC1/TJP2/TJP3/CLDN1",4
"GO:0055021","regulation of cardiac muscle tissue growth","4/459","68/18860",0.0588235294117647,2.41701909521979,1.84879440217403,0.0838038630736814,0.0838038630736814,0.63004660582496,"NRG1/RBPJ/CDK1/FGF9",4
"GO:1903078","positive regulation of protein localization to plasma membrane","4/459","68/18860",0.0588235294117647,2.41701909521979,1.84879440217403,0.0838038630736814,0.0838038630736814,0.63004660582496,"AKAP5/ANXA13/ATP2B4/ARHGEF16",4
"GO:0019318","hexose metabolic process","10/459","249/18860",0.0401606425702811,1.65017367946732,1.63113220921338,0.0841647335018893,0.0841647335018893,0.63004660582496,"TCF7L2/MAN2A1/PMAIP1/SORD/BOLA3/PDK1/PRKAA1/OAS1/TFF3/EPM2AIP1",10
"GO:0031365","N-terminal protein amino acid modification","2/459","20/18860",0.1,4.10893246187364,2.19700374157966,0.0841939819540804,0.0841939819540804,0.63004660582496,"HHAT/AANAT",2
"GO:0043116","negative regulation of vascular permeability","2/459","20/18860",0.1,4.10893246187364,2.19700374157966,0.0841939819540804,0.0841939819540804,0.63004660582496,"ANGPT1/ABCC8",2
"GO:0046782","regulation of viral transcription","2/459","20/18860",0.1,4.10893246187364,2.19700374157966,0.0841939819540804,0.0841939819540804,0.63004660582496,"TRIM11/IFITM3",2
"GO:0055003","cardiac myofibril assembly","2/459","20/18860",0.1,4.10893246187364,2.19700374157966,0.0841939819540804,0.0841939819540804,0.63004660582496,"TTN/NEB",2
"GO:0055062","phosphate ion homeostasis","2/459","20/18860",0.1,4.10893246187364,2.19700374157966,0.0841939819540804,0.0841939819540804,0.63004660582496,"SFRP4/ENPP3",2
"GO:0071380","cellular response to prostaglandin E stimulus","2/459","20/18860",0.1,4.10893246187364,2.19700374157966,0.0841939819540804,0.0841939819540804,0.63004660582496,"GNAS/PRKAA1",2
"GO:0071880","adenylate cyclase-activating adrenergic receptor signaling pathway","2/459","20/18860",0.1,4.10893246187364,2.19700374157966,0.0841939819540804,0.0841939819540804,0.63004660582496,"GNAS/ATP2B4",2
"GO:0072663","establishment of protein localization to peroxisome","2/459","20/18860",0.1,4.10893246187364,2.19700374157966,0.0841939819540804,0.0841939819540804,0.63004660582496,"PEX5L/PEX12",2
"GO:0097254","renal tubular secretion","2/459","20/18860",0.1,4.10893246187364,2.19700374157966,0.0841939819540804,0.0841939819540804,0.63004660582496,"STC1/MLLT6",2
"GO:0099150","regulation of postsynaptic specialization assembly","2/459","20/18860",0.1,4.10893246187364,2.19700374157966,0.0841939819540804,0.0841939819540804,0.63004660582496,"CBLN1/PRICKLE1",2
"GO:1902548","negative regulation of cellular response to vascular endothelial growth factor stimulus","2/459","20/18860",0.1,4.10893246187364,2.19700374157966,0.0841939819540804,0.0841939819540804,0.63004660582496,"ANGPT1/ATP2B4",2
"GO:0090087","regulation of peptide transport","9/459","217/18860",0.0414746543778802,1.70416553718261,1.64775141700604,0.0842457311321442,0.0842457311321442,0.63004660582496,"TCF7L2/GNAS/CASR/CRHBP/ACVR1C/F2/SLC30A8/CELA2A/ABCC8",9
"GO:0051259","protein complex oligomerization","11/459","282/18860",0.0390070921985816,1.6027750737805,1.61073954136673,0.0849340744208853,0.0849340744208853,0.632269769196545,"BCL11A/GRIA3/CLYBL/RYR1/ATL1/VSTM5/APIP/KCTD15/OAS1/PRND/CLDN1",11
"GO:0060048","cardiac muscle contraction","7/459","155/18860",0.0451612903225806,1.85564691826551,1.68937686969704,0.0849416782274078,0.0849416782274078,0.632269769196545,"STC1/KCNH2/JPH4/TNNI2/TTN/MYH6/MYBPC3",7
"GO:0031644","regulation of nervous system process","6/459","125/18860",0.048,1.97228758169935,1.72253421454554,0.085044241139079,0.085044241139079,0.632269769196545,"CBLN1/PRKAR1B/GRIN2A/SSH1/PIRT/UNC13B",6
"GO:0006109","regulation of carbohydrate metabolic process","8/459","186/18860",0.043010752688172,1.76728277930049,1.66087981226992,0.0852303741567444,0.0852303741567444,0.632411135383893,"TCF7L2/PDGFB/SLC4A4/PMAIP1/PDK1/PRKAA1/TFF3/EPM2AIP1",8
"GO:0010526","transposable element silencing","3/459","43/18860",0.0697674418604651,2.86669706642347,1.93543165846264,0.0865545106156274,0.0865545106156274,0.633540599945394,"TDRD9/MPHOSPH8/APOBEC3H",3
"GO:0033280","response to vitamin D","3/459","43/18860",0.0697674418604651,2.86669706642347,1.93543165846264,0.0865545106156274,0.0865545106156274,0.633540599945394,"STC1/CASR/GPRIN3",3
"GO:0060074","synapse maturation","3/459","43/18860",0.0697674418604651,2.86669706642347,1.93543165846264,0.0865545106156274,0.0865545106156274,0.633540599945394,"NRN1/NFIA/IGSF9",3
"GO:0070232","regulation of T cell apoptotic process","3/459","43/18860",0.0697674418604651,2.86669706642347,1.93543165846264,0.0865545106156274,0.0865545106156274,0.633540599945394,"PRKCQ/BCL2/BCL2L11",3
"GO:0086091","regulation of heart rate by cardiac conduction","3/459","43/18860",0.0697674418604651,2.86669706642347,1.93543165846264,0.0865545106156274,0.0865545106156274,0.633540599945394,"KCNH2/ACE/KCNH6",3
"GO:1901861","regulation of muscle tissue development","3/459","43/18860",0.0697674418604651,2.86669706642347,1.93543165846264,0.0865545106156274,0.0865545106156274,0.633540599945394,"BCL2/SHOX2/PRKAA1",3
"GO:1904861","excitatory synapse assembly","3/459","43/18860",0.0697674418604651,2.86669706642347,1.93543165846264,0.0865545106156274,0.0865545106156274,0.633540599945394,"CBLN1/VSTM5/PRICKLE1",3
"GO:0030177","positive regulation of Wnt signaling pathway","7/459","156/18860",0.0448717948717949,1.84375174571253,1.67130109230264,0.087180141163987,0.087180141163987,0.634397311643921,"CDH3/WNK2/XIAP/RBPJ/SFRP4/FGF9/WNT5B",7
"GO:0035725","sodium ion transmembrane transport","8/459","187/18860",0.0427807486631016,1.75783206925075,1.6448704342189,0.0872594671380773,0.0872594671380773,0.634397311643921,"SLC38A1/WNK2/SLC4A4/SLC6A8/GRIN2A/SLC4A5/SLC28A3/ATP2B4",8
"GO:0048857","neural nucleus development","4/459","69/18860",0.0579710144927536,2.38198983297023,1.81634945309431,0.087342127788083,0.087342127788083,0.634397311643921,"POTEE/BCL2/CDC42/FGF9",4
"GO:0071300","cellular response to retinoic acid","4/459","69/18860",0.0579710144927536,2.38198983297023,1.81634945309431,0.087342127788083,0.087342127788083,0.634397311643921,"ANKK1/WNT5B/RORB/MYB",4
"GO:0016055","Wnt signaling pathway","17/459","487/18860",0.0349075975359343,1.43432960681421,1.5336944226304,0.0880452484112794,0.0880452484112794,0.638279225728069,"TCF7L2/CDH3/WNK2/FZD2/XIAP/ETV2/WNT8A/RBPJ/SFRP4/CDC42/BARX1/FGF9/PRICKLE1/PRKAA1/MYOC/WIF1/WNT5B",17
"GO:0042060","wound healing","16/459","453/18860",0.0353200883002208,1.4512785737302,1.53549097909559,0.0887080867591348,0.0887080867591348,0.640640394221208,"PDGFB/GNAS/SVEP1/PRKCQ/NRG1/MYH9/APOH/HMOX1/ANGPT1/F2/F9/ANGPTL1/MIA3/CELA2A/CLDN1/FGL1",16
"GO:0030100","regulation of endocytosis","12/459","318/18860",0.0377358490566038,1.55054055165043,1.56375800422399,0.0896113812589695,0.0896113812589695,0.640640394221208,"RAB31/GNAS/MDM2/NRG1/SFRP4/HIP1R/VAMP4/ANGPT1/CDC42/RAB4A/SH3GL3/SYT17",12
"GO:0016579","protein deubiquitination","6/459","127/18860",0.047244094488189,1.94122793474345,1.68088484828167,0.0901367075366136,0.0901367075366136,0.640640394221208,"USP49/UCHL5/CDK1/USP3/ATXN3L/BRCC3",6
"GO:0030193","regulation of blood coagulation","4/459","70/18860",0.0571428571428571,2.34796140678494,1.78446505855596,0.0909516538703834,0.0909516538703834,0.640640394221208,"PDGFB/APOH/ANGPT1/F2",4
"GO:0051492","regulation of stress fiber assembly","5/459","98/18860",0.0510204081632653,2.09639411320084,1.71864083894654,0.0909950126980985,0.0909950126980985,0.640640394221208,"S1PR1/CDC42/ARHGEF10L/MYOC/OAZ3",5
"GO:0044058","regulation of digestive system process","3/459","44/18860",0.0681818181818182,2.80154486036839,1.88952536989592,0.0912901567783323,0.0912901567783323,0.640640394221208,"ENPP7/HIP1R/LPCAT3",3
"GO:0060251","regulation of glial cell proliferation","3/459","44/18860",0.0681818181818182,2.80154486036839,1.88952536989592,0.0912901567783323,0.0912901567783323,0.640640394221208,"PPP1CC/MYB/ABCC8",3
"GO:0006677","glycosylceramide metabolic process","2/459","21/18860",0.0952380952380952,3.91326901130823,2.10962990862855,0.0916091334005413,0.0916091334005413,0.640640394221208,"GALC/PRKAA1",2
"GO:0006743","ubiquinone metabolic process","2/459","21/18860",0.0952380952380952,3.91326901130823,2.10962990862855,0.0916091334005413,0.0916091334005413,0.640640394221208,"COQ3/NQO1",2
"GO:0006991","response to sterol depletion","2/459","21/18860",0.0952380952380952,3.91326901130823,2.10962990862855,0.0916091334005413,0.0916091334005413,0.640640394221208,"ERLIN2/ARHGEF10L",2
"GO:0010737","protein kinase A signaling","2/459","21/18860",0.0952380952380952,3.91326901130823,2.10962990862855,0.0916091334005413,0.0916091334005413,0.640640394221208,"AKAP5/TTN",2
"GO:0021756","striatum development","2/459","21/18860",0.0952380952380952,3.91326901130823,2.10962990862855,0.0916091334005413,0.0916091334005413,0.640640394221208,"CNTNAP2/RARB",2
"GO:0033033","negative regulation of myeloid cell apoptotic process","2/459","21/18860",0.0952380952380952,3.91326901130823,2.10962990862855,0.0916091334005413,0.0916091334005413,0.640640394221208,"APOH/BCL2",2
"GO:0036342","post-anal tail morphogenesis","2/459","21/18860",0.0952380952380952,3.91326901130823,2.10962990862855,0.0916091334005413,0.0916091334005413,0.640640394221208,"TCF15/PRICKLE1",2
"GO:0055070","copper ion homeostasis","2/459","21/18860",0.0952380952380952,3.91326901130823,2.10962990862855,0.0916091334005413,0.0916091334005413,0.640640394221208,"XIAP/PRND",2
"GO:0060716","labyrinthine layer blood vessel development","2/459","21/18860",0.0952380952380952,3.91326901130823,2.10962990862855,0.0916091334005413,0.0916091334005413,0.640640394221208,"RBPJ/VASH2",2
"GO:0072567","chemokine (C-X-C motif) ligand 2 production","2/459","21/18860",0.0952380952380952,3.91326901130823,2.10962990862855,0.0916091334005413,0.0916091334005413,0.640640394221208,"POSTN/OAS1",2
"GO:1905874","regulation of postsynaptic density organization","2/459","21/18860",0.0952380952380952,3.91326901130823,2.10962990862855,0.0916091334005413,0.0916091334005413,0.640640394221208,"CBLN1/PRICKLE1",2
"GO:2000341","regulation of chemokine (C-X-C motif) ligand 2 production","2/459","21/18860",0.0952380952380952,3.91326901130823,2.10962990862855,0.0916091334005413,0.0916091334005413,0.640640394221208,"POSTN/OAS1",2
"GO:0050714","positive regulation of protein secretion","7/459","158/18860",0.0443037974683544,1.82041311601997,1.63554339818989,0.0917568119567454,0.0917568119567454,0.640640394221208,"TCF7L2/CASR/TTN/F2/SLC30A8/ABCC8/UNC13B",7
"GO:0009306","protein secretion","14/459","388/18860",0.0360824742268041,1.48260449655234,1.51703369560677,0.0934990938501726,0.0934990938501726,0.648248177853946,"TCF7L2/GNAS/CASR/CBLN1/PTPRN2/TTN/ACVR1C/F2/AP1M2/SLC30A8/MIA3/CELA2A/ABCC8/UNC13B",14
"GO:0051302","regulation of cell division","8/459","190/18860",0.0421052631578947,1.73007682605206,1.59741649709713,0.0935145208493313,0.0935145208493313,0.648248177853946,"PDGFB/CETN2/CDC42/PKN2/FGF9/OR1A2/RAB11FIP4/CCDC66",8
"GO:0034284","response to monosaccharide","9/459","222/18860",0.0405405405405405,1.66578343048931,1.57599478639794,0.0937348516462325,0.0937348516462325,0.648248177853946,"TCF7L2/CASR/PTPRN2/ACVR1C/PRKAA1/SLC30A8/GPR82/ABCC8/UNC13B",9
"GO:0050679","positive regulation of epithelial cell proliferation","9/459","222/18860",0.0405405405405405,1.66578343048931,1.57599478639794,0.0937348516462325,0.0937348516462325,0.648248177853946,"TCF7L2/PDGFB/CDH3/RBPJ/HMOX1/CDC42/FGF9/VASH2/CLDN1",9
"GO:0051781","positive regulation of cell division","5/459","99/18860",0.0505050505050505,2.0752184150877,1.69406964159643,0.094031566868097,0.094031566868097,0.648248177853946,"PDGFB/CDC42/PKN2/FGF9/OR1A2",5
"GO:0061337","cardiac conduction","5/459","99/18860",0.0505050505050505,2.0752184150877,1.69406964159643,0.094031566868097,0.094031566868097,0.648248177853946,"KCNH2/ATP2B2/ACE/KCNH6/ATP2B4",5
"GO:0008652","amino acid biosynthetic process","4/459","71/18860",0.0563380281690141,2.31489152781613,1.75312235871383,0.0946314821772222,0.0946314821772222,0.648248177853946,"SLC38A1/APIP/MTHFR/ATP2B4",4
"GO:0061951","establishment of protein localization to plasma membrane","4/459","71/18860",0.0563380281690141,2.31489152781613,1.75312235871383,0.0946314821772222,0.0946314821772222,0.648248177853946,"RAB31/AKAP5/VAMP4/ANXA13",4
"GO:0070301","cellular response to hydrogen peroxide","4/459","71/18860",0.0563380281690141,2.31489152781613,1.75312235871383,0.0946314821772222,0.0946314821772222,0.648248177853946,"MDM2/CDK1/PRKAA1/MYB",4
"GO:0097192","extrinsic apoptotic signaling pathway in absence of ligand","4/459","71/18860",0.0563380281690141,2.31489152781613,1.75312235871383,0.0946314821772222,0.0946314821772222,0.648248177853946,"NRG1/SGK3/BCL2/BCL2L11",4
"GO:0006814","sodium ion transport","10/459","255/18860",0.0392156862745098,1.61134606347986,1.55234173411215,0.0947733016596697,0.0947733016596697,0.648248177853946,"SLC38A1/MLLT6/WNK2/SLC4A4/SLC6A8/GRIN2A/CNTN1/SLC4A5/SLC28A3/ATP2B4",10
"GO:1904062","regulation of monoatomic cation transmembrane transport","11/459","288/18860",0.0381944444444444,1.56938392641007,1.53786095139332,0.0949020906827626,0.0949020906827626,0.648248177853946,"AKAP5/KCNH2/WNK2/BCL2/WWP2/GRIN2A/JPH4/UBR3/F2/KCNIP1/ATP2B4",11
"GO:0034341","response to type II interferon","6/459","129/18860",0.0465116279069767,1.91113137761565,1.63998674052427,0.0953914772886159,0.0953914772886159,0.650416995452962,"VAMP4/CDC42/IFITM3/SLC30A8/CLDN1/IFITM2",6
"GO:0032197","retrotransposition","3/459","45/18860",0.0666666666666667,2.73928830791576,1.84489087758138,0.0961310778739544,0.0961310778739544,0.651765684397333,"TDRD9/MPHOSPH8/APOBEC3H",3
"GO:0032941","secretion by tissue","3/459","45/18860",0.0666666666666667,2.73928830791576,1.84489087758138,0.0961310778739544,0.0961310778739544,0.651765684397333,"P2RY2/PRICKLE1/SLC4A5",3
"GO:0048634","regulation of muscle organ development","3/459","45/18860",0.0666666666666667,2.73928830791576,1.84489087758138,0.0961310778739544,0.0961310778739544,0.651765684397333,"BCL2/SHOX2/PRKAA1",3
"GO:0001890","placenta development","7/459","160/18860",0.04375,1.79765795206972,1.60029794509832,0.0964657852501253,0.0964657852501253,0.651765684397333,"STC1/PDGFB/ETV2/DAZAP1/RBPJ/CDKN1C/VASH2",7
"GO:0007601","visual perception","9/459","224/18860",0.0401785714285714,1.65091036414566,1.54779630413691,0.0976987493270586,0.0976987493270586,0.651765684397333,"PDC/IMPG1/CDH3/ABLIM1/VSX1/RDH11/RORB/CCDC66/CLDN19",9
"GO:0071772","response to BMP","8/459","192/18860",0.0416666666666667,1.71205519244735,1.56624730365895,0.0978237955267944,0.0978237955267944,0.651765684397333,"XIAP/ETV2/NFIA/RBPJ/SFRP4/HTRA3/HIVEP1/ADAMTS7",8
"GO:0071773","cellular response to BMP stimulus","8/459","192/18860",0.0416666666666667,1.71205519244735,1.56624730365895,0.0978237955267944,0.0978237955267944,0.651765684397333,"XIAP/ETV2/NFIA/RBPJ/SFRP4/HTRA3/HIVEP1/ADAMTS7",8
"GO:0035592","establishment of protein localization to extracellular region","14/459","391/18860",0.0358056265984655,1.47122901448161,1.4871119769137,0.0979170683122646,0.0979170683122646,0.651765684397333,"TCF7L2/GNAS/CASR/CBLN1/PTPRN2/TTN/ACVR1C/F2/AP1M2/SLC30A8/MIA3/CELA2A/ABCC8/UNC13B",14
"GO:0003208","cardiac ventricle morphogenesis","4/459","72/18860",0.0555555555555556,2.28274025659647,1.72230339376843,0.0983806126326265,0.0983806126326265,0.651765684397333,"NRG1/RBPJ/MYH6/MYBPC3",4
"GO:0050918","positive chemotaxis","4/459","72/18860",0.0555555555555556,2.28274025659647,1.72230339376843,0.0983806126326265,0.0983806126326265,0.651765684397333,"PDGFB/CASR/S1PR1/ANGPT1",4
"GO:0141084","inflammasome-mediated signaling pathway","4/459","72/18860",0.0555555555555556,2.28274025659647,1.72230339376843,0.0983806126326265,0.0983806126326265,0.651765684397333,"CASR/TRIM11/KCNK6/BRCC3",4
"GO:1900046","regulation of hemostasis","4/459","72/18860",0.0555555555555556,2.28274025659647,1.72230339376843,0.0983806126326265,0.0983806126326265,0.651765684397333,"PDGFB/APOH/ANGPT1/F2",4
"GO:0015919","peroxisomal membrane transport","2/459","22/18860",0.0909090909090909,3.73539314715785,2.02748971150295,0.0992061703761392,0.0992061703761392,0.651765684397333,"PEX5L/PEX12",2
"GO:0032253","dense core granule localization","2/459","22/18860",0.0909090909090909,3.73539314715785,2.02748971150295,0.0992061703761392,0.0992061703761392,0.651765684397333,"PPFIA2/UNC13B",2
"GO:0034616","response to laminar fluid shear stress","2/459","22/18860",0.0909090909090909,3.73539314715785,2.02748971150295,0.0992061703761392,0.0992061703761392,0.651765684397333,"GNAS/PKN2",2
"GO:0035089","establishment of apical/basal cell polarity","2/459","22/18860",0.0909090909090909,3.73539314715785,2.02748971150295,0.0992061703761392,0.0992061703761392,0.651765684397333,"TCF15/CDC42",2
"GO:0043574","peroxisomal transport","2/459","22/18860",0.0909090909090909,3.73539314715785,2.02748971150295,0.0992061703761392,0.0992061703761392,0.651765684397333,"PEX5L/PEX12",2
"GO:0044321","response to leptin","2/459","22/18860",0.0909090909090909,3.73539314715785,2.02748971150295,0.0992061703761392,0.0992061703761392,0.651765684397333,"CA3/MT3",2
"GO:0050849","negative regulation of calcium-mediated signaling","2/459","22/18860",0.0909090909090909,3.73539314715785,2.02748971150295,0.0992061703761392,0.0992061703761392,0.651765684397333,"INPP5A/ATP2B4",2
"GO:0051900","regulation of mitochondrial depolarization","2/459","22/18860",0.0909090909090909,3.73539314715785,2.02748971150295,0.0992061703761392,0.0992061703761392,0.651765684397333,"BCL2/MYOC",2
"GO:1905038","regulation of membrane lipid metabolic process","2/459","22/18860",0.0909090909090909,3.73539314715785,2.02748971150295,0.0992061703761392,0.0992061703761392,0.651765684397333,"ENPP7/PRKAA1",2
"GO:0043434","response to peptide hormone","16/459","461/18860",0.03470715835141,1.42609369609497,1.46286221473286,0.0994047110762971,0.0994047110762971,0.651938221872276,"RAB31/GNAS/PRKCQ/MDM2/CRHBP/UMODL1/CA3/ACE/ACVR1C/PRKAA1/AANAT/CACNA2D3/EPM2AIP1/GPR82/CELA2A/ABCC8",16
"GO:1903035","negative regulation of response to wounding","5/459","101/18860",0.0495049504950495,2.03412498112556,1.64578778607526,0.100258052313287,0.100258052313287,0.653823453169428,"PDGFB/APOH/ANGPT1/RTN4RL1/F2",5
"GO:0030072","peptide hormone secretion","10/459","258/18860",0.0387596899224806,1.59260948134637,1.5137131680179,0.10036215693915,0.10036215693915,0.653823453169428,"TCF7L2/GNAS/CASR/CRHBP/PTPRN2/ACVR1C/F2/SLC30A8/CELA2A/ABCC8",10
"GO:0072089","stem cell proliferation","6/459","131/18860",0.0458015267175573,1.88195379933144,1.59981273215276,0.100806810787276,0.100806810787276,0.653823453169428,"RBPJ/ACE/FGF9/SHOX2/RARB/TRIM71",6
"GO:0007157","heterophilic cell-cell adhesion via plasma membrane cell adhesion molecules","3/459","46/18860",0.0652173913043478,2.6797385620915,1.80146155746061,0.101074376661727,0.101074376661727,0.653823453169428,"CBLN1/CADM3/SCARF2",3
"GO:0021762","substantia nigra development","3/459","46/18860",0.0652173913043478,2.6797385620915,1.80146155746061,0.101074376661727,0.101074376661727,0.653823453169428,"POTEE/CDC42/FGF9",3
"GO:0030261","chromosome condensation","3/459","46/18860",0.0652173913043478,2.6797385620915,1.80146155746061,0.101074376661727,0.101074376661727,0.653823453169428,"CDK1/TTN/SMARCA5",3
"GO:0043001","Golgi to plasma membrane protein transport","3/459","46/18860",0.0652173913043478,2.6797385620915,1.80146155746061,0.101074376661727,0.101074376661727,0.653823453169428,"RAB31/VAMP4/ANXA13",3
"GO:0072528","pyrimidine-containing compound biosynthetic process","3/459","46/18860",0.0652173913043478,2.6797385620915,1.80146155746061,0.101074376661727,0.101074376661727,0.653823453169428,"TPK1/CDK1/UPP1",3
"GO:0002064","epithelial cell development","9/459","226/18860",0.0398230088495575,1.63630053791428,1.51987693623754,0.101758317461045,0.101758317461045,0.653964733275808,"STC1/PDGFB/PODXL/TJP2/RARB/SLC4A5/WNT5B/TJP3/CLDN1",9
"GO:0006360","transcription by RNA polymerase I","4/459","73/18860",0.0547945205479452,2.25146984212254,1.69199104897824,0.102198006268098,0.102198006268098,0.653964733275808,"POLR2E/TAF1B/SPTY2D1/SMARCA5",4
"GO:0032722","positive regulation of chemokine production","4/459","73/18860",0.0547945205479452,2.25146984212254,1.69199104897824,0.102198006268098,0.102198006268098,0.653964733275808,"POSTN/LBP/HMOX1/OAS1",4
"GO:0038034","signal transduction in absence of ligand","4/459","73/18860",0.0547945205479452,2.25146984212254,1.69199104897824,0.102198006268098,0.102198006268098,0.653964733275808,"NRG1/SGK3/BCL2/BCL2L11",4
"GO:0051928","positive regulation of calcium ion transport","5/459","102/18860",0.0490196078431373,2.01418257934982,1.62206378027042,0.103447040428508,0.103447040428508,0.653964733275808,"STC1/PDGFB/AKAP5/CASR/F2",5
"GO:0097553","calcium ion transmembrane import into cytosol","8/459","195/18860",0.041025641025641,1.68571588179431,1.52017111836477,0.104495078872726,0.104495078872726,0.653964733275808,"AKAP5/RYR1/ITPR2/BCL2/GRIN2A/JPH4/F2/ATP2B4",8
"GO:0050953","sensory perception of light stimulus","9/459","228/18860",0.0394736842105263,1.6219470244238,1.49223094011241,0.105913119102956,0.105913119102956,0.653964733275808,"PDC/IMPG1/CDH3/ABLIM1/VSX1/RDH11/RORB/CCDC66/CLDN19",9
"GO:0032206","positive regulation of telomere maintenance","4/459","74/18860",0.0540540540540541,2.22104457398575,1.66216900374033,0.106082587239102,0.106082587239102,0.653964733275808,"PRKCQ/UCHL5/INO80C/PTGES3",4
"GO:0032835","glomerulus development","4/459","74/18860",0.0540540540540541,2.22104457398575,1.66216900374033,0.106082587239102,0.106082587239102,0.653964733275808,"PDGFB/PODXL/ANGPT1/BCL2",4
"GO:0051057","positive regulation of small GTPase mediated signal transduction","4/459","74/18860",0.0540540540540541,2.22104457398575,1.66216900374033,0.106082587239102,0.106082587239102,0.653964733275808,"MCF2L/DOK7/RASGEF1A/RASGRF1",4
"GO:0072527","pyrimidine-containing compound metabolic process","4/459","74/18860",0.0540540540540541,2.22104457398575,1.66216900374033,0.106082587239102,0.106082587239102,0.653964733275808,"TPK1/ENPP3/CDK1/UPP1",4
"GO:0032196","transposition","3/459","47/18860",0.0638297872340425,2.62272284800445,1.75917568100125,0.106117112777861,0.106117112777861,0.653964733275808,"TDRD9/MPHOSPH8/APOBEC3H",3
"GO:0060071","Wnt signaling pathway, planar cell polarity pathway","3/459","47/18860",0.0638297872340425,2.62272284800445,1.75917568100125,0.106117112777861,0.106117112777861,0.653964733275808,"FZD2/CDC42/PRICKLE1",3
"GO:0070293","renal absorption","3/459","47/18860",0.0638297872340425,2.62272284800445,1.75917568100125,0.106117112777861,0.106117112777861,0.653964733275808,"MLLT6/CLCNKA/CLDN19",3
"GO:0090278","negative regulation of peptide hormone secretion","3/459","47/18860",0.0638297872340425,2.62272284800445,1.75917568100125,0.106117112777861,0.106117112777861,0.653964733275808,"CRHBP/ACVR1C/ABCC8",3
"GO:0097106","postsynaptic density organization","3/459","47/18860",0.0638297872340425,2.62272284800445,1.75917568100125,0.106117112777861,0.106117112777861,0.653964733275808,"PPFIA2/CBLN1/PRICKLE1",3
"GO:1990806","ligand-gated ion channel signaling pathway","3/459","47/18860",0.0638297872340425,2.62272284800445,1.75917568100125,0.106117112777861,0.106117112777861,0.653964733275808,"GRIA3/GRIN2A/F2",3
"GO:0003231","cardiac ventricle development","6/459","133/18860",0.0451127819548872,1.85365374219863,1.56033706156986,0.106380720101433,0.106380720101433,0.653964733275808,"MDM2/FZD2/NRG1/RBPJ/MYH6/MYBPC3",6
"GO:0034109","homotypic cell-cell adhesion","5/459","103/18860",0.0485436893203883,1.99462740867652,1.59860919372512,0.106685857892526,0.106685857892526,0.653964733275808,"GNAS/PRKCQ/MYH9/TJP2/CELA2A",5
"GO:2001237","negative regulation of extrinsic apoptotic signaling pathway","5/459","103/18860",0.0485436893203883,1.99462740867652,1.59860919372512,0.106685857892526,0.106685857892526,0.653964733275808,"TCF7L2/NRG1/SGK3/HMOX1/BCL2",5
"GO:0003228","atrial cardiac muscle tissue development","2/459","23/18860",0.0869565217391304,3.57298474945534,1.9500251901611,0.106971894687855,0.106971894687855,0.653964733275808,"SHOX2/MYH6",2
"GO:0006085","acetyl-CoA biosynthetic process","2/459","23/18860",0.0869565217391304,3.57298474945534,1.9500251901611,0.106971894687855,0.106971894687855,0.653964733275808,"TPK1/PDK1",2
"GO:0006525","arginine metabolic process","2/459","23/18860",0.0869565217391304,3.57298474945534,1.9500251901611,0.106971894687855,0.106971894687855,0.653964733275808,"AGMAT/ATP2B4",2
"GO:0006658","phosphatidylserine metabolic process","2/459","23/18860",0.0869565217391304,3.57298474945534,1.9500251901611,0.106971894687855,0.106971894687855,0.653964733275808,"OSBPL10/LPCAT3",2
"GO:0010224","response to UV-B","2/459","23/18860",0.0869565217391304,3.57298474945534,1.9500251901611,0.106971894687855,0.106971894687855,0.653964733275808,"BCL2/HYAL3",2
"GO:0010955","negative regulation of protein processing","2/459","23/18860",0.0869565217391304,3.57298474945534,1.9500251901611,0.106971894687855,0.106971894687855,0.653964733275808,"MDM2/CHAC1",2
"GO:0016338","calcium-independent cell-cell adhesion via plasma membrane cell-adhesion molecules","2/459","23/18860",0.0869565217391304,3.57298474945534,1.9500251901611,0.106971894687855,0.106971894687855,0.653964733275808,"CLDN1/CLDN19",2
"GO:0018345","protein palmitoylation","2/459","23/18860",0.0869565217391304,3.57298474945534,1.9500251901611,0.106971894687855,0.106971894687855,0.653964733275808,"ZDHHC22/HHAT",2
"GO:0038128","ERBB2 signaling pathway","2/459","23/18860",0.0869565217391304,3.57298474945534,1.9500251901611,0.106971894687855,0.106971894687855,0.653964733275808,"NRG1/MYOC",2
"GO:0042537","benzene-containing compound metabolic process","2/459","23/18860",0.0869565217391304,3.57298474945534,1.9500251901611,0.106971894687855,0.106971894687855,0.653964733275808,"CYP2E1/HAAO",2
"GO:0051151","negative regulation of smooth muscle cell differentiation","2/459","23/18860",0.0869565217391304,3.57298474945534,1.9500251901611,0.106971894687855,0.106971894687855,0.653964733275808,"PDGFB/FGF9",2
"GO:0051988","regulation of attachment of spindle microtubules to kinetochore","2/459","23/18860",0.0869565217391304,3.57298474945534,1.9500251901611,0.106971894687855,0.106971894687855,0.653964733275808,"CDC42/CDK1",2
"GO:1900151","regulation of nuclear-transcribed mRNA catabolic process, deadenylation-dependent decay","2/459","23/18860",0.0869565217391304,3.57298474945534,1.9500251901611,0.106971894687855,0.106971894687855,0.653964733275808,"CPEB3/ZFP36L2",2
"GO:2001135","regulation of endocytic recycling","2/459","23/18860",0.0869565217391304,3.57298474945534,1.9500251901611,0.106971894687855,0.106971894687855,0.653964733275808,"AKAP5/ATP9A",2
"GO:0071692","protein localization to extracellular region","14/459","398/18860",0.0351758793969849,1.44535312729223,1.41824620253715,0.108718146381198,0.108718146381198,0.663568312802052,"TCF7L2/GNAS/CASR/CBLN1/PTPRN2/TTN/ACVR1C/F2/AP1M2/SLC30A8/MIA3/CELA2A/ABCC8/UNC13B",14
"GO:0051051","negative regulation of transport","16/459","468/18860",0.0341880341880342,1.40476323482859,1.40040762207133,0.109397131956677,0.109397131956677,0.666637324153326,"STC1/KCNH2/CRHBP/NRG1/SFRP4/ATP9A/ANGPT1/BCL2/ANXA13/WWP2/UBR3/ACVR1C/SH3GL3/WDR41/OAZ3/ABCC8",16
"GO:0051865","protein autoubiquitination","4/459","75/18860",0.0533333333333333,2.19143064633261,1.63282168438745,0.110033244815752,0.110033244815752,0.669435632277254,"MDM2/TRIM11/WWP2/TRIM71",4
"GO:0002792","negative regulation of peptide secretion","3/459","48/18860",0.0625,2.56808278867102,1.71797595865561,0.111256309460464,0.111256309460464,0.671431776136982,"CRHBP/ACVR1C/ABCC8",3
"GO:0006911","phagocytosis, engulfment","3/459","48/18860",0.0625,2.56808278867102,1.71797595865561,0.111256309460464,0.111256309460464,0.671431776136982,"RAB31/MYH9/CDC42",3
"GO:0008038","neuron recognition","3/459","48/18860",0.0625,2.56808278867102,1.71797595865561,0.111256309460464,0.111256309460464,0.671431776136982,"NRCAM/CNTNAP2/IGSF9",3
"GO:0016339","calcium-dependent cell-cell adhesion via plasma membrane cell adhesion molecules","3/459","48/18860",0.0625,2.56808278867102,1.71797595865561,0.111256309460464,0.111256309460464,0.671431776136982,"CDH3/CDH15/CDH20",3
"GO:2001239","regulation of extrinsic apoptotic signaling pathway in absence of ligand","3/459","48/18860",0.0625,2.56808278867102,1.71797595865561,0.111256309460464,0.111256309460464,0.671431776136982,"NRG1/SGK3/BCL2",3
"GO:0010906","regulation of glucose metabolic process","5/459","105/18860",0.0476190476190476,1.95663450565411,1.55248394422694,0.113310844291532,0.113310844291532,0.671431776136982,"TCF7L2/PMAIP1/PDK1/TFF3/EPM2AIP1",5
"GO:0097006","regulation of plasma lipoprotein particle levels","5/459","105/18860",0.0476190476190476,1.95663450565411,1.55248394422694,0.113310844291532,0.113310844291532,0.671431776136982,"PNLIP/APOH/HMOX1/LPCAT3/ABCC8",5
"GO:2001252","positive regulation of chromosome organization","5/459","105/18860",0.0476190476190476,1.95663450565411,1.55248394422694,0.113310844291532,0.113310844291532,0.671431776136982,"PRKCQ/UCHL5/INO80C/CDK1/PTGES3",5
"GO:0002028","regulation of sodium ion transport","4/459","76/18860",0.0526315789473684,2.16259603256507,1.6039342203846,0.114048835345652,0.114048835345652,0.671431776136982,"MLLT6/WNK2/CNTN1/ATP2B4",4
"GO:0050818","regulation of coagulation","4/459","76/18860",0.0526315789473684,2.16259603256507,1.6039342203846,0.114048835345652,0.114048835345652,0.671431776136982,"PDGFB/APOH/ANGPT1/F2",4
"GO:0061035","regulation of cartilage development","4/459","76/18860",0.0526315789473684,2.16259603256507,1.6039342203846,0.114048835345652,0.114048835345652,0.671431776136982,"SHOX2/RARB/SOX5/ADAMTS7",4
"GO:0048705","skeletal system morphogenesis","9/459","232/18860",0.0387931034482759,1.59398242055443,1.43773693580008,0.114506237228801,0.114506237228801,0.671431776136982,"STC1/TCF15/SFRP4/MATN1/SHOX2/RARB/SOX5/IFITM5/MMP16",9
"GO:0030813","positive regulation of nucleotide catabolic process","2/459","24/18860",0.0833333333333333,3.4241103848947,1.87675954109783,0.114893640322739,0.114893640322739,0.671431776136982,"SLC4A4/PRKAA1",2
"GO:0032482","Rab protein signal transduction","2/459","24/18860",0.0833333333333333,3.4241103848947,1.87675954109783,0.114893640322739,0.114893640322739,0.671431776136982,"RAB39B/RAB4A",2
"GO:0033123","positive regulation of purine nucleotide catabolic process","2/459","24/18860",0.0833333333333333,3.4241103848947,1.87675954109783,0.114893640322739,0.114893640322739,0.671431776136982,"SLC4A4/PRKAA1",2
"GO:0045821","positive regulation of glycolytic process","2/459","24/18860",0.0833333333333333,3.4241103848947,1.87675954109783,0.114893640322739,0.114893640322739,0.671431776136982,"SLC4A4/PRKAA1",2
"GO:0060252","positive regulation of glial cell proliferation","2/459","24/18860",0.0833333333333333,3.4241103848947,1.87675954109783,0.114893640322739,0.114893640322739,0.671431776136982,"PPP1CC/MYB",2
"GO:0061162","establishment of monopolar cell polarity","2/459","24/18860",0.0833333333333333,3.4241103848947,1.87675954109783,0.114893640322739,0.114893640322739,0.671431776136982,"TCF15/CDC42",2
"GO:0090630","activation of GTPase activity","2/459","24/18860",0.0833333333333333,3.4241103848947,1.87675954109783,0.114893640322739,0.114893640322739,0.671431776136982,"ABR/ARHGEF16",2
"GO:0098801","regulation of renal system process","2/459","24/18860",0.0833333333333333,3.4241103848947,1.87675954109783,0.114893640322739,0.114893640322739,0.671431776136982,"STC1/PDGFB",2
"GO:0141005","transposable element silencing by heterochromatin formation","2/459","24/18860",0.0833333333333333,3.4241103848947,1.87675954109783,0.114893640322739,0.114893640322739,0.671431776136982,"TDRD9/MPHOSPH8",2
"GO:1900273","positive regulation of long-term synaptic potentiation","2/459","24/18860",0.0833333333333333,3.4241103848947,1.87675954109783,0.114893640322739,0.114893640322739,0.671431776136982,"AKAP5/PRKAR1B",2
"GO:1901661","quinone metabolic process","2/459","24/18860",0.0833333333333333,3.4241103848947,1.87675954109783,0.114893640322739,0.114893640322739,0.671431776136982,"COQ3/NQO1",2
"GO:1902254","negative regulation of intrinsic apoptotic signaling pathway by p53 class mediator","2/459","24/18860",0.0833333333333333,3.4241103848947,1.87675954109783,0.114893640322739,0.114893640322739,0.671431776136982,"MDM2/BCL2",2
"GO:2000738","positive regulation of stem cell differentiation","2/459","24/18860",0.0833333333333333,3.4241103848947,1.87675954109783,0.114893640322739,0.114893640322739,0.671431776136982,"TCF15/SOX5",2
"GO:0050890","cognition","12/459","333/18860",0.036036036036036,1.48069638265717,1.39776892263921,0.114974520553526,0.114974520553526,0.671431776136982,"GNAS/CNTNAP2/CRHBP/CPEB3/PRKAR1B/GRIN2A/GABRB3/JPH4/CBR3/RASGRF1/GM2A/ABCC8",12
"GO:0002790","peptide secretion","10/459","266/18860",0.037593984962406,1.54471145183219,1.41307714171703,0.116185447806836,0.116185447806836,0.674201254235097,"TCF7L2/GNAS/CASR/CRHBP/PTPRN2/ACVR1C/F2/SLC30A8/CELA2A/ABCC8",10
"GO:0007520","myoblast fusion","3/459","49/18860",0.0612244897959184,2.515672935841,1.67780913448308,0.116488959904076,0.116488959904076,0.674201254235097,"ADAMTS15/MYH9/ERVW-1",3
"GO:0042743","hydrogen peroxide metabolic process","3/459","49/18860",0.0612244897959184,2.515672935841,1.67780913448308,0.116488959904076,0.116488959904076,0.674201254235097,"GPX3/MT3/DUOXA2",3
"GO:1900225","regulation of NLRP3 inflammasome complex assembly","3/459","49/18860",0.0612244897959184,2.515672935841,1.67780913448308,0.116488959904076,0.116488959904076,0.674201254235097,"CASR/KCNK6/BRCC3",3
"GO:0007156","homophilic cell adhesion via plasma membrane adhesion molecules","7/459","168/18860",0.0416666666666667,1.71205519244735,1.46414932898832,0.116602635848494,0.116602635848494,0.674201254235097,"CDH3/CDHR1/PCDHA11/CDH15/CADM3/CDH20/IGSF9",7
"GO:0030307","positive regulation of cell growth","7/459","168/18860",0.0416666666666667,1.71205519244735,1.46414932898832,0.116602635848494,0.116602635848494,0.674201254235097,"BCL11A/NRG1/BCL2/CDC42/F2/SUPV3L1/SYT17",7
"GO:0006885","regulation of pH","5/459","106/18860",0.0471698113207547,1.93817568956304,1.52980160516659,0.116695891640553,0.116695891640553,0.674201254235097,"SLC4A4/BCL2/SLC4A5/SLC26A3/CREG1",5
"GO:0060411","cardiac septum morphogenesis","4/459","77/18860",0.051948051948052,2.13451036980449,1.5754924036386,0.118128184187068,0.118128184187068,0.6772979749653,"MDM2/FZD2/RBPJ/RARB",4
"GO:0061045","negative regulation of wound healing","4/459","77/18860",0.051948051948052,2.13451036980449,1.5754924036386,0.118128184187068,0.118128184187068,0.6772979749653,"PDGFB/APOH/ANGPT1/F2",4
"GO:0070527","platelet aggregation","4/459","77/18860",0.051948051948052,2.13451036980449,1.5754924036386,0.118128184187068,0.118128184187068,0.6772979749653,"GNAS/PRKCQ/MYH9/CELA2A",4
"GO:0051017","actin filament bundle assembly","7/459","169/18860",0.0414201183431953,1.70192468835003,1.44764662363323,0.119263276313096,0.119263276313096,0.6772979749653,"S1PR1/CDC42/ESPNL/ARHGEF10L/MARCKS/MYOC/OAZ3",7
"GO:0006835","dicarboxylic acid transport","5/459","107/18860",0.0467289719626168,1.92006189807179,1.5073653168247,0.120128526585691,0.120128526585691,0.6772979749653,"SLC26A1/SLC26A3/SLC26A8/SLC38A6/ABCC8",5
"GO:0043029","T cell homeostasis","3/459","50/18860",0.06,2.46535947712418,1.63862562528236,0.12181203325945,0.12181203325945,0.6772979749653,"PMAIP1/BCL2/BCL2L11",3
"GO:0045214","sarcomere organization","3/459","50/18860",0.06,2.46535947712418,1.63862562528236,0.12181203325945,0.12181203325945,0.6772979749653,"TTN/MYH6/MYBPC3",3
"GO:0061028","establishment of endothelial barrier","3/459","50/18860",0.06,2.46535947712418,1.63862562528236,0.12181203325945,0.12181203325945,0.6772979749653,"TJP2/TJP3/CLDN1",3
"GO:0070269","pyroptotic inflammatory response","3/459","50/18860",0.06,2.46535947712418,1.63862562528236,0.12181203325945,0.12181203325945,0.6772979749653,"GSDMB/APIP/GSDMA",3
"GO:2000242","negative regulation of reproductive process","4/459","78/18860",0.0512820512820513,2.10714485224289,1.54748265066208,0.122270087610766,0.122270087610766,0.6772979749653,"OVGP1/MYH9/ACVR1C/HORMAD1",4
"GO:0006582","melanin metabolic process","2/459","25/18860",0.08,3.28714596949891,1.80728246671319,0.122959255455105,0.122959255455105,0.6772979749653,"CDH3/BCL2",2
"GO:0014856","skeletal muscle cell proliferation","2/459","25/18860",0.08,3.28714596949891,1.80728246671319,0.122959255455105,0.122959255455105,0.6772979749653,"ANGPT1/MYB",2
"GO:0016973","poly(A)+ mRNA export from nucleus","2/459","25/18860",0.08,3.28714596949891,1.80728246671319,0.122959255455105,0.122959255455105,0.6772979749653,"NXF2/IWS1",2
"GO:0019083","viral transcription","2/459","25/18860",0.08,3.28714596949891,1.80728246671319,0.122959255455105,0.122959255455105,0.6772979749653,"TRIM11/IFITM3",2
"GO:0030220","platelet formation","2/459","25/18860",0.08,3.28714596949891,1.80728246671319,0.122959255455105,0.122959255455105,0.6772979749653,"MFAP2/MYH9",2
"GO:0030859","polarized epithelial cell differentiation","2/459","25/18860",0.08,3.28714596949891,1.80728246671319,0.122959255455105,0.122959255455105,0.6772979749653,"TCF15/CDC42",2
"GO:0032252","secretory granule localization","2/459","25/18860",0.08,3.28714596949891,1.80728246671319,0.122959255455105,0.122959255455105,0.6772979749653,"PPFIA2/UNC13B",2
"GO:0032967","positive regulation of collagen biosynthetic process","2/459","25/18860",0.08,3.28714596949891,1.80728246671319,0.122959255455105,0.122959255455105,0.6772979749653,"F2/MYB",2
"GO:0035331","negative regulation of hippo signaling","2/459","25/18860",0.08,3.28714596949891,1.80728246671319,0.122959255455105,0.122959255455105,0.6772979749653,"STRN3/WWC3",2
"GO:0042744","hydrogen peroxide catabolic process","2/459","25/18860",0.08,3.28714596949891,1.80728246671319,0.122959255455105,0.122959255455105,0.6772979749653,"GPX3/MT3",2
"GO:0042790","nucleolar large rRNA transcription by RNA polymerase I","2/459","25/18860",0.08,3.28714596949891,1.80728246671319,0.122959255455105,0.122959255455105,0.6772979749653,"POLR2E/TAF1B",2
"GO:0050927","positive regulation of positive chemotaxis","2/459","25/18860",0.08,3.28714596949891,1.80728246671319,0.122959255455105,0.122959255455105,0.6772979749653,"CASR/S1PR1",2
"GO:0051131","chaperone-mediated protein complex assembly","2/459","25/18860",0.08,3.28714596949891,1.80728246671319,0.122959255455105,0.122959255455105,0.6772979749653,"HOPX/PTGES3",2
"GO:0060307","regulation of ventricular cardiac muscle cell membrane repolarization","2/459","25/18860",0.08,3.28714596949891,1.80728246671319,0.122959255455105,0.122959255455105,0.6772979749653,"KCNH2/KCNH6",2
"GO:0061339","establishment or maintenance of monopolar cell polarity","2/459","25/18860",0.08,3.28714596949891,1.80728246671319,0.122959255455105,0.122959255455105,0.6772979749653,"TCF15/CDC42",2
"GO:0070233","negative regulation of T cell apoptotic process","2/459","25/18860",0.08,3.28714596949891,1.80728246671319,0.122959255455105,0.122959255455105,0.6772979749653,"PRKCQ/BCL2",2
"GO:0140861","DNA repair-dependent chromatin remodeling","2/459","25/18860",0.08,3.28714596949891,1.80728246671319,0.122959255455105,0.122959255455105,0.6772979749653,"USP3/BRCC3",2
"GO:1903318","negative regulation of protein maturation","2/459","25/18860",0.08,3.28714596949891,1.80728246671319,0.122959255455105,0.122959255455105,0.6772979749653,"MDM2/CHAC1",2
"GO:1903429","regulation of cell maturation","2/459","25/18860",0.08,3.28714596949891,1.80728246671319,0.122959255455105,0.122959255455105,0.6772979749653,"BCL11A/BCL2",2
"GO:1904037","positive regulation of epithelial cell apoptotic process","2/459","25/18860",0.08,3.28714596949891,1.80728246671319,0.122959255455105,0.122959255455105,0.6772979749653,"SFRP4/HMOX1",2
"GO:1905063","regulation of vascular associated smooth muscle cell differentiation","2/459","25/18860",0.08,3.28714596949891,1.80728246671319,0.122959255455105,0.122959255455105,0.6772979749653,"PDGFB/FGF9",2
"GO:2000050","regulation of non-canonical Wnt signaling pathway","2/459","25/18860",0.08,3.28714596949891,1.80728246671319,0.122959255455105,0.122959255455105,0.6772979749653,"SFRP4/WNT5B",2
"GO:0062207","regulation of pattern recognition receptor signaling pathway","8/459","203/18860",0.0394088669950739,1.6192837288172,1.40107615861303,0.123481950296496,0.123481950296496,0.678262246104147,"ANKRD17/LBP/CASR/XIAP/TRIM11/KCNK6/SMPDL3A/BRCC3",8
"GO:0032526","response to retinoic acid","5/459","108/18860",0.0462962962962963,1.90228354716372,1.48516969612193,0.123608138233139,0.123608138233139,0.678262246104147,"WNT8A/ANKK1/WNT5B/RORB/MYB",5
"GO:0031623","receptor internalization","6/459","139/18860",0.0431654676258993,1.77363991160013,1.44586153955137,0.124030486951006,0.124030486951006,0.678262246104147,"RAB31/MDM2/NRG1/SFRP4/ANGPT1/SYT17",6
"GO:0098659","inorganic cation import across plasma membrane","6/459","139/18860",0.0431654676258993,1.77363991160013,1.44586153955137,0.124030486951006,0.124030486951006,0.678262246104147,"AKAP5/KCNH2/KCNK5/SLC30A8/ATP2B4/ABCC8",6
"GO:0099587","inorganic ion import across plasma membrane","6/459","139/18860",0.0431654676258993,1.77363991160013,1.44586153955137,0.124030486951006,0.124030486951006,0.678262246104147,"AKAP5/KCNH2/KCNK5/SLC30A8/ATP2B4/ABCC8",6
"GO:0046394","carboxylic acid biosynthetic process","12/459","339/18860",0.0353982300884956,1.45448936703492,1.33363296144717,0.126173565295426,0.126173565295426,0.684587616138644,"SLC38A1/PNLIP/ACSM5/APIP/ERLIN2/MTHFR/PRKAA1/PTGES3/CYP2E1/HAAO/ATP2B4/SCP2",12
"GO:0050730","regulation of peptidyl-tyrosine phosphorylation","4/459","79/18860",0.0506329113924051,2.08047213259425,1.51989196735754,0.12647331466901,0.12647331466901,0.684587616138644,"DOK7/NRG1/ANGPT1/ENPP2",4
"GO:0015914","phospholipid transport","5/459","109/18860",0.0458715596330275,1.88483140452919,1.4632095286811,0.127134096932878,0.127134096932878,0.684587616138644,"OSBPL10/ATP9A/ANO4/ABCB4/SCP2",5
"GO:0110020","regulation of actomyosin structure organization","5/459","109/18860",0.0458715596330275,1.88483140452919,1.4632095286811,0.127134096932878,0.127134096932878,0.684587616138644,"S1PR1/CDC42/ARHGEF10L/MYOC/OAZ3",5
"GO:0032467","positive regulation of cytokinesis","3/459","51/18860",0.0588235294117647,2.41701909521979,1.60037919855965,0.127222480293637,0.127222480293637,0.684587616138644,"CDC42/PKN2/OR1A2",3
"GO:0042220","response to cocaine","3/459","51/18860",0.0588235294117647,2.41701909521979,1.60037919855965,0.127222480293637,0.127222480293637,0.684587616138644,"MDM2/CRHBP/GPRIN3",3
"GO:0048660","regulation of smooth muscle cell proliferation","7/459","172/18860",0.0406976744186047,1.67223995541369,1.39878862781869,0.127431647803164,0.127431647803164,0.684587616138644,"TCF7L2/PDGFB/MDM2/S1PR1/HMOX1/FGF9/MYB",7
"GO:0005996","monosaccharide metabolic process","10/459","272/18860",0.0367647058823529,1.51063693451237,1.33975474766314,0.128917587450995,0.128917587450995,0.684587616138644,"TCF7L2/MAN2A1/PMAIP1/SORD/BOLA3/PDK1/PRKAA1/OAS1/TFF3/EPM2AIP1",10
"GO:0046883","regulation of hormone secretion","10/459","272/18860",0.0367647058823529,1.51063693451237,1.33975474766314,0.128917587450995,0.128917587450995,0.684587616138644,"TCF7L2/GNAS/CASR/CRHBP/ACVR1C/F2/SLC30A8/MYB/CELA2A/ABCC8",10
"GO:0009416","response to light stimulus","12/459","341/18860",0.0351906158357771,1.44595863760949,1.31252614774334,0.130038225142871,0.130038225142871,0.684587616138644,"PDC/MDM2/PPP1CC/SCARA3/BCL2/BMF/GRIN2A/PRKAA1/AANAT/HYAL3/CCDC66/ABCC8",12
"GO:0043467","regulation of generation of precursor metabolites and energy","6/459","141/18860",0.0425531914893617,1.74848189866963,1.40894647986428,0.130214171148885,0.130214171148885,0.684587616138644,"RBPJ/SLC4A4/CDK1/PRKAA1/OAS1/EPM2AIP1",6
"GO:0048565","digestive tract development","6/459","141/18860",0.0425531914893617,1.74848189866963,1.40894647986428,0.130214171148885,0.130214171148885,0.684587616138644,"MIXL1/BCL2/FGF9/SHOX2/RARB/MYB",6
"GO:0061572","actin filament bundle organization","7/459","173/18860",0.0404624277456647,1.66257382850378,1.38271443423127,0.130215802602324,0.130215802602324,0.684587616138644,"S1PR1/CDC42/ESPNL/ARHGEF10L/MARCKS/MYOC/OAZ3",7
"GO:1990830","cellular response to leukemia inhibitory factor","5/459","110/18860",0.0454545454545455,1.86769657357893,1.44147976201378,0.130705754992957,0.130705754992957,0.684587616138644,"MCF2/EFHC2/PRDM5/MYB/SMARCA5",5
"GO:0006022","aminoglycan metabolic process","4/459","80/18860",0.05,2.05446623093682,1.4927079162093,0.13073660903039,0.13073660903039,0.684587616138644,"PDGFB/OVGP1/HYAL3/GCNT2",4
"GO:0042440","pigment metabolic process","4/459","80/18860",0.05,2.05446623093682,1.4927079162093,0.13073660903039,0.13073660903039,0.684587616138644,"CDH3/HMOX1/BCL2/TMEM14B",4
"GO:1904063","negative regulation of cation transmembrane transport","4/459","80/18860",0.05,2.05446623093682,1.4927079162093,0.13073660903039,0.13073660903039,0.684587616138644,"KCNH2/BCL2/WWP2/UBR3",4
"GO:1904377","positive regulation of protein localization to cell periphery","4/459","80/18860",0.05,2.05446623093682,1.4927079162093,0.13073660903039,0.13073660903039,0.684587616138644,"AKAP5/ANXA13/ATP2B4/ARHGEF16",4
"GO:0000963","mitochondrial RNA processing","2/459","26/18860",0.0769230769230769,3.16071727836434,1.74123864023677,0.131157085011263,0.131157085011263,0.684587616138644,"TRIT1/SUPV3L1",2
"GO:0002026","regulation of the force of heart contraction","2/459","26/18860",0.0769230769230769,3.16071727836434,1.74123864023677,0.131157085011263,0.131157085011263,0.684587616138644,"MYH6/ATP2B4",2
"GO:0003091","renal water homeostasis","2/459","26/18860",0.0769230769230769,3.16071727836434,1.74123864023677,0.131157085011263,0.131157085011263,0.684587616138644,"GNAS/MLLT6",2
"GO:0006817","phosphate ion transport","2/459","26/18860",0.0769230769230769,3.16071727836434,1.74123864023677,0.131157085011263,0.131157085011263,0.684587616138644,"SLC37A1/SFRP4",2
"GO:0010714","positive regulation of collagen metabolic process","2/459","26/18860",0.0769230769230769,3.16071727836434,1.74123864023677,0.131157085011263,0.131157085011263,0.684587616138644,"F2/MYB",2
"GO:0030194","positive regulation of blood coagulation","2/459","26/18860",0.0769230769230769,3.16071727836434,1.74123864023677,0.131157085011263,0.131157085011263,0.684587616138644,"APOH/F2",2
"GO:0032331","negative regulation of chondrocyte differentiation","2/459","26/18860",0.0769230769230769,3.16071727836434,1.74123864023677,0.131157085011263,0.131157085011263,0.684587616138644,"RARB/ADAMTS7",2
"GO:0032958","inositol phosphate biosynthetic process","2/459","26/18860",0.0769230769230769,3.16071727836434,1.74123864023677,0.131157085011263,0.131157085011263,0.684587616138644,"IP6K3/SCP2",2
"GO:0035988","chondrocyte proliferation","2/459","26/18860",0.0769230769230769,3.16071727836434,1.74123864023677,0.131157085011263,0.131157085011263,0.684587616138644,"STC1/MMP16",2
"GO:0043931","ossification involved in bone maturation","2/459","26/18860",0.0769230769230769,3.16071727836434,1.74123864023677,0.131157085011263,0.131157085011263,0.684587616138644,"RYR1/ADAMTS7",2
"GO:0050926","regulation of positive chemotaxis","2/459","26/18860",0.0769230769230769,3.16071727836434,1.74123864023677,0.131157085011263,0.131157085011263,0.684587616138644,"CASR/S1PR1",2
"GO:0071305","cellular response to vitamin D","2/459","26/18860",0.0769230769230769,3.16071727836434,1.74123864023677,0.131157085011263,0.131157085011263,0.684587616138644,"CASR/GPRIN3",2
"GO:1900048","positive regulation of hemostasis","2/459","26/18860",0.0769230769230769,3.16071727836434,1.74123864023677,0.131157085011263,0.131157085011263,0.684587616138644,"APOH/F2",2
"GO:1901380","negative regulation of potassium ion transmembrane transport","2/459","26/18860",0.0769230769230769,3.16071727836434,1.74123864023677,0.131157085011263,0.131157085011263,0.684587616138644,"KCNH2/WWP2",2
"GO:1990166","protein localization to site of double-strand break","2/459","26/18860",0.0769230769230769,3.16071727836434,1.74123864023677,0.131157085011263,0.131157085011263,0.684587616138644,"IFFO1/CDK1",2
"GO:0030522","intracellular receptor signaling pathway","15/459","447/18860",0.0335570469798658,1.37883639660189,1.28023041999886,0.131915679837701,0.131915679837701,0.687065886136996,"TCF7L2/STRN3/ANKRD17/CASR/XIAP/TRIM11/KCNK6/KDM4C/SMPDL3A/RHOXF1/BRCC3/RARB/OAS1/RORB/GPRIN3",15
"GO:0016053","organic acid biosynthetic process","12/459","342/18860",0.0350877192982456,1.44173068837672,1.30202266884351,0.131995008139226,0.131995008139226,0.687065886136996,"SLC38A1/PNLIP/ACSM5/APIP/ERLIN2/MTHFR/PRKAA1/PTGES3/CYP2E1/HAAO/ATP2B4/SCP2",12
"GO:0030521","androgen receptor signaling pathway","3/459","52/18860",0.0576923076923077,2.37053795877325,1.56302668447838,0.132717238724892,0.132717238724892,0.688930002477781,"TCF7L2/KDM4C/RHOXF1",3
"GO:1990573","potassium ion import across plasma membrane","3/459","52/18860",0.0576923076923077,2.37053795877325,1.56302668447838,0.132717238724892,0.132717238724892,0.688930002477781,"KCNH2/KCNK5/ABCC8",3
"GO:1990138","neuron projection extension","7/459","174/18860",0.0402298850574713,1.65301880650089,1.36674376419711,0.133030224443486,0.133030224443486,0.689608733776976,"NRCAM/POSTN/BCL11A/NRN1/MT3/PRICKLE1/SYT17",7
"GO:0010975","regulation of neuron projection development","15/459","448/18860",0.0334821428571429,1.37575863678805,1.27128363329877,0.133630552454753,0.133630552454753,0.691773109762886,"NRCAM/NTNG1/BCL11A/MDM2/PPFIA2/MAP6/MCF2/EFHC2/NEU4/MT3/RTN4RL1/CNTN1/SHOX2/NGEF/ACAP3",15
"GO:0032204","regulation of telomere maintenance","5/459","111/18860",0.045045045045045,1.85087047832146,1.41997549904188,0.134322447393153,0.134322447393153,0.693457598015921,"PRKCQ/UCHL5/INO80C/PTGES3/SMG1",5
"GO:0060079","excitatory postsynaptic potential","5/459","111/18860",0.045045045045045,1.85087047832146,1.41997549904188,0.134322447393153,0.134322447393153,0.693457598015921,"CBLN1/P2RX6/PRKAR1B/GRIN2A/SSH1",5
"GO:0016358","dendrite development","9/459","241/18860",0.037344398340249,1.53445610609389,1.31882553969635,0.135196274419983,0.135196274419983,0.697017935665908,"BCL11A/PPFIA2/MAP6/CPEB3/MCF2/CDC42/PRICKLE1/NGEF/IGSF9",9
"GO:0051592","response to calcium ion","6/459","143/18860",0.041958041958042,1.72402760638055,1.37261893185042,0.136543089396158,0.136543089396158,0.703003804338257,"CASR/CRHBP/RYR1/TTN/PRKAA1/AANAT",6
"GO:0032231","regulation of actin filament bundle assembly","5/459","112/18860",0.0446428571428571,1.83434484905073,1.39869199193503,0.137983492497235,0.137983492497235,0.703741829926379,"S1PR1/CDC42/ARHGEF10L/MYOC/OAZ3",5
"GO:1990823","response to leukemia inhibitory factor","5/459","112/18860",0.0446428571428571,1.83434484905073,1.39869199193503,0.137983492497235,0.137983492497235,0.703741829926379,"MCF2/EFHC2/PRDM5/MYB/SMARCA5",5
"GO:0010332","response to gamma radiation","3/459","53/18860",0.0566037735849057,2.32581082747564,1.52652771762374,0.138293238246351,0.138293238246351,0.703741829926379,"MDM2/BCL2/PRKAA1",3
"GO:0051496","positive regulation of stress fiber assembly","3/459","53/18860",0.0566037735849057,2.32581082747564,1.52652771762374,0.138293238246351,0.138293238246351,0.703741829926379,"CDC42/ARHGEF10L/MYOC",3
"GO:1904707","positive regulation of vascular associated smooth muscle cell proliferation","3/459","53/18860",0.0566037735849057,2.32581082747564,1.52652771762374,0.138293238246351,0.138293238246351,0.703741829926379,"PDGFB/MDM2/FGF9",3
"GO:0048659","smooth muscle cell proliferation","7/459","176/18860",0.0397727272727273,1.63423450188156,1.33510747852987,0.138748812572936,0.138748812572936,0.703741829926379,"TCF7L2/PDGFB/MDM2/S1PR1/HMOX1/FGF9/MYB",7
"GO:0002053","positive regulation of mesenchymal cell proliferation","2/459","27/18860",0.0740740740740741,3.04365367546195,1.67831853133092,0.139475953775395,0.139475953775395,0.703741829926379,"FGF9/SHOX2",2
"GO:0006760","folic acid-containing compound metabolic process","2/459","27/18860",0.0740740740740741,3.04365367546195,1.67831853133092,0.139475953775395,0.139475953775395,0.703741829926379,"FTCD/MTHFR",2
"GO:0021544","subpallium development","2/459","27/18860",0.0740740740740741,3.04365367546195,1.67831853133092,0.139475953775395,0.139475953775395,0.703741829926379,"CNTNAP2/RARB",2
"GO:0022038","corpus callosum development","2/459","27/18860",0.0740740740740741,3.04365367546195,1.67831853133092,0.139475953775395,0.139475953775395,0.703741829926379,"WDR89/RTN4RL1",2
"GO:0030277","maintenance of gastrointestinal epithelium","2/459","27/18860",0.0740740740740741,3.04365367546195,1.67831853133092,0.139475953775395,0.139475953775395,0.703741829926379,"PBLD/TFF3",2
"GO:0036344","platelet morphogenesis","2/459","27/18860",0.0740740740740741,3.04365367546195,1.67831853133092,0.139475953775395,0.139475953775395,0.703741829926379,"MFAP2/MYH9",2
"GO:0042730","fibrinolysis","2/459","27/18860",0.0740740740740741,3.04365367546195,1.67831853133092,0.139475953775395,0.139475953775395,0.703741829926379,"APOH/F2",2
"GO:0150105","protein localization to cell-cell junction","2/459","27/18860",0.0740740740740741,3.04365367546195,1.67831853133092,0.139475953775395,0.139475953775395,0.703741829926379,"TJP2/TJP3",2
"GO:1903859","regulation of dendrite extension","2/459","27/18860",0.0740740740740741,3.04365367546195,1.67831853133092,0.139475953775395,0.139475953775395,0.703741829926379,"BCL11A/SYT17",2
"GO:0050768","negative regulation of neurogenesis","6/459","144/18860",0.0416666666666667,1.71205519244735,1.35466947815547,0.139760993628009,0.139760993628009,0.704241042950022,"BCL11A/TRIM11/MCF2/MT3/F2/ABCC8",6
"GO:0031334","positive regulation of protein-containing complex assembly","8/459","210/18860",0.0380952380952381,1.56530760452329,1.30106806542308,0.141479626189199,0.141479626189199,0.710169470872306,"CASR/KCNK6/NRG1/HIP1R/BMF/BRCC3/BCL2L11/UNC13B",8
"GO:0170033","L-amino acid metabolic process","7/459","177/18860",0.0395480225988701,1.62500153859409,1.31943917101496,0.14165242962891,0.14165242962891,0.710169470872306,"AGMAT/HDC/FTCD/APIP/MTHFR/HAAO/ATP2B4",7
"GO:1905475","regulation of protein localization to membrane","7/459","177/18860",0.0395480225988701,1.62500153859409,1.31943917101496,0.14165242962891,0.14165242962891,0.710169470872306,"AKAP5/DOK7/VAMP4/ANXA13/SSH1/ATP2B4/ARHGEF16",7
"GO:0032355","response to estradiol","5/459","113/18860",0.0442477876106195,1.81811170879365,1.37762463624557,0.141688192763049,0.141688192763049,0.710169470872306,"CSN1S1/POSTN/STRN3/CRHBP/PTGFR",5
"GO:0060485","mesenchyme development","12/459","347/18860",0.0345821325648415,1.42095647096495,1.24999560807025,0.142021045795506,0.142021045795506,0.710896212245674,"TCF7L2/TCF15/MDM2/NRG1/WNT8A/RBPJ/BCL2/CDC42/FGF9/PRICKLE1/GCNT2/NRTN",12
"GO:0002260","lymphocyte homeostasis","4/459","83/18860",0.0481927710843374,1.98020841536079,1.41347890094311,0.143873989396636,0.143873989396636,0.716746429197628,"PMAIP1/BCL2/SLC40A1/BCL2L11",4
"GO:0043954","cellular component maintenance","4/459","83/18860",0.0481927710843374,1.98020841536079,1.41347890094311,0.143873989396636,0.143873989396636,0.716746429197628,"PPFIA2/CBLN1/PRICKLE1/CLDN1",4
"GO:0001974","blood vessel remodeling","3/459","54/18860",0.0555555555555556,2.28274025659647,1.4908445049948,0.14394740525193,0.14394740525193,0.716746429197628,"MDM2/RBPJ/ACE",3
"GO:0050771","negative regulation of axonogenesis","3/459","54/18860",0.0555555555555556,2.28274025659647,1.4908445049948,0.14394740525193,0.14394740525193,0.716746429197628,"BCL11A/MCF2/MT3",3
"GO:0015748","organophosphate ester transport","7/459","178/18860",0.0393258426966292,1.61587231646716,1.30386900197072,0.144585215612508,0.144585215612508,0.717576731680206,"SLC37A1/OSBPL10/ATP9A/ANO4/CALHM2/ABCB4/SCP2",7
"GO:0035264","multicellular organism growth","7/459","178/18860",0.0393258426966292,1.61587231646716,1.30386900197072,0.144585215612508,0.144585215612508,0.717576731680206,"GNAS/COA5/BCL2/CDKN1C/PRICKLE1/RARB/FTO",7
"GO:0032386","regulation of intracellular transport","10/459","279/18860",0.03584229390681,1.47273564941707,1.25640852467524,0.144683030308316,0.144683030308316,0.717576731680206,"AKAP5/MDM2/PPP1CC/ATP9A/ANGPT1/CDK1/OAZ3/SCP2/MYBPC3/IWS1",10
"GO:0001503","ossification","15/459","455/18860",0.032967032967033,1.354593119299,1.2092415238049,0.145986295155707,0.145986295155707,0.718490661879946,"STC1/CASR/S1PR1/RYR1/RBPJ/BCL2/MATN1/FGF9/PRICKLE1/SHOX2/MYOC/IFITM5/RORB/ADAMTS7/MMP16",15
"GO:0070646","protein modification by small protein removal","6/459","146/18860",0.0410958904109589,1.68860238159191,1.31918770841454,0.146301557754791,0.146301557754791,0.718490661879946,"USP49/UCHL5/CDK1/USP3/ATXN3L/BRCC3",6
"GO:0032868","response to insulin","10/459","280/18860",0.0357142857142857,1.46747587924059,1.24468750065766,0.147013453986732,0.147013453986732,0.718490661879946,"RAB31/PRKCQ/CA3/ACVR1C/PRKAA1/AANAT/EPM2AIP1/GPR82/CELA2A/ABCC8",10
"GO:0042445","hormone metabolic process","9/459","246/18860",0.0365853658536585,1.50326797385621,1.25485040009617,0.147477227385335,0.147477227385335,0.718490661879946,"TCF7L2/CRHBP/PNLIP/ACE/DUOXA2/RDH11/AANAT/SLC30A8/SCP2",9
"GO:0030509","BMP signaling pathway","7/459","179/18860",0.0391061452513966,1.60684509682209,1.2883956887713,0.147546875807005,0.147546875807005,0.718490661879946,"XIAP/ETV2/NFIA/RBPJ/SFRP4/HTRA3/HIVEP1",7
"GO:0030431","sleep","2/459","28/18860",0.0714285714285714,2.93495175848117,1.61825104111901,0.147905150020655,0.147905150020655,0.718490661879946,"GRIN2A/GABRB3",2
"GO:0031639","plasminogen activation","2/459","28/18860",0.0714285714285714,2.93495175848117,1.61825104111901,0.147905150020655,0.147905150020655,0.718490661879946,"APOH/TMPRSS9",2
"GO:0034643","establishment of mitochondrion localization, microtubule-mediated","2/459","28/18860",0.0714285714285714,2.93495175848117,1.61825104111901,0.147905150020655,0.147905150020655,0.718490661879946,"ARMCX3/AGBL4",2
"GO:0036037","CD8-positive, alpha-beta T cell activation","2/459","28/18860",0.0714285714285714,2.93495175848117,1.61825104111901,0.147905150020655,0.147905150020655,0.718490661879946,"BCL2/DAPL1",2
"GO:0046037","GMP metabolic process","2/459","28/18860",0.0714285714285714,2.93495175848117,1.61825104111901,0.147905150020655,0.147905150020655,0.718490661879946,"NT5DC4/TJP2",2
"GO:0047497","mitochondrion transport along microtubule","2/459","28/18860",0.0714285714285714,2.93495175848117,1.61825104111901,0.147905150020655,0.147905150020655,0.718490661879946,"ARMCX3/AGBL4",2
"GO:0051882","mitochondrial depolarization","2/459","28/18860",0.0714285714285714,2.93495175848117,1.61825104111901,0.147905150020655,0.147905150020655,0.718490661879946,"BCL2/MYOC",2
"GO:0060586","multicellular organismal-level iron ion homeostasis","2/459","28/18860",0.0714285714285714,2.93495175848117,1.61825104111901,0.147905150020655,0.147905150020655,0.718490661879946,"HMOX1/SLC40A1",2
"GO:0090128","regulation of synapse maturation","2/459","28/18860",0.0714285714285714,2.93495175848117,1.61825104111901,0.147905150020655,0.147905150020655,0.718490661879946,"NRN1/IGSF9",2
"GO:1903779","regulation of cardiac conduction","2/459","28/18860",0.0714285714285714,2.93495175848117,1.61825104111901,0.147905150020655,0.147905150020655,0.718490661879946,"ATP2B2/ATP2B4",2
"GO:2000647","negative regulation of stem cell proliferation","2/459","28/18860",0.0714285714285714,2.93495175848117,1.61825104111901,0.147905150020655,0.147905150020655,0.718490661879946,"RBPJ/RARB",2
"GO:0043271","negative regulation of monoatomic ion transport","5/459","115/18860",0.0434782608695652,1.78649237472767,1.33612064500152,0.149225693321405,0.149225693321405,0.721649483300591,"STC1/KCNH2/BCL2/WWP2/UBR3",5
"GO:0050708","regulation of protein secretion","10/459","281/18860",0.0355871886120996,1.46225354515076,1.23301171674539,0.149363085038598,0.149363085038598,0.721649483300591,"TCF7L2/GNAS/CASR/TTN/ACVR1C/F2/SLC30A8/CELA2A/ABCC8/UNC13B",10
"GO:0140014","mitotic nuclear division","10/459","281/18860",0.0355871886120996,1.46225354515076,1.23301171674539,0.149363085038598,0.149363085038598,0.721649483300591,"PDGFB/NFIA/PPP1CC/CDC42/CDKN1C/CDK1/PRICKLE1/TTN/CCDC66/SMARCA5",10
"GO:0044546","NLRP3 inflammasome complex assembly","3/459","55/18860",0.0545454545454545,2.24123588829471,1.45594161712636,0.149676667277376,0.149676667277376,0.721649483300591,"CASR/KCNK6/BRCC3",3
"GO:0009743","response to carbohydrate","9/459","247/18860",0.0364372469635627,1.4971818686989,1.24222575915748,0.149998729500276,0.149998729500276,0.721649483300591,"TCF7L2/CASR/PTPRN2/ACVR1C/PRKAA1/SLC30A8/GPR82/ABCC8/UNC13B",9
"GO:0006665","sphingolipid metabolic process","7/459","180/18860",0.0388888888888889,1.59791817961753,1.27301797299895,0.150537107778874,0.150537107778874,0.721649483300591,"ENPP7/B4GALNT1/NEU4/GALC/PRKAA1/ENPP2/GM2A",7
"GO:0031669","cellular response to nutrient levels","10/459","282/18860",0.0354609929078014,1.45706824889136,1.22138079959933,0.151731798664249,0.151731798664249,0.721649483300591,"POSTN/MDM2/CASR/AKT1S1/PMAIP1/BCL2/PRKAA1/UPP1/GPRIN3/ABCC8",10
"GO:0016054","organic acid catabolic process","9/459","248/18860",0.0362903225806452,1.49114484503479,1.22965666748386,0.152541631332212,0.152541631332212,0.721649483300591,"SARDH/AIG1/HDC/FTCD/AMT/SORD/HAAO/ATP2B4/SCP2",9
"GO:0046395","carboxylic acid catabolic process","9/459","248/18860",0.0362903225806452,1.49114484503479,1.22965666748386,0.152541631332212,0.152541631332212,0.721649483300591,"SARDH/AIG1/HDC/FTCD/AMT/SORD/HAAO/ATP2B4/SCP2",9
"GO:0032370","positive regulation of lipid transport","4/459","85/18860",0.0470588235294118,1.93361527617583,1.36248710154543,0.1529085655663,0.1529085655663,0.721649483300591,"ABCB4/MYB/LPCAT3/SCP2",4
"GO:0034766","negative regulation of monoatomic ion transmembrane transport","4/459","85/18860",0.0470588235294118,1.93361527617583,1.36248710154543,0.1529085655663,0.1529085655663,0.721649483300591,"KCNH2/BCL2/WWP2/UBR3",4
"GO:0030038","contractile actin filament bundle assembly","5/459","116/18860",0.0431034482758621,1.77109157839381,1.31567546851728,0.153057025346531,0.153057025346531,0.721649483300591,"S1PR1/CDC42/ARHGEF10L/MYOC/OAZ3",5
"GO:0043149","stress fiber assembly","5/459","116/18860",0.0431034482758621,1.77109157839381,1.31567546851728,0.153057025346531,0.153057025346531,0.721649483300591,"S1PR1/CDC42/ARHGEF10L/MYOC/OAZ3",5
"GO:0006633","fatty acid biosynthetic process","7/459","181/18860",0.0386740331491713,1.58908990238207,1.25773461985194,0.153555601560711,0.153555601560711,0.721649483300591,"PNLIP/ACSM5/ERLIN2/PRKAA1/PTGES3/CYP2E1/SCP2",7
"GO:0034765","regulation of monoatomic ion transmembrane transport","11/459","318/18860",0.0345911949685535,1.42132883901289,1.19674444042618,0.1547079701065,0.1547079701065,0.721649483300591,"AKAP5/KCNH2/WNK2/BCL2/WWP2/GRIN2A/JPH4/UBR3/F2/KCNIP1/ATP2B4",11
"GO:0043085","positive regulation of catalytic activity","11/459","318/18860",0.0345911949685535,1.42132883901289,1.19674444042618,0.1547079701065,0.1547079701065,0.721649483300591,"PDGFB/EVI5/GNAS/CDH3/DOK7/PNLIP/NRG1/ABR/ANGPT1/MT3/ARHGEF16",11
"GO:0050673","epithelial cell proliferation","16/459","496/18860",0.032258064516129,1.32546208447537,1.1601190497258,0.155208388873617,0.155208388873617,0.721649483300591,"TCF7L2/PDGFB/CDH3/VSTM4/APOH/RBPJ/HMOX1/CDC42/CDKN1C/FGF9/VASH2/RASGRF1/ATOH8/CLDN1/KLF9/FGL1",16
"GO:0045332","phospholipid translocation","3/459","56/18860",0.0535714285714286,2.20121381886088,1.42178579965806,0.155477957168934,0.155477957168934,0.721649483300591,"ATP9A/ANO4/ABCB4",3
"GO:0051646","mitochondrion localization","3/459","56/18860",0.0535714285714286,2.20121381886088,1.42178579965806,0.155477957168934,0.155477957168934,0.721649483300591,"ARMCX3/SLC4A5/AGBL4",3
"GO:0099084","postsynaptic specialization organization","3/459","56/18860",0.0535714285714286,2.20121381886088,1.42178579965806,0.155477957168934,0.155477957168934,0.721649483300591,"PPFIA2/CBLN1/PRICKLE1",3
"GO:1902895","positive regulation of miRNA transcription","3/459","56/18860",0.0535714285714286,2.20121381886088,1.42178579965806,0.155477957168934,0.155477957168934,0.721649483300591,"PDGFB/ATOH8/MYB",3
"GO:0001964","startle response","2/459","29/18860",0.0689655172413793,2.8337465254301,1.56079753888703,0.156434409650021,0.156434409650021,0.721649483300591,"CNTNAP2/GRIN2A",2
"GO:0002092","positive regulation of receptor internalization","2/459","29/18860",0.0689655172413793,2.8337465254301,1.56079753888703,0.156434409650021,0.156434409650021,0.721649483300591,"SFRP4/ANGPT1",2
"GO:0009648","photoperiodism","2/459","29/18860",0.0689655172413793,2.8337465254301,1.56079753888703,0.156434409650021,0.156434409650021,0.721649483300591,"PPP1CC/AANAT",2
"GO:0035116","embryonic hindlimb morphogenesis","2/459","29/18860",0.0689655172413793,2.8337465254301,1.56079753888703,0.156434409650021,0.156434409650021,0.721649483300591,"AFF3/RARB",2
"GO:0035458","cellular response to interferon-beta","2/459","29/18860",0.0689655172413793,2.8337465254301,1.56079753888703,0.156434409650021,0.156434409650021,0.721649483300591,"OAS1/IFITM2",2
"GO:0070977","bone maturation","2/459","29/18860",0.0689655172413793,2.8337465254301,1.56079753888703,0.156434409650021,0.156434409650021,0.721649483300591,"RYR1/ADAMTS7",2
"GO:0086013","membrane repolarization during cardiac muscle cell action potential","2/459","29/18860",0.0689655172413793,2.8337465254301,1.56079753888703,0.156434409650021,0.156434409650021,0.721649483300591,"KCNH2/KCNH6",2
"GO:0097107","postsynaptic density assembly","2/459","29/18860",0.0689655172413793,2.8337465254301,1.56079753888703,0.156434409650021,0.156434409650021,0.721649483300591,"CBLN1/PRICKLE1",2
"GO:0097421","liver regeneration","2/459","29/18860",0.0689655172413793,2.8337465254301,1.56079753888703,0.156434409650021,0.156434409650021,0.721649483300591,"CA3/CLDN1",2
"GO:1904862","inhibitory synapse assembly","2/459","29/18860",0.0689655172413793,2.8337465254301,1.56079753888703,0.156434409650021,0.156434409650021,0.721649483300591,"CBLN1/GABRB3",2
"GO:0007611","learning or memory","10/459","284/18860",0.0352112676056338,1.44680720488508,1.19825209451464,0.156525956686401,0.156525956686401,0.721649483300591,"CNTNAP2/CRHBP/CPEB3/PRKAR1B/GRIN2A/GABRB3/JPH4/RASGRF1/GM2A/ABCC8",10
"GO:1901888","regulation of cell junction assembly","10/459","285/18860",0.0350877192982456,1.44173068837672,1.18675358195592,0.15895113386435,0.15895113386435,0.721649483300591,"CNTNAP2/CPEB3/CBLN1/VSTM5/ACE/RTN4RL1/PRICKLE1/HOPX/MYOC/CLDN1",10
"GO:0002686","negative regulation of leukocyte migration","3/459","57/18860",0.0526315789473684,2.16259603256507,1.38834580302129,0.161348216991605,0.161348216991605,0.721649483300591,"LRCH1/HMOX1/MIA3",3
"GO:0014888","striated muscle adaptation","3/459","57/18860",0.0526315789473684,2.16259603256507,1.38834580302129,0.161348216991605,0.161348216991605,0.721649483300591,"MYH6/MYOC/ATP2B4",3
"GO:0060998","regulation of dendritic spine development","3/459","57/18860",0.0526315789473684,2.16259603256507,1.38834580302129,0.161348216991605,0.161348216991605,0.721649483300591,"PPFIA2/CPEB3/NGEF",3
"GO:0099024","plasma membrane invagination","3/459","57/18860",0.0526315789473684,2.16259603256507,1.38834580302129,0.161348216991605,0.161348216991605,0.721649483300591,"RAB31/MYH9/CDC42",3
"GO:0099172","presynapse organization","3/459","57/18860",0.0526315789473684,2.16259603256507,1.38834580302129,0.161348216991605,0.161348216991605,0.721649483300591,"PPFIA2/CBLN1/CACNA2D3",3
"GO:0006520","amino acid metabolic process","10/459","286/18860",0.034965034965035,1.43668967198379,1.17529848678823,0.161394859269646,0.161394859269646,0.721649483300591,"SLC38A1/AGMAT/SARDH/HDC/FTCD/AMT/APIP/MTHFR/HAAO/ATP2B4",10
"GO:0006470","protein dephosphorylation","4/459","87/18860",0.0459770114942529,1.88916435028673,1.31286414772363,0.16215150586889,0.16215150586889,0.721649483300591,"PPP1CC/PTPRN2/SSH1/TPTE",4
"GO:0170035","L-amino acid catabolic process","4/459","87/18860",0.0459770114942529,1.88916435028673,1.31286414772363,0.16215150586889,0.16215150586889,0.721649483300591,"HDC/FTCD/HAAO/ATP2B4",4
"GO:0044272","sulfur compound biosynthetic process","5/459","119/18860",0.0420168067226891,1.72644221087128,1.25551854571625,0.164792263641751,0.164792263641751,0.721649483300591,"TPK1/APIP/MTHFR/PDK1/CHAC1",5
"GO:0003071","renal system process involved in regulation of systemic arterial blood pressure","2/459","30/18860",0.0666666666666667,2.73928830791576,1.50574699526896,0.165053900831867,0.165053900831867,0.721649483300591,"PDGFB/ACE",2
"GO:0003209","cardiac atrium morphogenesis","2/459","30/18860",0.0666666666666667,2.73928830791576,1.50574699526896,0.165053900831867,0.165053900831867,0.721649483300591,"SHOX2/MYH6",2
"GO:0006024","glycosaminoglycan biosynthetic process","2/459","30/18860",0.0666666666666667,2.73928830791576,1.50574699526896,0.165053900831867,0.165053900831867,0.721649483300591,"PDGFB/GCNT2",2
"GO:0006656","phosphatidylcholine biosynthetic process","2/459","30/18860",0.0666666666666667,2.73928830791576,1.50574699526896,0.165053900831867,0.165053900831867,0.721649483300591,"PRKAA1/LPCAT3",2
"GO:0007214","gamma-aminobutyric acid signaling pathway","2/459","30/18860",0.0666666666666667,2.73928830791576,1.50574699526896,0.165053900831867,0.165053900831867,0.721649483300591,"GABRB1/GABRB3",2
"GO:0045761","regulation of adenylate cyclase activity","2/459","30/18860",0.0666666666666667,2.73928830791576,1.50574699526896,0.165053900831867,0.165053900831867,0.721649483300591,"GNAS/AKAP5",2
"GO:0051491","positive regulation of filopodium assembly","2/459","30/18860",0.0666666666666667,2.73928830791576,1.50574699526896,0.165053900831867,0.165053900831867,0.721649483300591,"CDC42/GPM6A",2
"GO:0060964","regulation of miRNA-mediated gene silencing","2/459","30/18860",0.0666666666666667,2.73928830791576,1.50574699526896,0.165053900831867,0.165053900831867,0.721649483300591,"DND1/TRIM71",2
"GO:0072012","glomerulus vasculature development","2/459","30/18860",0.0666666666666667,2.73928830791576,1.50574699526896,0.165053900831867,0.165053900831867,0.721649483300591,"PDGFB/ANGPT1",2
"GO:0099623","regulation of cardiac muscle cell membrane repolarization","2/459","30/18860",0.0666666666666667,2.73928830791576,1.50574699526896,0.165053900831867,0.165053900831867,0.721649483300591,"KCNH2/KCNH6",2
"GO:0046434","organophosphate catabolic process","9/459","253/18860",0.0355731225296443,1.46167557932264,1.16762650524377,0.16557110914255,0.16557110914255,0.721649483300591,"ENPP7/SLC4A4/ENPP3/NUDT4/SMPDL3A/PRKAA1/ENPP2/PGAM4/UPP1",9
"GO:0030178","negative regulation of Wnt signaling pathway","7/459","185/18860",0.0378378378378378,1.55473120179003,1.19752093235468,0.165905742147046,0.165905742147046,0.721649483300591,"TCF7L2/SFRP4/BARX1/FGF9/PRICKLE1/WIF1/WNT5B",7
"GO:0046486","glycerolipid metabolic process","13/459","394/18860",0.032994923857868,1.35573913716643,1.12703733501715,0.166348516594457,0.166348516594457,0.721649483300591,"PDGFB/AGPAT4/IP6K3/PNLIP/OSBPL10/APOH/PRKAA1/INPP5A/ENPP2/ETNK1/SMG1/GPR82/LPCAT3",13
"GO:0002753","cytoplasmic pattern recognition receptor signaling pathway","8/459","219/18860",0.0365296803652968,1.50097989474836,1.17774891204638,0.166412107503815,0.166412107503815,0.721649483300591,"ANKRD17/CASR/XIAP/TRIM11/KCNK6/SMPDL3A/BRCC3/OAS1",8
"GO:0015711","organic anion transport","15/459","466/18860",0.0321888412017167,1.3226177452383,1.11375092884153,0.166619005419856,0.166619005419856,0.721649483300591,"SLC38A1/SLC26A1/CASR/SLC37A1/SLC4A4/ACE/CALHM2/SLC6A8/SLC16A5/SLC4A5/SLC26A3/SLC26A8/ABCB4/SLC38A6/ABCC8",15
"GO:0051960","regulation of nervous system development","15/459","466/18860",0.0321888412017167,1.3226177452383,1.11375092884153,0.166619005419856,0.166619005419856,0.721649483300591,"BCL11A/TRIM11/MAP6/PPP1CC/MAN2A1/MCF2/CBLN1/VSTM5/MT3/RTN4RL1/SHOX2/RARB/F2/MYB/ABCC8",15
"GO:0048864","stem cell development","4/459","88/18860",0.0454545454545455,1.86769657357893,1.2885429708256,0.16684764128502,0.16684764128502,0.721649483300591,"NRG1/BCL2/CDC42/NRTN",4
"GO:0120193","tight junction organization","4/459","88/18860",0.0454545454545455,1.86769657357893,1.2885429708256,0.16684764128502,0.16684764128502,0.721649483300591,"SVEP1/CLDN1/ABCC8/CLDN19",4
"GO:0051926","negative regulation of calcium ion transport","3/459","58/18860",0.0517241379310345,2.12530989407257,1.35559222821588,0.167284401688527,0.167284401688527,0.721649483300591,"STC1/BCL2/UBR3",3
"GO:0060997","dendritic spine morphogenesis","3/459","58/18860",0.0517241379310345,2.12530989407257,1.35559222821588,0.167284401688527,0.167284401688527,0.721649483300591,"PPFIA2/CDC42/NGEF",3
"GO:0071827","plasma lipoprotein particle organization","3/459","58/18860",0.0517241379310345,2.12530989407257,1.35559222821588,0.167284401688527,0.167284401688527,0.721649483300591,"PNLIP/APOH/LPCAT3",3
"GO:0086009","membrane repolarization","3/459","58/18860",0.0517241379310345,2.12530989407257,1.35559222821588,0.167284401688527,0.167284401688527,0.721649483300591,"KCNH2/KCNIP1/KCNH6",3
"GO:0010821","regulation of mitochondrion organization","5/459","120/18860",0.0416666666666667,1.71205519244735,1.23584626065508,0.168781830247107,0.168781830247107,0.721649483300591,"HIP1R/PMAIP1/BMF/PRKAA1/BCL2L11",5
"GO:1901655","cellular response to ketone","5/459","120/18860",0.0416666666666667,1.71205519244735,1.23584626065508,0.168781830247107,0.168781830247107,0.721649483300591,"GNAS/POSTN/PTGFR/PRKAA1/KLF9",5
"GO:1990748","cellular detoxification","5/459","120/18860",0.0416666666666667,1.71205519244735,1.23584626065508,0.168781830247107,0.168781830247107,0.721649483300591,"GPX3/MB/MT3/RDH11/NQO1",5
"GO:0035148","tube formation","6/459","153/18860",0.0392156862745098,1.61134606347986,1.19915610475269,0.170245366117965,0.170245366117965,0.721649483300591,"PODXL/PRICKLE1/MTHFR/TRIM71/ATOH8/BCL2L11",6
"GO:0006260","DNA replication","10/459","290/18860",0.0344827586206897,1.41687326271505,1.12990530791655,0.171352350563702,0.171352350563702,0.721649483300591,"ENPP7/ANKRD17/UCHL5/INO80C/NFIA/MCM5/CDK1/MCM7/RECQL5/SMARCA5",10
"GO:1901264","carbohydrate derivative transport","4/459","89/18860",0.0449438202247191,1.84671121881961,1.26453709256411,0.171591679271957,0.171591679271957,0.721649483300591,"LBP/SLC37A1/CALHM2/SLC28A3",4
"GO:0048469","cell maturation","8/459","221/18860",0.0361990950226244,1.4873963662891,1.15109741883761,0.172211841151507,0.172211841151507,0.721649483300591,"NRCAM/CNTNAP2/BCL11A/VSX1/BCL2/CDKN1C/SLC26A3/MYOC",8
"GO:0046822","regulation of nucleocytoplasmic transport","5/459","121/18860",0.0413223140495868,1.69790597598084,1.21635783521124,0.172808983024434,0.172808983024434,0.721649483300591,"MDM2/PPP1CC/ANGPT1/CDK1/IWS1",5
"GO:0090277","positive regulation of peptide hormone secretion","5/459","121/18860",0.0413223140495868,1.69790597598084,1.21635783521124,0.172808983024434,0.172808983024434,0.721649483300591,"TCF7L2/CASR/F2/SLC30A8/ABCC8",5
"GO:1903076","regulation of protein localization to plasma membrane","5/459","121/18860",0.0413223140495868,1.69790597598084,1.21635783521124,0.172808983024434,0.172808983024434,0.721649483300591,"AKAP5/VAMP4/ANXA13/ATP2B4/ARHGEF16",5
"GO:0006383","transcription by RNA polymerase III","3/459","59/18860",0.0508474576271186,2.08928769247812,1.32349738690631,0.173283482502579,0.173283482502579,0.721649483300591,"POLR2E/IVNS1ABP/SMARCA5",3
"GO:0090181","regulation of cholesterol metabolic process","3/459","59/18860",0.0508474576271186,2.08928769247812,1.32349738690631,0.173283482502579,0.173283482502579,0.721649483300591,"ERLIN2/PRKAA1/LPCAT3",3
"GO:0003094","glomerular filtration","2/459","31/18860",0.0645161290322581,2.65092416895073,1.45291198098323,0.173754209115643,0.173754209115643,0.721649483300591,"PDGFB/XPNPEP3",2
"GO:0007588","excretion","2/459","31/18860",0.0645161290322581,2.65092416895073,1.45291198098323,0.173754209115643,0.173754209115643,0.721649483300591,"STC1/MLLT6",2
"GO:0010458","exit from mitosis","2/459","31/18860",0.0645161290322581,2.65092416895073,1.45291198098323,0.173754209115643,0.173754209115643,0.721649483300591,"NFIA/CDKN1C",2
"GO:0035235","ionotropic glutamate receptor signaling pathway","2/459","31/18860",0.0645161290322581,2.65092416895073,1.45291198098323,0.173754209115643,0.173754209115643,0.721649483300591,"GRIA3/GRIN2A",2
"GO:0046337","phosphatidylethanolamine metabolic process","2/459","31/18860",0.0645161290322581,2.65092416895073,1.45291198098323,0.173754209115643,0.173754209115643,0.721649483300591,"PRKAA1/ETNK1",2
"GO:0060402","calcium ion transport into cytosol","2/459","31/18860",0.0645161290322581,2.65092416895073,1.45291198098323,0.173754209115643,0.173754209115643,0.721649483300591,"BCL2/JPH4",2
"GO:0065002","intracellular protein transmembrane transport","2/459","31/18860",0.0645161290322581,2.65092416895073,1.45291198098323,0.173754209115643,0.173754209115643,0.721649483300591,"PEX5L/PEX12",2
"GO:0090162","establishment of epithelial cell polarity","2/459","31/18860",0.0645161290322581,2.65092416895073,1.45291198098323,0.173754209115643,0.173754209115643,0.721649483300591,"TCF15/CDC42",2
"GO:0090330","regulation of platelet aggregation","2/459","31/18860",0.0645161290322581,2.65092416895073,1.45291198098323,0.173754209115643,0.173754209115643,0.721649483300591,"PRKCQ/CELA2A",2
"GO:0099625","ventricular cardiac muscle cell membrane repolarization","2/459","31/18860",0.0645161290322581,2.65092416895073,1.45291198098323,0.173754209115643,0.173754209115643,0.721649483300591,"KCNH2/KCNH6",2
"GO:1900368","regulation of post-transcriptional gene silencing by regulatory ncRNA","2/459","31/18860",0.0645161290322581,2.65092416895073,1.45291198098323,0.173754209115643,0.173754209115643,0.721649483300591,"DND1/TRIM71",2
"GO:0071383","cellular response to steroid hormone stimulus","8/459","222/18860",0.036036036036036,1.48069638265717,1.13787000128746,0.175145560385349,0.175145560385349,0.721649483300591,"TCF7L2/STC1/STRN3/KDM4C/RHOXF1/ZFP36L2/BCL2L11/KLF9",8
"GO:0034248","regulation of amide metabolic process","4/459","90/18860",0.0444444444444444,1.82619220527717,1.24083824864393,0.176382202369449,0.176382202369449,0.721649483300591,"ENPP7/TPK1/PDK1/PRKAA1",4
"GO:0097009","energy homeostasis","4/459","90/18860",0.0444444444444444,1.82619220527717,1.24083824864393,0.176382202369449,0.176382202369449,0.721649483300591,"BOLA3/ACVR1C/PRKAA1/GPR82",4
"GO:0098869","cellular oxidant detoxification","4/459","90/18860",0.0444444444444444,1.82619220527717,1.24083824864393,0.176382202369449,0.176382202369449,0.721649483300591,"GPX3/MB/MT3/NQO1",4
"GO:0015833","peptide transport","10/459","292/18860",0.0342465753424658,1.40716865132659,1.10746027234748,0.176438533868569,0.176438533868569,0.721649483300591,"TCF7L2/GNAS/CASR/CRHBP/PTPRN2/ACVR1C/F2/SLC30A8/CELA2A/ABCC8",10
"GO:0018108","peptidyl-tyrosine phosphorylation","5/459","122/18860",0.040983606557377,1.68398871388264,1.19704973300902,0.176872912546869,0.176872912546869,0.721649483300591,"PDGFB/DOK7/NRG1/ANGPT1/ENPP2",5
"GO:0051656","establishment of organelle localization","13/459","400/18860",0.0325,1.33540305010893,1.07084377250531,0.179281006081513,0.179281006081513,0.721649483300591,"CDH3/PPFIA2/MYH9/ARMCX3/SYNE2/ATP9A/GAB2/CDC42/AP1M2/LMNB1/AGBL4/CCDC66/UNC13B",13
"GO:0000959","mitochondrial RNA metabolic process","3/459","60/18860",0.05,2.05446623093682,1.29203517428857,0.179342450170866,0.179342450170866,0.721649483300591,"TRIT1/PRKAA1/SUPV3L1",3
"GO:0042311","vasodilation","3/459","60/18860",0.05,2.05446623093682,1.29203517428857,0.179342450170866,0.179342450170866,0.721649483300591,"CASR/VSTM4/ACE",3
"GO:1901607","alpha-amino acid biosynthetic process","3/459","60/18860",0.05,2.05446623093682,1.29203517428857,0.179342450170866,0.179342450170866,0.721649483300591,"APIP/MTHFR/ATP2B4",3
"GO:1902930","regulation of alcohol biosynthetic process","3/459","60/18860",0.05,2.05446623093682,1.29203517428857,0.179342450170866,0.179342450170866,0.721649483300591,"ERLIN2/PRKAA1/LPCAT3",3
"GO:0018212","peptidyl-tyrosine modification","5/459","123/18860",0.040650406504065,1.67029774872912,1.17791851554598,0.180972800321987,0.180972800321987,0.721649483300591,"PDGFB/DOK7/NRG1/ANGPT1/ENPP2",5
"GO:0001892","embryonic placenta development","4/459","91/18860",0.043956043956044,1.80612415906534,1.21743848485289,0.181217785408996,0.181217785408996,0.721649483300591,"PDGFB/RBPJ/CDKN1C/VASH2",4
"GO:0006026","aminoglycan catabolic process","2/459","32/18860",0.0625,2.56808278867102,1.40212535459901,0.182526323013488,0.182526323013488,0.721649483300591,"OVGP1/HYAL3",2
"GO:0006829","zinc ion transport","2/459","32/18860",0.0625,2.56808278867102,1.40212535459901,0.182526323013488,0.182526323013488,0.721649483300591,"MT3/SLC30A8",2
"GO:0010039","response to iron ion","2/459","32/18860",0.0625,2.56808278867102,1.40212535459901,0.182526323013488,0.182526323013488,0.721649483300591,"MDM2/BCL2",2
"GO:0019082","viral protein processing","2/459","32/18860",0.0625,2.56808278867102,1.40212535459901,0.182526323013488,0.182526323013488,0.721649483300591,"MAN2A1/GALNT1",2
"GO:0035590","purinergic nucleotide receptor signaling pathway","2/459","32/18860",0.0625,2.56808278867102,1.40212535459901,0.182526323013488,0.182526323013488,0.721649483300591,"P2RY2/P2RX6",2
"GO:0060147","regulation of post-transcriptional gene silencing","2/459","32/18860",0.0625,2.56808278867102,1.40212535459901,0.182526323013488,0.182526323013488,0.721649483300591,"DND1/TRIM71",2
"GO:0061437","renal system vasculature development","2/459","32/18860",0.0625,2.56808278867102,1.40212535459901,0.182526323013488,0.182526323013488,0.721649483300591,"PDGFB/ANGPT1",2
"GO:0061440","kidney vasculature development","2/459","32/18860",0.0625,2.56808278867102,1.40212535459901,0.182526323013488,0.182526323013488,0.721649483300591,"PDGFB/ANGPT1",2
"GO:0032970","regulation of actin filament-based process","13/459","402/18860",0.0323383084577114,1.32875925383973,1.05230989021535,0.183698223492718,0.183698223492718,0.721649483300591,"STC1/MYH9/S1PR1/HIP1R/CDC42/ARHGEF10L/NGEF/MYOC/SSH1/OAZ3/MYBPC3/NEB/ARHGEF16",13
"GO:0046887","positive regulation of hormone secretion","6/459","157/18860",0.0382165605095541,1.57029266058865,1.13327923705734,0.184615378813858,0.184615378813858,0.721649483300591,"TCF7L2/CASR/F2/SLC30A8/MYB/ABCC8",6
"GO:0002793","positive regulation of peptide secretion","5/459","124/18860",0.0403225806451613,1.65682760559421,1.15896083869383,0.18510781943784,0.18510781943784,0.721649483300591,"TCF7L2/CASR/F2/SLC30A8/ABCC8",5
"GO:0007219","Notch signaling pathway","7/459","191/18860",0.0366492146596859,1.50589147817358,1.10983516135038,0.185221733812192,0.185221733812192,0.721649483300591,"POSTN/ETV2/RBPJ/TSPAN14/WWP2/CNTN1/CHAC1",7
"GO:1901292","nucleoside phosphate catabolic process","7/459","191/18860",0.0366492146596859,1.50589147817358,1.10983516135038,0.185221733812192,0.185221733812192,0.721649483300591,"SLC4A4/ENPP3/NUDT4/SMPDL3A/PRKAA1/PGAM4/UPP1",7
"GO:0034113","heterotypic cell-cell adhesion","3/459","61/18860",0.0491803278688525,2.02078645665917,1.26118095336926,0.185458317902362,0.185458317902362,0.721649483300591,"NRCAM/ITGAD/GCNT2",3
"GO:0034204","lipid translocation","3/459","61/18860",0.0491803278688525,2.02078645665917,1.26118095336926,0.185458317902362,0.185458317902362,0.721649483300591,"ATP9A/ANO4/ABCB4",3
"GO:0070231","T cell apoptotic process","3/459","61/18860",0.0491803278688525,2.02078645665917,1.26118095336926,0.185458317902362,0.185458317902362,0.721649483300591,"PRKCQ/BCL2/BCL2L11",3
"GO:0071825","protein-lipid complex organization","3/459","61/18860",0.0491803278688525,2.02078645665917,1.26118095336926,0.185458317902362,0.185458317902362,0.721649483300591,"PNLIP/APOH/LPCAT3",3
"GO:0046879","hormone secretion","11/459","331/18860",0.0332326283987915,1.36550625621178,1.05956543308949,0.185480097592498,0.185480097592498,0.721649483300591,"TCF7L2/GNAS/CASR/CRHBP/PTPRN2/ACVR1C/F2/SLC30A8/MYB/CELA2A/ABCC8",11
"GO:0051047","positive regulation of secretion","11/459","331/18860",0.0332326283987915,1.36550625621178,1.05956543308949,0.185480097592498,0.185480097592498,0.721649483300591,"TCF7L2/CASR/P2RY2/GAB2/TTN/F2/HYAL3/SLC30A8/MYB/ABCC8/UNC13B",11
"GO:0060021","roof of mouth development","4/459","92/18860",0.0434782608695652,1.78649237472767,1.19433014208943,0.186096996879887,0.186096996879887,0.721649483300591,"FZD2/WNT8A/GABRB3/FRAS1",4
"GO:0006066","alcohol metabolic process","12/459","368/18860",0.0326086956521739,1.33986928104575,1.03989344381369,0.188345311810818,0.188345311810818,0.721649483300591,"IP6K3/TPK1/PNLIP/SORD/NUDT4/ERLIN2/PRKAA1/INPP5A/RDH11/COQ3/LPCAT3/SCP2",12
"GO:0031345","negative regulation of cell projection organization","7/459","192/18860",0.0364583333333333,1.49804829339143,1.0955145119231,0.188528682828396,0.188528682828396,0.721649483300591,"BCL11A/MDM2/MCF2/NEU4/MT3/RTN4RL1/NGEF",7
"GO:0060070","canonical Wnt signaling pathway","11/459","333/18860",0.033033033033033,1.35730501743574,1.03897151568733,0.190451377667508,0.190451377667508,0.721649483300591,"TCF7L2/CDH3/WNK2/FZD2/XIAP/WNT8A/RBPJ/SFRP4/FGF9/PRICKLE1/WNT5B",11
"GO:0031589","cell-substrate adhesion","12/459","369/18860",0.032520325203252,1.3362381989833,1.0302081823324,0.190711715566966,0.190711715566966,0.721649483300591,"PDGFB/VIT/POSTN/SVEP1/PPFIA2/ANGPT1/BCL2/CDC42/MYOC/ITGAD/GCNT2/BCL2L11",12
"GO:0032456","endocytic recycling","4/459","93/18860",0.043010752688172,1.76728277930049,1.17150584226899,0.191018400254333,0.191018400254333,0.721649483300591,"AKAP5/VAMP4/ATP9A/RAB11FIP4",4
"GO:0043266","regulation of potassium ion transport","4/459","93/18860",0.043010752688172,1.76728277930049,1.17150584226899,0.191018400254333,0.191018400254333,0.721649483300591,"KCNH2/WWP2/KCNIP1/ABCC8",4
"GO:0072384","organelle transport along microtubule","4/459","93/18860",0.043010752688172,1.76728277930049,1.17150584226899,0.191018400254333,0.191018400254333,0.721649483300591,"ARMCX3/SYNE2/CDC42/AGBL4",4
"GO:0097581","lamellipodium organization","4/459","93/18860",0.043010752688172,1.76728277930049,1.17150584226899,0.191018400254333,0.191018400254333,0.721649483300591,"ABLIM1/S1PR1/CDC42/ENPP2",4
"GO:0030517","negative regulation of axon extension","2/459","33/18860",0.0606060606060606,2.49026209810524,1.35323750312652,0.191361620033975,0.191361620033975,0.721649483300591,"BCL11A/MT3",2
"GO:0035020","regulation of Rac protein signal transduction","2/459","33/18860",0.0606060606060606,2.49026209810524,1.35323750312652,0.191361620033975,0.191361620033975,0.721649483300591,"DOK7/RASGRF1",2
"GO:0043247","telomere maintenance in response to DNA damage","2/459","33/18860",0.0606060606060606,2.49026209810524,1.35323750312652,0.191361620033975,0.191361620033975,0.721649483300591,"UCHL5/INO80C",2
"GO:0048799","animal organ maturation","2/459","33/18860",0.0606060606060606,2.49026209810524,1.35323750312652,0.191361620033975,0.191361620033975,0.721649483300591,"RYR1/ADAMTS7",2
"GO:0060966","regulation of gene silencing by regulatory ncRNA","2/459","33/18860",0.0606060606060606,2.49026209810524,1.35323750312652,0.191361620033975,0.191361620033975,0.721649483300591,"DND1/TRIM71",2
"GO:0071875","adrenergic receptor signaling pathway","2/459","33/18860",0.0606060606060606,2.49026209810524,1.35323750312652,0.191361620033975,0.191361620033975,0.721649483300591,"GNAS/ATP2B4",2
"GO:0099174","regulation of presynapse organization","2/459","33/18860",0.0606060606060606,2.49026209810524,1.35323750312652,0.191361620033975,0.191361620033975,0.721649483300591,"CBLN1/CACNA2D3",2
"GO:0001541","ovarian follicle development","3/459","62/18860",0.0483870967741935,1.98819312671305,1.23091144946248,0.191628124148573,0.191628124148573,0.721649483300591,"UMODL1/BCL2/HYAL3",3
"GO:0042908","xenobiotic transport","3/459","62/18860",0.0483870967741935,1.98819312671305,1.23091144946248,0.191628124148573,0.191628124148573,0.721649483300591,"OSCP1/SLC28A3/CLDN1",3
"GO:0070613","regulation of protein processing","3/459","62/18860",0.0483870967741935,1.98819312671305,1.23091144946248,0.191628124148573,0.191628124148573,0.721649483300591,"MDM2/MYH9/CHAC1",3
"GO:1900024","regulation of substrate adhesion-dependent cell spreading","3/459","62/18860",0.0483870967741935,1.98819312671305,1.23091144946248,0.191628124148573,0.191628124148573,0.721649483300591,"POSTN/CDC42/MYOC",3
"GO:0009411","response to UV","6/459","159/18860",0.0377358490566038,1.55054055165043,1.10103321633106,0.191974418384953,0.191974418384953,0.721649483300591,"MDM2/SCARA3/BCL2/BMF/PRKAA1/HYAL3",6
"GO:0072001","renal system development","11/459","334/18860",0.0329341317365269,1.35324122995838,1.02872371621763,0.192959641833788,0.192959641833788,0.721649483300591,"PDGFB/PODXL/NFIA/ANGPT1/ACE/BCL2/CDKN1C/PRICKLE1/RARB/FRAS1/BCL2L11",11
"GO:0043500","muscle adaptation","5/459","126/18860",0.0396825396825397,1.63052875471176,1.12155318224528,0.193479905761273,0.193479905761273,0.721649483300591,"PDGFB/HMOX1/MYH6/MYOC/ATP2B4",5
"GO:0090316","positive regulation of intracellular protein transport","4/459","94/18860",0.0425531914893617,1.74848189866963,1.14895847504893,0.195980555271789,0.195980555271789,0.721649483300591,"AKAP5/MDM2/CDK1/OAZ3",4
"GO:0034599","cellular response to oxidative stress","9/459","264/18860",0.0340909090909091,1.40077243018419,1.03570242491366,0.195988689557172,0.195988689557172,0.721649483300591,"MDM2/CA3/MB/CDK1/MT3/PRKAA1/PEX12/MYB/NQO1",9
"GO:0006650","glycerophospholipid metabolic process","10/459","300/18860",0.0333333333333333,1.36964415395788,1.01929629087691,0.197469133591425,0.197469133591425,0.721649483300591,"PDGFB/AGPAT4/IP6K3/OSBPL10/PRKAA1/INPP5A/ENPP2/ETNK1/SMG1/LPCAT3",10
"GO:0002931","response to ischemia","3/459","63/18860",0.0476190476190476,1.95663450565411,1.20120465385286,0.197848935176711,0.197848935176711,0.721649483300591,"CASR/BCL2/MYB",3
"GO:0031146","SCF-dependent proteasomal ubiquitin-dependent protein catabolic process","3/459","63/18860",0.0476190476190476,1.95663450565411,1.20120465385286,0.197848935176711,0.197848935176711,0.721649483300591,"FBXO3/PRKAA1/FBXL13",3
"GO:0070228","regulation of lymphocyte apoptotic process","3/459","63/18860",0.0476190476190476,1.95663450565411,1.20120465385286,0.197848935176711,0.197848935176711,0.721649483300591,"PRKCQ/BCL2/BCL2L11",3
"GO:0140719","constitutive heterochromatin formation","3/459","63/18860",0.0476190476190476,1.95663450565411,1.20120465385286,0.197848935176711,0.197848935176711,0.721649483300591,"TDRD9/MPHOSPH8/SMARCA5",3
"GO:0000910","cytokinesis","7/459","195/18860",0.0358974358974359,1.47500139657002,1.05303584679883,0.198592101647551,0.198592101647551,0.721649483300591,"MYH9/CETN2/CDC42/PKN2/OR1A2/RAB11FIP4/CCDC66",7
"GO:0045055","regulated exocytosis","8/459","230/18860",0.0347826086956522,1.42919389978214,1.03432254617868,0.19939178982405,0.19939178982405,0.721649483300591,"RAB31/PPFIA2/CRHBP/MYH9/GAB2/HYAL3/UNC13B/SYT17",8
"GO:0006515","protein quality control for misfolded or incompletely synthesized proteins","2/459","34/18860",0.0588235294117647,2.41701909521979,1.30611402940753,0.200251853154608,0.200251853154608,0.721649483300591,"ATXN3L/PEX12",2
"GO:0021591","ventricular system development","2/459","34/18860",0.0588235294117647,2.41701909521979,1.30611402940753,0.200251853154608,0.200251853154608,0.721649483300591,"UCHL5/WDR89",2
"GO:0030212","hyaluronan metabolic process","2/459","34/18860",0.0588235294117647,2.41701909521979,1.30611402940753,0.200251853154608,0.200251853154608,0.721649483300591,"PDGFB/HYAL3",2
"GO:0033032","regulation of myeloid cell apoptotic process","2/459","34/18860",0.0588235294117647,2.41701909521979,1.30611402940753,0.200251853154608,0.200251853154608,0.721649483300591,"APOH/BCL2",2
"GO:0042219","modified amino acid catabolic process","2/459","34/18860",0.0588235294117647,2.41701909521979,1.30611402940753,0.200251853154608,0.200251853154608,0.721649483300591,"SARDH/CHAC1",2
"GO:0042558","pteridine-containing compound metabolic process","2/459","34/18860",0.0588235294117647,2.41701909521979,1.30611402940753,0.200251853154608,0.200251853154608,0.721649483300591,"FTCD/MTHFR",2
"GO:0043267","negative regulation of potassium ion transport","2/459","34/18860",0.0588235294117647,2.41701909521979,1.30611402940753,0.200251853154608,0.200251853154608,0.721649483300591,"KCNH2/WWP2",2
"GO:0050891","multicellular organismal-level water homeostasis","2/459","34/18860",0.0588235294117647,2.41701909521979,1.30611402940753,0.200251853154608,0.200251853154608,0.721649483300591,"GNAS/MLLT6",2
"GO:0060674","placenta blood vessel development","2/459","34/18860",0.0588235294117647,2.41701909521979,1.30611402940753,0.200251853154608,0.200251853154608,0.721649483300591,"RBPJ/VASH2",2
"GO:0060765","regulation of androgen receptor signaling pathway","2/459","34/18860",0.0588235294117647,2.41701909521979,1.30611402940753,0.200251853154608,0.200251853154608,0.721649483300591,"TCF7L2/KDM4C",2
"GO:0061037","negative regulation of cartilage development","2/459","34/18860",0.0588235294117647,2.41701909521979,1.30611402940753,0.200251853154608,0.200251853154608,0.721649483300591,"RARB/ADAMTS7",2
"GO:0071498","cellular response to fluid shear stress","2/459","34/18860",0.0588235294117647,2.41701909521979,1.30611402940753,0.200251853154608,0.200251853154608,0.721649483300591,"GNAS/PKN2",2
"GO:0086011","membrane repolarization during action potential","2/459","34/18860",0.0588235294117647,2.41701909521979,1.30611402940753,0.200251853154608,0.200251853154608,0.721649483300591,"KCNH2/KCNH6",2
"GO:0097205","renal filtration","2/459","34/18860",0.0588235294117647,2.41701909521979,1.30611402940753,0.200251853154608,0.200251853154608,0.721649483300591,"PDGFB/XPNPEP3",2
"GO:1901186","positive regulation of ERBB signaling pathway","2/459","34/18860",0.0588235294117647,2.41701909521979,1.30611402940753,0.200251853154608,0.200251853154608,0.721649483300591,"RBPJ/HIP1R",2
"GO:0007178","cell surface receptor protein serine/threonine kinase signaling pathway","14/459","446/18860",0.031390134529148,1.28979942749397,0.978218435974208,0.200650496882852,0.200650496882852,0.721649483300591,"CDH3/XIAP/ETV2/NFIA/RBPJ/PBLD/SFRP4/HTRA3/CDKN1C/FGF9/ACVR1C/ATOH8/HIVEP1/GCNT2",14
"GO:0014033","neural crest cell differentiation","4/459","95/18860",0.0421052631578947,1.73007682605206,1.12668118531609,0.200982019182625,0.200982019182625,0.721649483300591,"NRG1/WNT8A/CDC42/NRTN",4
"GO:1905897","regulation of response to endoplasmic reticulum stress","4/459","95/18860",0.0421052631578947,1.73007682605206,1.12668118531609,0.200982019182625,0.200982019182625,0.721649483300591,"PMAIP1/ATXN3L/LPCAT3/BCL2L11",4
"GO:0000956","nuclear-transcribed mRNA catabolic process","5/459","128/18860",0.0390625,1.60505174291939,1.08480177451249,0.201982411820584,0.201982411820584,0.721649483300591,"CPEB3/GSPT2/HBS1L/SMG1/ZFP36L2",5
"GO:0030278","regulation of ossification","5/459","128/18860",0.0390625,1.60505174291939,1.08480177451249,0.201982411820584,0.201982411820584,0.721649483300591,"S1PR1/RBPJ/BCL2/MATN1/IFITM5",5
"GO:0045860","positive regulation of protein kinase activity","5/459","128/18860",0.0390625,1.60505174291939,1.08480177451249,0.201982411820584,0.201982411820584,0.721649483300591,"PDGFB/DOK7/NRG1/ANGPT1/MT3",5
"GO:0051224","negative regulation of protein transport","5/459","128/18860",0.0390625,1.60505174291939,1.08480177451249,0.201982411820584,0.201982411820584,0.721649483300591,"ANGPT1/ANXA13/WWP2/ACVR1C/ABCC8",5
"GO:0071774","response to fibroblast growth factor","5/459","128/18860",0.0390625,1.60505174291939,1.08480177451249,0.201982411820584,0.201982411820584,0.721649483300591,"POSTN/CASR/FGF9/TRIM71/ZFP36L2",5
"GO:0043542","endothelial cell migration","10/459","302/18860",0.033112582781457,1.36057366287207,0.997646879143231,0.20289127214263,0.20289127214263,0.721649483300591,"STC1/PDGFB/MYH9/VSTM4/APOH/HMOX1/ANGPT1/ATOH8/MIA3/ATP2B4",10
"GO:0010324","membrane invagination","3/459","64/18860",0.046875,1.92606209150327,1.17203973569542,0.204117847454503,0.204117847454503,0.721649483300591,"RAB31/MYH9/CDC42",3
"GO:0032233","positive regulation of actin filament bundle assembly","3/459","64/18860",0.046875,1.92606209150327,1.17203973569542,0.204117847454503,0.204117847454503,0.721649483300591,"CDC42/ARHGEF10L/MYOC",3
"GO:0141091","transforming growth factor beta receptor superfamily signaling pathway","13/459","411/18860",0.0316301703163017,1.29966233587244,0.970089081125897,0.204206879403636,0.204206879403636,0.721649483300591,"CDH3/XIAP/ETV2/NFIA/RBPJ/PBLD/SFRP4/HTRA3/CDKN1C/FGF9/ACVR1C/HIVEP1/GCNT2",13
"GO:0019915","lipid storage","4/459","96/18860",0.0416666666666667,1.71205519244735,1.10466736138567,0.206021347951321,0.206021347951321,0.721649483300591,"B4GALNT1/ACVR1C/GM2A/FTO",4
"GO:0060996","dendritic spine development","4/459","96/18860",0.0416666666666667,1.71205519244735,1.10466736138567,0.206021347951321,0.206021347951321,0.721649483300591,"PPFIA2/CPEB3/CDC42/NGEF",4
"GO:0000096","sulfur amino acid metabolic process","2/459","35/18860",0.0571428571428571,2.34796140678494,1.26063380309658,0.209189137720054,0.209189137720054,0.721649483300591,"APIP/MTHFR",2
"GO:0002063","chondrocyte development","2/459","35/18860",0.0571428571428571,2.34796140678494,1.26063380309658,0.209189137720054,0.209189137720054,0.721649483300591,"MATN1/SHOX2",2
"GO:0003299","muscle hypertrophy in response to stress","2/459","35/18860",0.0571428571428571,2.34796140678494,1.26063380309658,0.209189137720054,0.209189137720054,0.721649483300591,"MYH6/ATP2B4",2
"GO:0010464","regulation of mesenchymal cell proliferation","2/459","35/18860",0.0571428571428571,2.34796140678494,1.26063380309658,0.209189137720054,0.209189137720054,0.721649483300591,"FGF9/SHOX2",2
"GO:0014887","cardiac muscle adaptation","2/459","35/18860",0.0571428571428571,2.34796140678494,1.26063380309658,0.209189137720054,0.209189137720054,0.721649483300591,"MYH6/ATP2B4",2
"GO:0014898","cardiac muscle hypertrophy in response to stress","2/459","35/18860",0.0571428571428571,2.34796140678494,1.26063380309658,0.209189137720054,0.209189137720054,0.721649483300591,"MYH6/ATP2B4",2
"GO:0032107","regulation of response to nutrient levels","2/459","35/18860",0.0571428571428571,2.34796140678494,1.26063380309658,0.209189137720054,0.209189137720054,0.721649483300591,"BCL2/MT3",2
"GO:0051654","establishment of mitochondrion localization","2/459","35/18860",0.0571428571428571,2.34796140678494,1.26063380309658,0.209189137720054,0.209189137720054,0.721649483300591,"ARMCX3/AGBL4",2
"GO:0030203","glycosaminoglycan metabolic process","3/459","65/18860",0.0461538461538462,1.8964303670186,1.14339696133093,0.210431989855411,0.210431989855411,0.721649483300591,"PDGFB/HYAL3/GCNT2",3
"GO:0033059","cellular pigmentation","3/459","65/18860",0.0461538461538462,1.8964303670186,1.14339696133093,0.210431989855411,0.210431989855411,0.721649483300591,"AP1S3/CDH3/BCL2",3
"GO:0043627","response to estrogen","3/459","65/18860",0.0461538461538462,1.8964303670186,1.14339696133093,0.210431989855411,0.210431989855411,0.721649483300591,"MDM2/CRHBP/PRKAA1",3
"GO:0090303","positive regulation of wound healing","3/459","65/18860",0.0461538461538462,1.8964303670186,1.14339696133093,0.210431989855411,0.210431989855411,0.721649483300591,"APOH/F2/CLDN1",3
"GO:2000630","positive regulation of miRNA metabolic process","3/459","65/18860",0.0461538461538462,1.8964303670186,1.14339696133093,0.210431989855411,0.210431989855411,0.721649483300591,"PDGFB/ATOH8/MYB",3
"GO:0098876","vesicle-mediated transport to the plasma membrane","6/459","165/18860",0.0363636363636364,1.49415725886314,1.00690703920735,0.214694509737328,0.214694509737328,0.721649483300591,"RAB31/AKAP5/VAMP4/ATP9A/ANXA13/RAB11FIP4",6
"GO:0007613","memory","5/459","131/18860",0.0381679389312977,1.5682948327762,1.03085366805061,0.21496569224121,0.21496569224121,0.721649483300591,"CPEB3/GRIN2A/GABRB3/RASGRF1/ABCC8",5
"GO:0050678","regulation of epithelial cell proliferation","13/459","416/18860",0.03125,1.28404139433551,0.925221475682483,0.216027113971164,0.216027113971164,0.721649483300591,"TCF7L2/PDGFB/CDH3/APOH/RBPJ/HMOX1/CDC42/CDKN1C/FGF9/VASH2/ATOH8/CLDN1/KLF9",13
"GO:0009914","hormone transport","11/459","343/18860",0.032069970845481,1.31773344258338,0.937928290080012,0.216185666286395,0.216185666286395,0.721649483300591,"TCF7L2/GNAS/CASR/CRHBP/PTPRN2/ACVR1C/F2/SLC30A8/MYB/CELA2A/ABCC8",11
"GO:0051153","regulation of striated muscle cell differentiation","4/459","98/18860",0.0408163265306122,1.67711529056067,1.06140481513106,0.216207824428896,0.216207824428896,0.721649483300591,"NRG1/BCL2/HOPX/SHOX2",4
"GO:0051289","protein homotetramerization","3/459","66/18860",0.0454545454545455,1.86769657357893,1.11525762028808,0.216788525692673,0.216788525692673,0.721649483300591,"GRIA3/RYR1/APIP",3
"GO:0097035","regulation of membrane lipid distribution","3/459","66/18860",0.0454545454545455,1.86769657357893,1.11525762028808,0.216788525692673,0.216788525692673,0.721649483300591,"ATP9A/ANO4/ABCB4",3
"GO:0140632","canonical inflammasome complex assembly","3/459","66/18860",0.0454545454545455,1.86769657357893,1.11525762028808,0.216788525692673,0.216788525692673,0.721649483300591,"CASR/KCNK6/BRCC3",3
"GO:0001782","B cell homeostasis","2/459","36/18860",0.0555555555555556,2.28274025659647,1.21668730942582,0.218165938753463,0.218165938753463,0.721649483300591,"BCL2/BCL2L11",2
"GO:0001893","maternal placenta development","2/459","36/18860",0.0555555555555556,2.28274025659647,1.21668730942582,0.218165938753463,0.218165938753463,0.721649483300591,"STC1/DAZAP1",2
"GO:0007095","mitotic G2 DNA damage checkpoint signaling","2/459","36/18860",0.0555555555555556,2.28274025659647,1.21668730942582,0.218165938753463,0.218165938753463,0.721649483300591,"CDK1/BRCC3",2
"GO:0032373","positive regulation of sterol transport","2/459","36/18860",0.0555555555555556,2.28274025659647,1.21668730942582,0.218165938753463,0.218165938753463,0.721649483300591,"ABCB4/SCP2",2
"GO:0032376","positive regulation of cholesterol transport","2/459","36/18860",0.0555555555555556,2.28274025659647,1.21668730942582,0.218165938753463,0.218165938753463,0.721649483300591,"ABCB4/SCP2",2
"GO:0032570","response to progesterone","2/459","36/18860",0.0555555555555556,2.28274025659647,1.21668730942582,0.218165938753463,0.218165938753463,0.721649483300591,"GABRB1/CSN1S1",2
"GO:0035137","hindlimb morphogenesis","2/459","36/18860",0.0555555555555556,2.28274025659647,1.21668730942582,0.218165938753463,0.218165938753463,0.721649483300591,"AFF3/RARB",2
"GO:0043276","anoikis","2/459","36/18860",0.0555555555555556,2.28274025659647,1.21668730942582,0.218165938753463,0.218165938753463,0.721649483300591,"BCL2/BMF",2
"GO:0051873","killing by host of symbiont cells","2/459","36/18860",0.0555555555555556,2.28274025659647,1.21668730942582,0.218165938753463,0.218165938753463,0.721649483300591,"GSDMB/F2",2
"GO:0098698","postsynaptic specialization assembly","2/459","36/18860",0.0555555555555556,2.28274025659647,1.21668730942582,0.218165938753463,0.218165938753463,0.721649483300591,"CBLN1/PRICKLE1",2
"GO:1902235","regulation of endoplasmic reticulum stress-induced intrinsic apoptotic signaling pathway","2/459","36/18860",0.0555555555555556,2.28274025659647,1.21668730942582,0.218165938753463,0.218165938753463,0.721649483300591,"PMAIP1/BCL2L11",2
"GO:1902745","positive regulation of lamellipodium organization","2/459","36/18860",0.0555555555555556,2.28274025659647,1.21668730942582,0.218165938753463,0.218165938753463,0.721649483300591,"CDC42/ENPP2",2
"GO:0000492","box C/D snoRNP assembly","1/459","10/18860",0.1,4.10893246187364,1.5531041160228,0.218423464487236,0.218423464487236,0.721649483300591,"PIH1D2",1
"GO:0001967","suckling behavior","1/459","10/18860",0.1,4.10893246187364,1.5531041160228,0.218423464487236,0.218423464487236,0.721649483300591,"UBR3",1
"GO:0002246","wound healing involved in inflammatory response","1/459","10/18860",0.1,4.10893246187364,1.5531041160228,0.218423464487236,0.218423464487236,0.721649483300591,"HMOX1",1
"GO:0002536","respiratory burst involved in inflammatory response","1/459","10/18860",0.1,4.10893246187364,1.5531041160228,0.218423464487236,0.218423464487236,0.721649483300591,"LBP",1
"GO:0002842","positive regulation of T cell mediated immune response to tumor cell","1/459","10/18860",0.1,4.10893246187364,1.5531041160228,0.218423464487236,0.218423464487236,0.721649483300591,"PRKAA1",1
"GO:0003097","renal water transport","1/459","10/18860",0.1,4.10893246187364,1.5531041160228,0.218423464487236,0.218423464487236,0.721649483300591,"MLLT6",1
"GO:0003149","membranous septum morphogenesis","1/459","10/18860",0.1,4.10893246187364,1.5531041160228,0.218423464487236,0.218423464487236,0.721649483300591,"FZD2",1
"GO:0003253","cardiac neural crest cell migration involved in outflow tract morphogenesis","1/459","10/18860",0.1,4.10893246187364,1.5531041160228,0.218423464487236,0.218423464487236,0.721649483300591,"CDC42",1
"GO:0003406","retinal pigment epithelium development","1/459","10/18860",0.1,4.10893246187364,1.5531041160228,0.218423464487236,0.218423464487236,0.721649483300591,"CLDN19",1
"GO:0003418","growth plate cartilage chondrocyte differentiation","1/459","10/18860",0.1,4.10893246187364,1.5531041160228,0.218423464487236,0.218423464487236,0.721649483300591,"MATN1",1
"GO:0006013","mannose metabolic process","1/459","10/18860",0.1,4.10893246187364,1.5531041160228,0.218423464487236,0.218423464487236,0.721649483300591,"MAN2A1",1
"GO:0006625","protein targeting to peroxisome","1/459","10/18860",0.1,4.10893246187364,1.5531041160228,0.218423464487236,0.218423464487236,0.721649483300591,"PEX12",1
"GO:0007194","negative regulation of adenylate cyclase activity","1/459","10/18860",0.1,4.10893246187364,1.5531041160228,0.218423464487236,0.218423464487236,0.721649483300591,"AKAP5",1
"GO:0010496","intercellular transport","1/459","10/18860",0.1,4.10893246187364,1.5531041160228,0.218423464487236,0.218423464487236,0.721649483300591,"GJA8",1
"GO:0014848","urinary tract smooth muscle contraction","1/459","10/18860",0.1,4.10893246187364,1.5531041160228,0.218423464487236,0.218423464487236,0.721649483300591,"ATP2B4",1
"GO:0015858","nucleoside transport","1/459","10/18860",0.1,4.10893246187364,1.5531041160228,0.218423464487236,0.218423464487236,0.721649483300591,"SLC28A3",1
"GO:0016562","protein import into peroxisome matrix, receptor recycling","1/459","10/18860",0.1,4.10893246187364,1.5531041160228,0.218423464487236,0.218423464487236,0.721649483300591,"PEX12",1
"GO:0031915","positive regulation of synaptic plasticity","1/459","10/18860",0.1,4.10893246187364,1.5531041160228,0.218423464487236,0.218423464487236,0.721649483300591,"SSH1",1
"GO:0033210","leptin-mediated signaling pathway","1/459","10/18860",0.1,4.10893246187364,1.5531041160228,0.218423464487236,0.218423464487236,0.721649483300591,"MT3",1
"GO:0033313","meiotic cell cycle checkpoint signaling","1/459","10/18860",0.1,4.10893246187364,1.5531041160228,0.218423464487236,0.218423464487236,0.721649483300591,"HORMAD1",1
"GO:0034354","'de novo' NAD+ biosynthetic process from L-tryptophan","1/459","10/18860",0.1,4.10893246187364,1.5531041160228,0.218423464487236,0.218423464487236,0.721649483300591,"HAAO",1
"GO:0035907","dorsal aorta development","1/459","10/18860",0.1,4.10893246187364,1.5531041160228,0.218423464487236,0.218423464487236,0.721649483300591,"RBPJ",1
"GO:0035999","tetrahydrofolate interconversion","1/459","10/18860",0.1,4.10893246187364,1.5531041160228,0.218423464487236,0.218423464487236,0.721649483300591,"MTHFR",1
"GO:0038083","peptidyl-tyrosine autophosphorylation","1/459","10/18860",0.1,4.10893246187364,1.5531041160228,0.218423464487236,0.218423464487236,0.721649483300591,"NRG1",1
"GO:0038130","ERBB4 signaling pathway","1/459","10/18860",0.1,4.10893246187364,1.5531041160228,0.218423464487236,0.218423464487236,0.721649483300591,"NRG1",1
"GO:0046174","polyol catabolic process","1/459","10/18860",0.1,4.10893246187364,1.5531041160228,0.218423464487236,0.218423464487236,0.721649483300591,"SORD",1
"GO:0046548","retinal rod cell development","1/459","10/18860",0.1,4.10893246187364,1.5531041160228,0.218423464487236,0.218423464487236,0.721649483300591,"RORB",1
"GO:0048023","positive regulation of melanin biosynthetic process","1/459","10/18860",0.1,4.10893246187364,1.5531041160228,0.218423464487236,0.218423464487236,0.721649483300591,"CDH3",1
"GO:0048149","behavioral response to ethanol","1/459","10/18860",0.1,4.10893246187364,1.5531041160228,0.218423464487236,0.218423464487236,0.721649483300591,"CRHBP",1
"GO:0048664","neuron fate determination","1/459","10/18860",0.1,4.10893246187364,1.5531041160228,0.218423464487236,0.218423464487236,0.721649483300591,"CDC42",1
"GO:0048865","stem cell fate commitment","1/459","10/18860",0.1,4.10893246187364,1.5531041160228,0.218423464487236,0.218423464487236,0.721649483300591,"WNT8A",1
"GO:0048874","host-mediated modulation of intestinal microbiota composition","1/459","10/18860",0.1,4.10893246187364,1.5531041160228,0.218423464487236,0.218423464487236,0.721649483300591,"SPRR2A",1
"GO:0051593","response to folic acid","1/459","10/18860",0.1,4.10893246187364,1.5531041160228,0.218423464487236,0.218423464487236,0.721649483300591,"MTHFR",1
"GO:0051964","negative regulation of synapse assembly","1/459","10/18860",0.1,4.10893246187364,1.5531041160228,0.218423464487236,0.218423464487236,0.721649483300591,"CBLN1",1
"GO:0060054","positive regulation of epithelial cell proliferation involved in wound healing","1/459","10/18860",0.1,4.10893246187364,1.5531041160228,0.218423464487236,0.218423464487236,0.721649483300591,"CLDN1",1
"GO:0060613","fat pad development","1/459","10/18860",0.1,4.10893246187364,1.5531041160228,0.218423464487236,0.218423464487236,0.721649483300591,"CASR",1
"GO:0061000","negative regulation of dendritic spine development","1/459","10/18860",0.1,4.10893246187364,1.5531041160228,0.218423464487236,0.218423464487236,0.721649483300591,"NGEF",1
"GO:0070344","regulation of fat cell proliferation","1/459","10/18860",0.1,4.10893246187364,1.5531041160228,0.218423464487236,0.218423464487236,0.721649483300591,"FTO",1
"GO:0070475","rRNA base methylation","1/459","10/18860",0.1,4.10893246187364,1.5531041160228,0.218423464487236,0.218423464487236,0.721649483300591,"METTL15",1
"GO:0070900","mitochondrial tRNA modification","1/459","10/18860",0.1,4.10893246187364,1.5531041160228,0.218423464487236,0.218423464487236,0.721649483300591,"TRIT1",1
"GO:0071838","cell proliferation in bone marrow","1/459","10/18860",0.1,4.10893246187364,1.5531041160228,0.218423464487236,0.218423464487236,0.721649483300591,"ACE",1
"GO:0090042","tubulin deacetylation","1/459","10/18860",0.1,4.10893246187364,1.5531041160228,0.218423464487236,0.218423464487236,0.721649483300591,"PRKAA1",1
"GO:0097113","AMPA glutamate receptor clustering","1/459","10/18860",0.1,4.10893246187364,1.5531041160228,0.218423464487236,0.218423464487236,0.721649483300591,"SSH1",1
"GO:0097688","glutamate receptor clustering","1/459","10/18860",0.1,4.10893246187364,1.5531041160228,0.218423464487236,0.218423464487236,0.721649483300591,"SSH1",1
"GO:1900378","positive regulation of secondary metabolite biosynthetic process","1/459","10/18860",0.1,4.10893246187364,1.5531041160228,0.218423464487236,0.218423464487236,0.721649483300591,"CDH3",1
"GO:1901072","glucosamine-containing compound catabolic process","1/459","10/18860",0.1,4.10893246187364,1.5531041160228,0.218423464487236,0.218423464487236,0.721649483300591,"OVGP1",1
"GO:1902423","regulation of attachment of mitotic spindle microtubules to kinetochore","1/459","10/18860",0.1,4.10893246187364,1.5531041160228,0.218423464487236,0.218423464487236,0.721649483300591,"CDK1",1
"GO:1902746","regulation of lens fiber cell differentiation","1/459","10/18860",0.1,4.10893246187364,1.5531041160228,0.218423464487236,0.218423464487236,0.721649483300591,"CDKN1C",1
"GO:1903348","positive regulation of bicellular tight junction assembly","1/459","10/18860",0.1,4.10893246187364,1.5531041160228,0.218423464487236,0.218423464487236,0.721649483300591,"CLDN1",1
"GO:1904669","ATP export","1/459","10/18860",0.1,4.10893246187364,1.5531041160228,0.218423464487236,0.218423464487236,0.721649483300591,"CALHM2",1
"GO:1905665","positive regulation of calcium ion import across plasma membrane","1/459","10/18860",0.1,4.10893246187364,1.5531041160228,0.218423464487236,0.218423464487236,0.721649483300591,"AKAP5",1
"GO:1905806","regulation of synapse pruning","1/459","10/18860",0.1,4.10893246187364,1.5531041160228,0.218423464487236,0.218423464487236,0.721649483300591,"NGEF",1
"GO:1990700","nucleolar chromatin organization","1/459","10/18860",0.1,4.10893246187364,1.5531041160228,0.218423464487236,0.218423464487236,0.721649483300591,"SMARCA5",1
"GO:2000563","positive regulation of CD4-positive, alpha-beta T cell proliferation","1/459","10/18860",0.1,4.10893246187364,1.5531041160228,0.218423464487236,0.218423464487236,0.721649483300591,"PRKCQ",1
"GO:2000766","negative regulation of cytoplasmic translation","1/459","10/18860",0.1,4.10893246187364,1.5531041160228,0.218423464487236,0.218423464487236,0.721649483300591,"CPEB3",1
"GO:0006090","pyruvate metabolic process","5/459","132/18860",0.0378787878787879,1.55641381131577,1.01317421162495,0.219351188897351,0.219351188897351,0.721649483300591,"TPK1/SLC4A4/PDK1/PRKAA1/PGAM4",5
"GO:0006979","response to oxidative stress","13/459","418/18860",0.0311004784688995,1.27789765560663,0.907431759923191,0.220836302115793,0.220836302115793,0.721649483300591,"GPX3/MDM2/SCARA3/HMOX1/CA3/MB/BCL2/CDK1/MT3/PRKAA1/PEX12/MYB/NQO1",13
"GO:0001942","hair follicle development","4/459","99/18860",0.0404040404040404,1.66017473207016,1.04014398940321,0.22135208790514,0.22135208790514,0.721649483300591,"GNAS/CDH3/RBPJ/BCL2",4
"GO:0006839","mitochondrial transport","4/459","99/18860",0.0404040404040404,1.66017473207016,1.04014398940321,0.22135208790514,0.22135208790514,0.721649483300591,"HIP1R/PMAIP1/BCL2/BCL2L11",4
"GO:0042180","ketone metabolic process","8/459","237/18860",0.0337552742616034,1.3869814217295,0.946857072727673,0.221658002179014,0.221658002179014,0.721649483300591,"CYP2B6/TPK1/ERLIN2/PDK1/COQ3/CBR3/SCP2/NQO1",8
"GO:0007584","response to nutrient","6/459","167/18860",0.0359281437125748,1.4762631599546,0.976361581277286,0.222466927257949,0.222466927257949,0.721649483300591,"STC1/POSTN/MDM2/CASR/MTHFR/GPRIN3",6
"GO:2001236","regulation of extrinsic apoptotic signaling pathway","6/459","167/18860",0.0359281437125748,1.4762631599546,0.976361581277286,0.222466927257949,0.222466927257949,0.721649483300591,"TCF7L2/NRG1/SGK3/HMOX1/PMAIP1/BCL2",6
"GO:0008631","intrinsic apoptotic signaling pathway in response to oxidative stress","3/459","67/18860",0.0447761194029851,1.83982050531655,1.08760395732553,0.223184654590298,0.223184654590298,0.721649483300591,"CA3/BCL2/PDK1",3
"GO:0019229","regulation of vasoconstriction","3/459","67/18860",0.0447761194029851,1.83982050531655,1.08760395732553,0.223184654590298,0.223184654590298,0.721649483300591,"SVEP1/CASR/ACE",3
"GO:0051932","synaptic transmission, GABAergic","3/459","67/18860",0.0447761194029851,1.83982050531655,1.08760395732553,0.223184654590298,0.223184654590298,0.721649483300591,"SLC38A1/GABRB1/GABRB3",3
"GO:1903317","regulation of protein maturation","3/459","67/18860",0.0447761194029851,1.83982050531655,1.08760395732553,0.223184654590298,0.223184654590298,0.721649483300591,"MDM2/MYH9/CHAC1",3
"GO:1903532","positive regulation of secretion by cell","10/459","310/18860",0.032258064516129,1.32546208447537,0.912544920282882,0.225192729309041,0.225192729309041,0.721649483300591,"TCF7L2/CASR/GAB2/TTN/F2/HYAL3/SLC30A8/MYB/ABCC8/UNC13B",10
"GO:0008217","regulation of blood pressure","7/459","203/18860",0.0344827586206897,1.41687326271505,0.943139892709324,0.226402467072069,0.226402467072069,0.721649483300591,"PDGFB/POSTN/KLK3/KCNK6/ACE/SLC4A5/MYH6",7
"GO:0002418","immune response to tumor cell","2/459","37/18860",0.0540540540540541,2.22104457398575,1.17417524333239,0.22717505866862,0.22717505866862,0.721649483300591,"PRKAA1/MICA",2
"GO:0006270","DNA replication initiation","2/459","37/18860",0.0540540540540541,2.22104457398575,1.17417524333239,0.22717505866862,0.22717505866862,0.721649483300591,"MCM5/MCM7",2
"GO:0007031","peroxisome organization","2/459","37/18860",0.0540540540540541,2.22104457398575,1.17417524333239,0.22717505866862,0.22717505866862,0.721649483300591,"PEX5L/PEX12",2
"GO:0007616","long-term memory","2/459","37/18860",0.0540540540540541,2.22104457398575,1.17417524333239,0.22717505866862,0.22717505866862,0.721649483300591,"CPEB3/RASGRF1",2
"GO:0017145","stem cell division","2/459","37/18860",0.0540540540540541,2.22104457398575,1.17417524333239,0.22717505866862,0.22717505866862,0.721649483300591,"ZFP36L2/MYB",2
"GO:0030947","regulation of vascular endothelial growth factor receptor signaling pathway","2/459","37/18860",0.0540540540540541,2.22104457398575,1.17417524333239,0.22717505866862,0.22717505866862,0.721649483300591,"FGF9/MT3",2
"GO:0032350","regulation of hormone metabolic process","2/459","37/18860",0.0540540540540541,2.22104457398575,1.17417524333239,0.22717505866862,0.22717505866862,0.721649483300591,"TCF7L2/DUOXA2",2
"GO:0046677","response to antibiotic","2/459","37/18860",0.0540540540540541,2.22104457398575,1.17417524333239,0.22717505866862,0.22717505866862,0.721649483300591,"MDM2/HYAL3",2
"GO:0048048","embryonic eye morphogenesis","2/459","37/18860",0.0540540540540541,2.22104457398575,1.17417524333239,0.22717505866862,0.22717505866862,0.721649483300591,"MFAP2/RARB",2
"GO:0051385","response to mineralocorticoid","2/459","37/18860",0.0540540540540541,2.22104457398575,1.17417524333239,0.22717505866862,0.22717505866862,0.721649483300591,"CSN1S1/AANAT",2
"GO:0071676","negative regulation of mononuclear cell migration","2/459","37/18860",0.0540540540540541,2.22104457398575,1.17417524333239,0.22717505866862,0.22717505866862,0.721649483300591,"LRCH1/MIA3",2
"GO:0097484","dendrite extension","2/459","37/18860",0.0540540540540541,2.22104457398575,1.17417524333239,0.22717505866862,0.22717505866862,0.721649483300591,"BCL11A/SYT17",2
"GO:1902253","regulation of intrinsic apoptotic signaling pathway by p53 class mediator","2/459","37/18860",0.0540540540540541,2.22104457398575,1.17417524333239,0.22717505866862,0.22717505866862,0.721649483300591,"MDM2/BCL2",2
"GO:0006631","fatty acid metabolic process","13/459","421/18860",0.0308788598574822,1.26879149654055,0.880912659893305,0.228133975921714,0.228133975921714,0.721649483300591,"CYP2B6/HAO2/THEM5/TPK1/PNLIP/AIG1/ACSM5/ERLIN2/PDK1/PRKAA1/PTGES3/CYP2E1/SCP2",13
"GO:0034763","negative regulation of transmembrane transport","5/459","134/18860",0.0373134328358209,1.53318375443046,0.978254283990422,0.228203541404995,0.228203541404995,0.721649483300591,"KCNH2/BCL2/WWP2/UBR3/OAZ3",5
"GO:0097237","cellular response to toxic substance","5/459","134/18860",0.0373134328358209,1.53318375443046,0.978254283990422,0.228203541404995,0.228203541404995,0.721649483300591,"GPX3/MB/MT3/RDH11/NQO1",5
"GO:0040014","regulation of multicellular organism growth","3/459","68/18860",0.0441176470588235,1.81276432141484,1.06041910993829,0.229617614198758,0.229617614198758,0.721649483300591,"GNAS/BCL2/FTO",3
"GO:0046847","filopodium assembly","3/459","68/18860",0.0441176470588235,1.81276432141484,1.06041910993829,0.229617614198758,0.229617614198758,0.721649483300591,"VSTM5/CDC42/GPM6A",3
"GO:0072348","sulfur compound transport","3/459","68/18860",0.0441176470588235,1.81276432141484,1.06041910993829,0.229617614198758,0.229617614198758,0.721649483300591,"SLC26A1/SLC26A3/SLC26A8",3
"GO:0046474","glycerophospholipid biosynthetic process","7/459","204/18860",0.0343137254901961,1.40992780554488,0.929732805373599,0.229970941950864,0.229970941950864,0.721649483300591,"PDGFB/AGPAT4/IP6K3/PRKAA1/ETNK1/SMG1/LPCAT3",7
"GO:0120254","olefinic compound metabolic process","6/459","169/18860",0.0355029585798817,1.45879259001431,0.946211972460159,0.230331061932174,0.230331061932174,0.721649483300591,"CYP2B6/PNLIP/RDH11/CYP2E1/DHRS4L1/SCP2",6
"GO:0006644","phospholipid metabolic process","12/459","385/18860",0.0311688311688312,1.28070622188269,0.878891249448125,0.230356465709584,0.230356465709584,0.721649483300591,"ENPP7/PDGFB/AGPAT4/IP6K3/OSBPL10/PRKAA1/INPP5A/ENPP2/ETNK1/SMG1/LPCAT3/SCP2",12
"GO:0051924","regulation of calcium ion transport","8/459","240/18860",0.0333333333333333,1.36964415395788,0.910216250664906,0.23147308529804,0.23147308529804,0.721649483300591,"STC1/PDGFB/AKAP5/CASR/BCL2/JPH4/UBR3/F2",8
"GO:0048640","negative regulation of developmental growth","4/459","101/18860",0.0396039603960396,1.62729998490045,0.998334507141165,0.231735476606574,0.231735476606574,0.721649483300591,"GNAS/BCL11A/MT3/WWC3",4
"GO:0170062","nutrient storage","4/459","101/18860",0.0396039603960396,1.62729998490045,0.998334507141165,0.231735476606574,0.231735476606574,0.721649483300591,"B4GALNT1/ACVR1C/GM2A/FTO",4
"GO:0051052","regulation of DNA metabolic process","15/459","497/18860",0.0301810865191147,1.24012046133007,0.856802069258688,0.232122466531953,0.232122466531953,0.721649483300591,"ENPP7/PDGFB/ANKRD17/PRKCQ/UCHL5/INO80C/MCM5/CDK1/MCM7/BRCC3/PTGES3/RECQL5/SMG1/ING3/SMARCA5",15
"GO:0006805","xenobiotic metabolic process","5/459","135/18860",0.037037037037037,1.52182683773098,0.961008751610585,0.232668640005388,0.232668640005388,0.721649483300591,"CYP2B6/CBR3/CYP2E1/SLC28A3/NQO1",5
"GO:0031640","killing of cells of another organism","5/459","135/18860",0.037037037037037,1.52182683773098,0.961008751610585,0.232668640005388,0.232668640005388,0.721649483300591,"CCL18/GSDMB/F2/C6/MICA",5
"GO:0141061","disruption of cell in another organism","5/459","135/18860",0.037037037037037,1.52182683773098,0.961008751610585,0.232668640005388,0.232668640005388,0.721649483300591,"CCL18/GSDMB/F2/C6/MICA",5
"GO:0010812","negative regulation of cell-substrate adhesion","3/459","69/18860",0.0434782608695652,1.78649237472767,1.0336870508151,0.23608468176288,0.23608468176288,0.721649483300591,"POSTN/MYOC/GCNT2",3
"GO:0035904","aorta development","3/459","69/18860",0.0434782608695652,1.78649237472767,1.0336870508151,0.23608468176288,0.23608468176288,0.721649483300591,"RBPJ/PRICKLE1/LOXL1",3
"GO:0070918","regulatory ncRNA processing","3/459","69/18860",0.0434782608695652,1.78649237472767,1.0336870508151,0.23608468176288,0.23608468176288,0.721649483300591,"TDRD9/TRIM71/ZC3H7B",3
"GO:0006023","aminoglycan biosynthetic process","2/459","38/18860",0.0526315789473684,2.16259603256507,1.13300730690691,0.236209625370979,0.236209625370979,0.721649483300591,"PDGFB/GCNT2",2
"GO:0030224","monocyte differentiation","2/459","38/18860",0.0526315789473684,2.16259603256507,1.13300730690691,0.236209625370979,0.236209625370979,0.721649483300591,"MYH9/MT1G",2
"GO:0043268","positive regulation of potassium ion transport","2/459","38/18860",0.0526315789473684,2.16259603256507,1.13300730690691,0.236209625370979,0.236209625370979,0.721649483300591,"KCNH2/ABCC8",2
"GO:0045920","negative regulation of exocytosis","2/459","38/18860",0.0526315789473684,2.16259603256507,1.13300730690691,0.236209625370979,0.236209625370979,0.721649483300591,"ATP9A/WDR41",2
"GO:0070229","negative regulation of lymphocyte apoptotic process","2/459","38/18860",0.0526315789473684,2.16259603256507,1.13300730690691,0.236209625370979,0.236209625370979,0.721649483300591,"PRKCQ/BCL2",2
"GO:0086004","regulation of cardiac muscle cell contraction","2/459","38/18860",0.0526315789473684,2.16259603256507,1.13300730690691,0.236209625370979,0.236209625370979,0.721649483300591,"STC1/MYBPC3",2
"GO:1901889","negative regulation of cell junction assembly","2/459","38/18860",0.0526315789473684,2.16259603256507,1.13300730690691,0.236209625370979,0.236209625370979,0.721649483300591,"CBLN1/ACE",2
"GO:0022404","molting cycle process","4/459","102/18860",0.0392156862745098,1.61134606347986,0.977774936163176,0.236971739307719,0.236971739307719,0.721649483300591,"GNAS/CDH3/RBPJ/BCL2",4
"GO:0022405","hair cycle process","4/459","102/18860",0.0392156862745098,1.61134606347986,0.977774936163176,0.236971739307719,0.236971739307719,0.721649483300591,"GNAS/CDH3/RBPJ/BCL2",4
"GO:0002244","hematopoietic progenitor cell differentiation","5/459","136/18860",0.0367647058823529,1.51063693451237,0.943902904709087,0.237158512601418,0.237158512601418,0.721649483300591,"TCF15/MIXL1/ACE/BCL2/MYB",5
"GO:0046718","symbiont entry into host cell","5/459","136/18860",0.0367647058823529,1.51063693451237,0.943902904709087,0.237158512601418,0.237158512601418,0.721649483300591,"TRIM11/MYH9/CDK1/WWP2/CLDN1",5
"GO:0048706","embryonic skeletal system development","5/459","136/18860",0.0367647058823529,1.51063693451237,0.943902904709087,0.237158512601418,0.237158512601418,0.721649483300591,"FGF9/KIAA1217/SHOX2/DLX4/MMP16",5
"GO:2000241","regulation of reproductive process","7/459","206/18860",0.0339805825242718,1.39623918607357,0.903129455954668,0.237164630244847,0.237164630244847,0.721649483300591,"OVGP1/MYH9/UMODL1/ACVR1C/HORMAD1/PGAM4/HYAL3",7
"GO:0001188","RNA polymerase I preinitiation complex assembly","1/459","11/18860",0.0909090909090909,3.73539314715785,1.43323333367767,0.237454956784337,0.237454956784337,0.721649483300591,"TAF1B",1
"GO:0002775","antimicrobial peptide production","1/459","11/18860",0.0909090909090909,3.73539314715785,1.43323333367767,0.237454956784337,0.237454956784337,0.721649483300591,"KLK3",1
"GO:0002841","negative regulation of T cell mediated immune response to tumor cell","1/459","11/18860",0.0909090909090909,3.73539314715785,1.43323333367767,0.237454956784337,0.237454956784337,0.721649483300591,"PRKAA1",1
"GO:0003093","regulation of glomerular filtration","1/459","11/18860",0.0909090909090909,3.73539314715785,1.43323333367767,0.237454956784337,0.237454956784337,0.721649483300591,"PDGFB",1
"GO:0003139","secondary heart field specification","1/459","11/18860",0.0909090909090909,3.73539314715785,1.43323333367767,0.237454956784337,0.237454956784337,0.721649483300591,"RBPJ",1
"GO:0006222","UMP biosynthetic process","1/459","11/18860",0.0909090909090909,3.73539314715785,1.43323333367767,0.237454956784337,0.237454956784337,0.721649483300591,"UPP1",1
"GO:0006307","DNA alkylation repair","1/459","11/18860",0.0909090909090909,3.73539314715785,1.43323333367767,0.237454956784337,0.237454956784337,0.721649483300591,"FTO",1
"GO:0006678","glucosylceramide metabolic process","1/459","11/18860",0.0909090909090909,3.73539314715785,1.43323333367767,0.237454956784337,0.237454956784337,0.721649483300591,"PRKAA1",1
"GO:0006751","glutathione catabolic process","1/459","11/18860",0.0909090909090909,3.73539314715785,1.43323333367767,0.237454956784337,0.237454956784337,0.721649483300591,"CHAC1",1
"GO:0007077","mitotic nuclear membrane disassembly","1/459","11/18860",0.0909090909090909,3.73539314715785,1.43323333367767,0.237454956784337,0.237454956784337,0.721649483300591,"CDK1",1
"GO:0007191","adenylate cyclase-activating dopamine receptor signaling pathway","1/459","11/18860",0.0909090909090909,3.73539314715785,1.43323333367767,0.237454956784337,0.237454956784337,0.721649483300591,"GNAS",1
"GO:0007341","penetration of zona pellucida","1/459","11/18860",0.0909090909090909,3.73539314715785,1.43323333367767,0.237454956784337,0.237454956784337,0.721649483300591,"HYAL3",1
"GO:0010616","negative regulation of cardiac muscle adaptation","1/459","11/18860",0.0909090909090909,3.73539314715785,1.43323333367767,0.237454956784337,0.237454956784337,0.721649483300591,"ATP2B4",1
"GO:0010807","regulation of synaptic vesicle priming","1/459","11/18860",0.0909090909090909,3.73539314715785,1.43323333367767,0.237454956784337,0.237454956784337,0.721649483300591,"UNC13B",1
"GO:0016479","negative regulation of transcription by RNA polymerase I","1/459","11/18860",0.0909090909090909,3.73539314715785,1.43323333367767,0.237454956784337,0.237454956784337,0.721649483300591,"SMARCA5",1
"GO:0021548","pons development","1/459","11/18860",0.0909090909090909,3.73539314715785,1.43323333367767,0.237454956784337,0.237454956784337,0.721649483300591,"BCL2",1
"GO:0030210","heparin proteoglycan biosynthetic process","1/459","11/18860",0.0909090909090909,3.73539314715785,1.43323333367767,0.237454956784337,0.237454956784337,0.721649483300591,"ANGPT1",1
"GO:0032380","regulation of intracellular sterol transport","1/459","11/18860",0.0909090909090909,3.73539314715785,1.43323333367767,0.237454956784337,0.237454956784337,0.721649483300591,"SCP2",1
"GO:0032383","regulation of intracellular cholesterol transport","1/459","11/18860",0.0909090909090909,3.73539314715785,1.43323333367767,0.237454956784337,0.237454956784337,0.721649483300591,"SCP2",1
"GO:0032534","regulation of microvillus assembly","1/459","11/18860",0.0909090909090909,3.73539314715785,1.43323333367767,0.237454956784337,0.237454956784337,0.721649483300591,"PODXL",1
"GO:0032815","negative regulation of natural killer cell activation","1/459","11/18860",0.0909090909090909,3.73539314715785,1.43323333367767,0.237454956784337,0.237454956784337,0.721649483300591,"MICA",1
"GO:0033632","regulation of cell-cell adhesion mediated by integrin","1/459","11/18860",0.0909090909090909,3.73539314715785,1.43323333367767,0.237454956784337,0.237454956784337,0.721649483300591,"PODXL",1
"GO:0035457","cellular response to interferon-alpha","1/459","11/18860",0.0909090909090909,3.73539314715785,1.43323333367767,0.237454956784337,0.237454956784337,0.721649483300591,"OAS1",1
"GO:0035878","nail development","1/459","11/18860",0.0909090909090909,3.73539314715785,1.43323333367767,0.237454956784337,0.237454956784337,0.721649483300591,"PRICKLE1",1
"GO:0036481","intrinsic apoptotic signaling pathway in response to hydrogen peroxide","1/459","11/18860",0.0909090909090909,3.73539314715785,1.43323333367767,0.237454956784337,0.237454956784337,0.721649483300591,"CA3",1
"GO:0038060","nitric oxide-cGMP-mediated signaling","1/459","11/18860",0.0909090909090909,3.73539314715785,1.43323333367767,0.237454956784337,0.237454956784337,0.721649483300591,"ATP2B4",1
"GO:0039530","MDA-5 signaling pathway","1/459","11/18860",0.0909090909090909,3.73539314715785,1.43323333367767,0.237454956784337,0.237454956784337,0.721649483300591,"ANKRD17",1
"GO:0042048","olfactory behavior","1/459","11/18860",0.0909090909090909,3.73539314715785,1.43323333367767,0.237454956784337,0.237454956784337,0.721649483300591,"UBR3",1
"GO:0042167","heme catabolic process","1/459","11/18860",0.0909090909090909,3.73539314715785,1.43323333367767,0.237454956784337,0.237454956784337,0.721649483300591,"HMOX1",1
"GO:0042797","tRNA transcription by RNA polymerase III","1/459","11/18860",0.0909090909090909,3.73539314715785,1.43323333367767,0.237454956784337,0.237454956784337,0.721649483300591,"POLR2E",1
"GO:0044062","regulation of excretion","1/459","11/18860",0.0909090909090909,3.73539314715785,1.43323333367767,0.237454956784337,0.237454956784337,0.721649483300591,"STC1",1
"GO:0045835","negative regulation of meiotic nuclear division","1/459","11/18860",0.0909090909090909,3.73539314715785,1.43323333367767,0.237454956784337,0.237454956784337,0.721649483300591,"HORMAD1",1
"GO:0045869","negative regulation of single stranded viral RNA replication via double stranded DNA intermediate","1/459","11/18860",0.0909090909090909,3.73539314715785,1.43323333367767,0.237454956784337,0.237454956784337,0.721649483300591,"APOBEC3H",1
"GO:0046149","pigment catabolic process","1/459","11/18860",0.0909090909090909,3.73539314715785,1.43323333367767,0.237454956784337,0.237454956784337,0.721649483300591,"HMOX1",1
"GO:0046477","glycosylceramide catabolic process","1/459","11/18860",0.0909090909090909,3.73539314715785,1.43323333367767,0.237454956784337,0.237454956784337,0.721649483300591,"GALC",1
"GO:0046500","S-adenosylmethionine metabolic process","1/459","11/18860",0.0909090909090909,3.73539314715785,1.43323333367767,0.237454956784337,0.237454956784337,0.721649483300591,"MTHFR",1
"GO:0046549","retinal cone cell development","1/459","11/18860",0.0909090909090909,3.73539314715785,1.43323333367767,0.237454956784337,0.237454956784337,0.721649483300591,"RORB",1
"GO:0046710","GDP metabolic process","1/459","11/18860",0.0909090909090909,3.73539314715785,1.43323333367767,0.237454956784337,0.237454956784337,0.721649483300591,"TJP2",1
"GO:0048251","elastic fiber assembly","1/459","11/18860",0.0909090909090909,3.73539314715785,1.43323333367767,0.237454956784337,0.237454956784337,0.721649483300591,"MYH11",1
"GO:0048672","positive regulation of collateral sprouting","1/459","11/18860",0.0909090909090909,3.73539314715785,1.43323333367767,0.237454956784337,0.237454956784337,0.721649483300591,"BCL11A",1
"GO:0048733","sebaceous gland development","1/459","11/18860",0.0909090909090909,3.73539314715785,1.43323333367767,0.237454956784337,0.237454956784337,0.721649483300591,"RBPJ",1
"GO:0051350","negative regulation of lyase activity","1/459","11/18860",0.0909090909090909,3.73539314715785,1.43323333367767,0.237454956784337,0.237454956784337,0.721649483300591,"AKAP5",1
"GO:0051838","cytolysis by host of symbiont cells","1/459","11/18860",0.0909090909090909,3.73539314715785,1.43323333367767,0.237454956784337,0.237454956784337,0.721649483300591,"F2",1
"GO:0060040","retinal bipolar neuron differentiation","1/459","11/18860",0.0909090909090909,3.73539314715785,1.43323333367767,0.237454956784337,0.237454956784337,0.721649483300591,"VSX1",1
"GO:0060920","cardiac pacemaker cell differentiation","1/459","11/18860",0.0909090909090909,3.73539314715785,1.43323333367767,0.237454956784337,0.237454956784337,0.721649483300591,"SHOX2",1
"GO:0061762","CAMKK-AMPK signaling cascade","1/459","11/18860",0.0909090909090909,3.73539314715785,1.43323333367767,0.237454956784337,0.237454956784337,0.721649483300591,"PRKAA1",1
"GO:0062028","regulation of stress granule assembly","1/459","11/18860",0.0909090909090909,3.73539314715785,1.43323333367767,0.237454956784337,0.237454956784337,0.721649483300591,"PRKAA1",1
"GO:0062111","zinc ion import into organelle","1/459","11/18860",0.0909090909090909,3.73539314715785,1.43323333367767,0.237454956784337,0.237454956784337,0.721649483300591,"SLC30A8",1
"GO:0070213","protein auto-ADP-ribosylation","1/459","11/18860",0.0909090909090909,3.73539314715785,1.43323333367767,0.237454956784337,0.237454956784337,0.721649483300591,"PARP12",1
"GO:0070278","extracellular matrix constituent secretion","1/459","11/18860",0.0909090909090909,3.73539314715785,1.43323333367767,0.237454956784337,0.237454956784337,0.721649483300591,"PRICKLE1",1
"GO:0070391","response to lipoteichoic acid","1/459","11/18860",0.0909090909090909,3.73539314715785,1.43323333367767,0.237454956784337,0.237454956784337,0.721649483300591,"LBP",1
"GO:0071223","cellular response to lipoteichoic acid","1/459","11/18860",0.0909090909090909,3.73539314715785,1.43323333367767,0.237454956784337,0.237454956784337,0.721649483300591,"LBP",1
"GO:0071236","cellular response to antibiotic","1/459","11/18860",0.0909090909090909,3.73539314715785,1.43323333367767,0.237454956784337,0.237454956784337,0.721649483300591,"MDM2",1
"GO:0071313","cellular response to caffeine","1/459","11/18860",0.0909090909090909,3.73539314715785,1.43323333367767,0.237454956784337,0.237454956784337,0.721649483300591,"RYR1",1
"GO:0071314","cellular response to cocaine","1/459","11/18860",0.0909090909090909,3.73539314715785,1.43323333367767,0.237454956784337,0.237454956784337,0.721649483300591,"CRHBP",1
"GO:0071377","cellular response to glucagon stimulus","1/459","11/18860",0.0909090909090909,3.73539314715785,1.43323333367767,0.237454956784337,0.237454956784337,0.721649483300591,"GNAS",1
"GO:0071578","zinc ion import across plasma membrane","1/459","11/18860",0.0909090909090909,3.73539314715785,1.43323333367767,0.237454956784337,0.237454956784337,0.721649483300591,"SLC30A8",1
"GO:0072124","regulation of glomerular mesangial cell proliferation","1/459","11/18860",0.0909090909090909,3.73539314715785,1.43323333367767,0.237454956784337,0.237454956784337,0.721649483300591,"PDGFB",1
"GO:0090009","primitive streak formation","1/459","11/18860",0.0909090909090909,3.73539314715785,1.43323333367767,0.237454956784337,0.237454956784337,0.721649483300591,"PRICKLE1",1
"GO:0090161","Golgi ribbon formation","1/459","11/18860",0.0909090909090909,3.73539314715785,1.43323333367767,0.237454956784337,0.237454956784337,0.721649483300591,"VAMP4",1
"GO:0090311","regulation of protein deacetylation","1/459","11/18860",0.0909090909090909,3.73539314715785,1.43323333367767,0.237454956784337,0.237454956784337,0.721649483300591,"PRKAA1",1
"GO:0098598","learned vocalization behavior or vocal learning","1/459","11/18860",0.0909090909090909,3.73539314715785,1.43323333367767,0.237454956784337,0.237454956784337,0.721649483300591,"CNTNAP2",1
"GO:0098887","neurotransmitter receptor transport, endosome to postsynaptic membrane","1/459","11/18860",0.0909090909090909,3.73539314715785,1.43323333367767,0.237454956784337,0.237454956784337,0.721649483300591,"VAMP4",1
"GO:0099519","dense core granule cytoskeletal transport","1/459","11/18860",0.0909090909090909,3.73539314715785,1.43323333367767,0.237454956784337,0.237454956784337,0.721649483300591,"PPFIA2",1
"GO:0099532","synaptic vesicle endosomal processing","1/459","11/18860",0.0909090909090909,3.73539314715785,1.43323333367767,0.237454956784337,0.237454956784337,0.721649483300591,"VAMP4",1
"GO:0099612","protein localization to axon","1/459","11/18860",0.0909090909090909,3.73539314715785,1.43323333367767,0.237454956784337,0.237454956784337,0.721649483300591,"CNTNAP2",1
"GO:0099639","neurotransmitter receptor transport, endosome to plasma membrane","1/459","11/18860",0.0909090909090909,3.73539314715785,1.43323333367767,0.237454956784337,0.237454956784337,0.721649483300591,"VAMP4",1
"GO:1900246","positive regulation of RIG-I signaling pathway","1/459","11/18860",0.0909090909090909,3.73539314715785,1.43323333367767,0.237454956784337,0.237454956784337,0.721649483300591,"ANKRD17",1
"GO:1900864","mitochondrial RNA modification","1/459","11/18860",0.0909090909090909,3.73539314715785,1.43323333367767,0.237454956784337,0.237454956784337,0.721649483300591,"TRIT1",1
"GO:1901950","dense core granule transport","1/459","11/18860",0.0909090909090909,3.73539314715785,1.43323333367767,0.237454956784337,0.237454956784337,0.721649483300591,"PPFIA2",1
"GO:1903108","regulation of mitochondrial transcription","1/459","11/18860",0.0909090909090909,3.73539314715785,1.43323333367767,0.237454956784337,0.237454956784337,0.721649483300591,"PRKAA1",1
"GO:1903243","negative regulation of cardiac muscle hypertrophy in response to stress","1/459","11/18860",0.0909090909090909,3.73539314715785,1.43323333367767,0.237454956784337,0.237454956784337,0.721649483300591,"ATP2B4",1
"GO:1903564","regulation of protein localization to cilium","1/459","11/18860",0.0909090909090909,3.73539314715785,1.43323333367767,0.237454956784337,0.237454956784337,0.721649483300591,"CCDC66",1
"GO:1904030","negative regulation of cyclin-dependent protein kinase activity","1/459","11/18860",0.0909090909090909,3.73539314715785,1.43323333367767,0.237454956784337,0.237454956784337,0.721649483300591,"CDKN1C",1
"GO:2000197","regulation of ribonucleoprotein complex localization","1/459","11/18860",0.0909090909090909,3.73539314715785,1.43323333367767,0.237454956784337,0.237454956784337,0.721649483300591,"IWS1",1
"GO:2000271","positive regulation of fibroblast apoptotic process","1/459","11/18860",0.0909090909090909,3.73539314715785,1.43323333367767,0.237454956784337,0.237454956784337,0.721649483300591,"BCL2L11",1
"GO:2000392","regulation of lamellipodium morphogenesis","1/459","11/18860",0.0909090909090909,3.73539314715785,1.43323333367767,0.237454956784337,0.237454956784337,0.721649483300591,"ENPP2",1
"GO:2000672","negative regulation of motor neuron apoptotic process","1/459","11/18860",0.0909090909090909,3.73539314715785,1.43323333367767,0.237454956784337,0.237454956784337,0.721649483300591,"BCL2",1
"GO:2000674","regulation of type B pancreatic cell apoptotic process","1/459","11/18860",0.0909090909090909,3.73539314715785,1.43323333367767,0.237454956784337,0.237454956784337,0.721649483300591,"TCF7L2",1
"GO:2000739","regulation of mesenchymal stem cell differentiation","1/459","11/18860",0.0909090909090909,3.73539314715785,1.43323333367767,0.237454956784337,0.237454956784337,0.721649483300591,"SOX5",1
"GO:0060828","regulation of canonical Wnt signaling pathway","9/459","278/18860",0.0323741007194245,1.3302299337001,0.87606749685811,0.237804755832256,0.237804755832256,0.721649483300591,"TCF7L2/CDH3/WNK2/XIAP/RBPJ/SFRP4/FGF9/PRICKLE1/WNT5B",9
"GO:0033674","positive regulation of kinase activity","5/459","137/18860",0.0364963503649635,1.49961038754512,0.926934367589619,0.241672277238608,0.241672277238608,0.721649483300591,"PDGFB/DOK7/NRG1/ANGPT1/MT3",5
"GO:0098773","skin epidermis development","5/459","137/18860",0.0364963503649635,1.49961038754512,0.926934367589619,0.241672277238608,0.241672277238608,0.721649483300591,"GNAS/CDH3/RBPJ/BCL2/CLDN1",5
"GO:0009408","response to heat","4/459","103/18860",0.0388349514563107,1.59570192694122,0.957438502921564,0.242235815324495,0.242235815324495,0.721649483300591,"HMOX1/MICA/PIRT/DNAJA2",4
"GO:0009064","glutamine family amino acid metabolic process","3/459","70/18860",0.0428571428571429,1.7609710550887,1.00739253478858,0.24258317554911,0.24258317554911,0.721649483300591,"AGMAT/FTCD/ATP2B4",3
"GO:0046888","negative regulation of hormone secretion","3/459","70/18860",0.0428571428571429,1.7609710550887,1.00739253478858,0.24258317554911,0.24258317554911,0.721649483300591,"CRHBP/ACVR1C/ABCC8",3
"GO:0071805","potassium ion transmembrane transport","7/459","208/18860",0.0336538461538462,1.3828138092844,0.876801976611797,0.244431050158823,0.244431050158823,0.721649483300591,"KCNH2/KCNK6/KCNK5/WWP2/KCNIP1/KCNH6/ABCC8",7
"GO:0034612","response to tumor necrosis factor","8/459","244/18860",0.0327868852459016,1.34719097110611,0.86211482033527,0.244792829068244,0.244792829068244,0.721649483300591,"AFF3/POSTN/CRHBP/XIAP/ZFP36L2/HYAL3/ADAMTS7/CLDN1",8
"GO:0043516","regulation of DNA damage response, signal transduction by p53 class mediator","2/459","39/18860",0.0512820512820513,2.10714485224289,1.09310117623014,0.245263080735999,0.245263080735999,0.721649483300591,"MDM2/PMAIP1",2
"GO:0070884","regulation of calcineurin-NFAT signaling cascade","2/459","39/18860",0.0512820512820513,2.10714485224289,1.09310117623014,0.245263080735999,0.245263080735999,0.721649483300591,"AKAP5/ATP2B4",2
"GO:0071404","cellular response to low-density lipoprotein particle stimulus","2/459","39/18860",0.0512820512820513,2.10714485224289,1.09310117623014,0.245263080735999,0.245263080735999,0.721649483300591,"CASR/MIA3",2
"GO:1902547","regulation of cellular response to vascular endothelial growth factor stimulus","2/459","39/18860",0.0512820512820513,2.10714485224289,1.09310117623014,0.245263080735999,0.245263080735999,0.721649483300591,"ANGPT1/ATP2B4",2
"GO:1903580","positive regulation of ATP metabolic process","2/459","39/18860",0.0512820512820513,2.10714485224289,1.09310117623014,0.245263080735999,0.245263080735999,0.721649483300591,"SLC4A4/PRKAA1",2
"GO:0032602","chemokine production","4/459","104/18860",0.0384615384615385,1.58035863918217,0.937320189555636,0.24752628889899,0.24752628889899,0.721649483300591,"POSTN/LBP/HMOX1/OAS1",4
"GO:0032642","regulation of chemokine production","4/459","104/18860",0.0384615384615385,1.58035863918217,0.937320189555636,0.24752628889899,0.24752628889899,0.721649483300591,"POSTN/LBP/HMOX1/OAS1",4
"GO:1905954","positive regulation of lipid localization","4/459","104/18860",0.0384615384615385,1.58035863918217,0.937320189555636,0.24752628889899,0.24752628889899,0.721649483300591,"ABCB4/MYB/LPCAT3/SCP2",4
"GO:2001234","negative regulation of apoptotic signaling pathway","8/459","245/18860",0.0326530612244898,1.34169223244853,0.850220531975289,0.248162130017878,0.248162130017878,0.721649483300591,"TCF7L2/MDM2/NRG1/SGK3/IVNS1ABP/HMOX1/CA3/BCL2",8
"GO:0006695","cholesterol biosynthetic process","3/459","71/18860",0.0422535211267606,1.7361686458621,0.981521049868229,0.249110456139047,0.249110456139047,0.721649483300591,"ERLIN2/PRKAA1/LPCAT3",3
"GO:0043543","protein acylation","3/459","71/18860",0.0422535211267606,1.7361686458621,0.981521049868229,0.249110456139047,0.249110456139047,0.721649483300591,"ZDHHC22/HHAT/AANAT",3
"GO:1902653","secondary alcohol biosynthetic process","3/459","71/18860",0.0422535211267606,1.7361686458621,0.981521049868229,0.249110456139047,0.249110456139047,0.721649483300591,"ERLIN2/PRKAA1/LPCAT3",3
"GO:1904262","negative regulation of TORC1 signaling","3/459","71/18860",0.0422535211267606,1.7361686458621,0.981521049868229,0.249110456139047,0.249110456139047,0.721649483300591,"AKT1S1/ATXN3L/PRKAA1",3
"GO:2000379","positive regulation of reactive oxygen species metabolic process","3/459","71/18860",0.0422535211267606,1.7361686458621,0.981521049868229,0.249110456139047,0.249110456139047,0.721649483300591,"PDGFB/DUOXA2/F2",3
"GO:0043087","regulation of GTPase activity","5/459","139/18860",0.0359712230215827,1.47803325966678,0.893400010024052,0.250767953206228,0.250767953206228,0.721649483300591,"EVI5/LRCH1/ABR/NGEF/ARHGEF16",5
"GO:0061041","regulation of wound healing","5/459","139/18860",0.0359712230215827,1.47803325966678,0.893400010024052,0.250767953206228,0.250767953206228,0.721649483300591,"PDGFB/APOH/ANGPT1/F2/CLDN1",5
"GO:0141060","disruption of anatomical structure in another organism","5/459","139/18860",0.0359712230215827,1.47803325966678,0.893400010024052,0.250767953206228,0.250767953206228,0.721649483300591,"CCL18/GSDMB/F2/C6/MICA",5
"GO:0060560","developmental growth involved in morphogenesis","8/459","246/18860",0.032520325203252,1.3362381989833,0.838377684335536,0.251546496492921,0.251546496492921,0.721649483300591,"NRCAM/POSTN/BCL11A/NRN1/S1PR1/MT3/PRICKLE1/SYT17",8
"GO:0030111","regulation of Wnt signaling pathway","11/459","356/18860",0.0308988764044944,1.26961396293848,0.811109577297607,0.251626355980782,0.251626355980782,0.721649483300591,"TCF7L2/CDH3/WNK2/XIAP/RBPJ/SFRP4/BARX1/FGF9/PRICKLE1/WIF1/WNT5B",11
"GO:0046942","carboxylic acid transport","11/459","356/18860",0.0308988764044944,1.26961396293848,0.811109577297607,0.251626355980782,0.251626355980782,0.721649483300591,"SLC38A1/SLC26A1/CASR/ACE/SLC6A8/SLC16A5/SLC26A3/SLC26A8/ABCB4/SLC38A6/ABCC8",11
"GO:0030705","cytoskeleton-dependent intracellular transport","7/459","210/18860",0.0333333333333333,1.36964415395788,0.850744268141388,0.251766665313666,0.251766665313666,0.721649483300591,"PPFIA2/MAP6/ARMCX3/SYNE2/CDC42/PRICKLE1/AGBL4",7
"GO:0008593","regulation of Notch signaling pathway","4/459","105/18860",0.0380952380952381,1.56530760452329,0.917415140667236,0.25284175205176,0.25284175205176,0.721649483300591,"POSTN/TSPAN14/WWP2/CHAC1",4
"GO:0070167","regulation of biomineral tissue development","4/459","105/18860",0.0380952380952381,1.56530760452329,0.917415140667236,0.25284175205176,0.25284175205176,0.721649483300591,"AMTN/S1PR1/MATN1/IFITM5",4
"GO:0051054","positive regulation of DNA metabolic process","9/459","283/18860",0.0318021201413428,1.30672763805169,0.821113699405107,0.253464728954244,0.253464728954244,0.721649483300591,"PDGFB/PRKCQ/UCHL5/INO80C/CDK1/BRCC3/PTGES3/ING3/SMARCA5",9
"GO:0010562","positive regulation of phosphorus metabolic process","10/459","320/18860",0.03125,1.28404139433551,0.809369287455341,0.254326272335197,0.254326272335197,0.721649483300591,"ENPP7/PDGFB/DOK7/NRG1/SLC4A4/ANGPT1/MT3/PRKAA1/ENPP2/ARAF",10
"GO:0045937","positive regulation of phosphate metabolic process","10/459","320/18860",0.03125,1.28404139433551,0.809369287455341,0.254326272335197,0.254326272335197,0.721649483300591,"ENPP7/PDGFB/DOK7/NRG1/SLC4A4/ANGPT1/MT3/PRKAA1/ENPP2/ARAF",10
"GO:0002446","neutrophil mediated immunity","2/459","40/18860",0.05,2.05446623093682,1.05438161004367,0.254329169453538,0.254329169453538,0.721649483300591,"ACE/F2",2
"GO:0006084","acetyl-CoA metabolic process","2/459","40/18860",0.05,2.05446623093682,1.05438161004367,0.254329169453538,0.254329169453538,0.721649483300591,"TPK1/PDK1",2
"GO:0006497","protein lipidation","2/459","40/18860",0.05,2.05446623093682,1.05438161004367,0.254329169453538,0.254329169453538,0.721649483300591,"ZDHHC22/HHAT",2
"GO:0006688","glycosphingolipid biosynthetic process","2/459","40/18860",0.05,2.05446623093682,1.05438161004367,0.254329169453538,0.254329169453538,0.721649483300591,"B4GALNT1/PRKAA1",2
"GO:0006766","vitamin metabolic process","2/459","40/18860",0.05,2.05446623093682,1.05438161004367,0.254329169453538,0.254329169453538,0.721649483300591,"TPK1/CBR3",2
"GO:0032885","regulation of polysaccharide biosynthetic process","2/459","40/18860",0.05,2.05446623093682,1.05438161004367,0.254329169453538,0.254329169453538,0.721649483300591,"PDGFB/EPM2AIP1",2
"GO:0034110","regulation of homotypic cell-cell adhesion","2/459","40/18860",0.05,2.05446623093682,1.05438161004367,0.254329169453538,0.254329169453538,0.721649483300591,"PRKCQ/CELA2A",2
"GO:0034383","low-density lipoprotein particle clearance","2/459","40/18860",0.05,2.05446623093682,1.05438161004367,0.254329169453538,0.254329169453538,0.721649483300591,"HMOX1/ABCC8",2
"GO:0042759","long-chain fatty acid biosynthetic process","2/459","40/18860",0.05,2.05446623093682,1.05438161004367,0.254329169453538,0.254329169453538,0.721649483300591,"CYP2E1/SCP2",2
"GO:0048753","pigment granule organization","2/459","40/18860",0.05,2.05446623093682,1.05438161004367,0.254329169453538,0.254329169453538,0.721649483300591,"AP1S3/BCL2",2
"GO:0055094","response to lipoprotein particle","2/459","40/18860",0.05,2.05446623093682,1.05438161004367,0.254329169453538,0.254329169453538,0.721649483300591,"CASR/MIA3",2
"GO:0106056","regulation of calcineurin-mediated signaling","2/459","40/18860",0.05,2.05446623093682,1.05438161004367,0.254329169453538,0.254329169453538,0.721649483300591,"AKAP5/ATP2B4",2
"GO:1902110","positive regulation of mitochondrial membrane permeability involved in apoptotic process","2/459","40/18860",0.05,2.05446623093682,1.05438161004367,0.254329169453538,0.254329169453538,0.721649483300591,"HIP1R/BCL2L11",2
"GO:0015849","organic acid transport","11/459","357/18860",0.030812324929972,1.2660576213056,0.801555683649963,0.254435845145685,0.254435845145685,0.721649483300591,"SLC38A1/SLC26A1/CASR/ACE/SLC6A8/SLC16A5/SLC26A3/SLC26A8/ABCB4/SLC38A6/ABCC8",11
"GO:0030032","lamellipodium assembly","3/459","72/18860",0.0416666666666667,1.71205519244735,0.956058771989024,0.255663927595848,0.255663927595848,0.721649483300591,"ABLIM1/S1PR1/CDC42",3
"GO:0051965","positive regulation of synapse assembly","3/459","72/18860",0.0416666666666667,1.71205519244735,0.956058771989024,0.255663927595848,0.255663927595848,0.721649483300591,"CBLN1/VSTM5/RTN4RL1",3
"GO:0060042","retina morphogenesis in camera-type eye","3/459","72/18860",0.0416666666666667,1.71205519244735,0.956058771989024,0.255663927595848,0.255663927595848,0.721649483300591,"MAN2A1/VSX1/RORB",3
"GO:0000050","urea cycle","1/459","12/18860",0.0833333333333333,3.4241103848947,1.32664687672396,0.25602401481585,0.25602401481585,0.721649483300591,"AGMAT",1
"GO:0000491","small nucleolar ribonucleoprotein complex assembly","1/459","12/18860",0.0833333333333333,3.4241103848947,1.32664687672396,0.25602401481585,0.25602401481585,0.721649483300591,"PIH1D2",1
"GO:0002068","glandular epithelial cell development","1/459","12/18860",0.0833333333333333,3.4241103848947,1.32664687672396,0.25602401481585,0.25602401481585,0.721649483300591,"RARB",1
"GO:0002759","regulation of antimicrobial humoral response","1/459","12/18860",0.0833333333333333,3.4241103848947,1.32664687672396,0.25602401481585,0.25602401481585,0.721649483300591,"KLK3",1
"GO:0003163","sinoatrial node development","1/459","12/18860",0.0833333333333333,3.4241103848947,1.32664687672396,0.25602401481585,0.25602401481585,0.721649483300591,"SHOX2",1
"GO:0006474","N-terminal protein amino acid acetylation","1/459","12/18860",0.0833333333333333,3.4241103848947,1.32664687672396,0.25602401481585,0.25602401481585,0.721649483300591,"AANAT",1
"GO:0006863","purine nucleobase transport","1/459","12/18860",0.0833333333333333,3.4241103848947,1.32664687672396,0.25602401481585,0.25602401481585,0.721649483300591,"SLC28A3",1
"GO:0007343","egg activation","1/459","12/18860",0.0833333333333333,3.4241103848947,1.32664687672396,0.25602401481585,0.25602401481585,0.721649483300591,"MYH9",1
"GO:0009071","serine family amino acid catabolic process","1/459","12/18860",0.0833333333333333,3.4241103848947,1.32664687672396,0.25602401481585,0.25602401481585,0.721649483300591,"AMT",1
"GO:0009174","pyrimidine ribonucleoside monophosphate biosynthetic process","1/459","12/18860",0.0833333333333333,3.4241103848947,1.32664687672396,0.25602401481585,0.25602401481585,0.721649483300591,"UPP1",1
"GO:0009176","pyrimidine deoxyribonucleoside monophosphate metabolic process","1/459","12/18860",0.0833333333333333,3.4241103848947,1.32664687672396,0.25602401481585,0.25602401481585,0.721649483300591,"UPP1",1
"GO:0009304","tRNA transcription","1/459","12/18860",0.0833333333333333,3.4241103848947,1.32664687672396,0.25602401481585,0.25602401481585,0.721649483300591,"POLR2E",1
"GO:0009415","response to water","1/459","12/18860",0.0833333333333333,3.4241103848947,1.32664687672396,0.25602401481585,0.25602401481585,0.721649483300591,"ATP2B4",1
"GO:0009650","UV protection","1/459","12/18860",0.0833333333333333,3.4241103848947,1.32664687672396,0.25602401481585,0.25602401481585,0.721649483300591,"SCARA3",1
"GO:0016554","cytidine to uridine editing","1/459","12/18860",0.0833333333333333,3.4241103848947,1.32664687672396,0.25602401481585,0.25602401481585,0.721649483300591,"APOBEC3H",1
"GO:0032377","regulation of intracellular lipid transport","1/459","12/18860",0.0833333333333333,3.4241103848947,1.32664687672396,0.25602401481585,0.25602401481585,0.721649483300591,"SCP2",1
"GO:0032489","regulation of Cdc42 protein signal transduction","1/459","12/18860",0.0833333333333333,3.4241103848947,1.32664687672396,0.25602401481585,0.25602401481585,0.721649483300591,"ARHGEF16",1
"GO:0032957","inositol trisphosphate metabolic process","1/459","12/18860",0.0833333333333333,3.4241103848947,1.32664687672396,0.25602401481585,0.25602401481585,0.721649483300591,"SCP2",1
"GO:0034379","very-low-density lipoprotein particle assembly","1/459","12/18860",0.0833333333333333,3.4241103848947,1.32664687672396,0.25602401481585,0.25602401481585,0.721649483300591,"LPCAT3",1
"GO:0035812","renal sodium excretion","1/459","12/18860",0.0833333333333333,3.4241103848947,1.32664687672396,0.25602401481585,0.25602401481585,0.721649483300591,"MLLT6",1
"GO:0036152","phosphatidylethanolamine acyl-chain remodeling","1/459","12/18860",0.0833333333333333,3.4241103848947,1.32664687672396,0.25602401481585,0.25602401481585,0.721649483300591,"LPCAT3",1
"GO:0043335","protein unfolding","1/459","12/18860",0.0833333333333333,3.4241103848947,1.32664687672396,0.25602401481585,0.25602401481585,0.721649483300591,"PEX12",1
"GO:0043696","dedifferentiation","1/459","12/18860",0.0833333333333333,3.4241103848947,1.32664687672396,0.25602401481585,0.25602401481585,0.721649483300591,"PDGFB",1
"GO:0043697","cell dedifferentiation","1/459","12/18860",0.0833333333333333,3.4241103848947,1.32664687672396,0.25602401481585,0.25602401481585,0.721649483300591,"PDGFB",1
"GO:0044341","sodium-dependent phosphate transport","1/459","12/18860",0.0833333333333333,3.4241103848947,1.32664687672396,0.25602401481585,0.25602401481585,0.721649483300591,"SFRP4",1
"GO:0044557","relaxation of smooth muscle","1/459","12/18860",0.0833333333333333,3.4241103848947,1.32664687672396,0.25602401481585,0.25602401481585,0.721649483300591,"ABCC8",1
"GO:0045541","negative regulation of cholesterol biosynthetic process","1/459","12/18860",0.0833333333333333,3.4241103848947,1.32664687672396,0.25602401481585,0.25602401481585,0.721649483300591,"ERLIN2",1
"GO:0048548","regulation of pinocytosis","1/459","12/18860",0.0833333333333333,3.4241103848947,1.32664687672396,0.25602401481585,0.25602401481585,0.721649483300591,"CDC42",1
"GO:0048671","negative regulation of collateral sprouting","1/459","12/18860",0.0833333333333333,3.4241103848947,1.32664687672396,0.25602401481585,0.25602401481585,0.721649483300591,"BCL11A",1
"GO:0060148","positive regulation of post-transcriptional gene silencing","1/459","12/18860",0.0833333333333333,3.4241103848947,1.32664687672396,0.25602401481585,0.25602401481585,0.721649483300591,"TRIM71",1
"GO:0060272","embryonic skeletal joint morphogenesis","1/459","12/18860",0.0833333333333333,3.4241103848947,1.32664687672396,0.25602401481585,0.25602401481585,0.721649483300591,"SHOX2",1
"GO:0060502","epithelial cell proliferation involved in lung morphogenesis","1/459","12/18860",0.0833333333333333,3.4241103848947,1.32664687672396,0.25602401481585,0.25602401481585,0.721649483300591,"CDC42",1
"GO:0061309","cardiac neural crest cell development involved in outflow tract morphogenesis","1/459","12/18860",0.0833333333333333,3.4241103848947,1.32664687672396,0.25602401481585,0.25602401481585,0.721649483300591,"CDC42",1
"GO:0070828","heterochromatin organization","1/459","12/18860",0.0833333333333333,3.4241103848947,1.32664687672396,0.25602401481585,0.25602401481585,0.721649483300591,"MTHFR",1
"GO:0071166","ribonucleoprotein complex localization","1/459","12/18860",0.0833333333333333,3.4241103848947,1.32664687672396,0.25602401481585,0.25602401481585,0.721649483300591,"IWS1",1
"GO:0071872","cellular response to epinephrine stimulus","1/459","12/18860",0.0833333333333333,3.4241103848947,1.32664687672396,0.25602401481585,0.25602401481585,0.721649483300591,"ATP2B4",1
"GO:0072015","podocyte development","1/459","12/18860",0.0833333333333333,3.4241103848947,1.32664687672396,0.25602401481585,0.25602401481585,0.721649483300591,"PODXL",1
"GO:0072110","glomerular mesangial cell proliferation","1/459","12/18860",0.0833333333333333,3.4241103848947,1.32664687672396,0.25602401481585,0.25602401481585,0.721649483300591,"PDGFB",1
"GO:0090394","negative regulation of excitatory postsynaptic potential","1/459","12/18860",0.0833333333333333,3.4241103848947,1.32664687672396,0.25602401481585,0.25602401481585,0.721649483300591,"CBLN1",1
"GO:0097011","cellular response to granulocyte macrophage colony-stimulating factor stimulus","1/459","12/18860",0.0833333333333333,3.4241103848947,1.32664687672396,0.25602401481585,0.25602401481585,0.721649483300591,"ZFP36L2",1
"GO:0097012","response to granulocyte macrophage colony-stimulating factor","1/459","12/18860",0.0833333333333333,3.4241103848947,1.32664687672396,0.25602401481585,0.25602401481585,0.721649483300591,"ZFP36L2",1
"GO:0097050","type B pancreatic cell apoptotic process","1/459","12/18860",0.0833333333333333,3.4241103848947,1.32664687672396,0.25602401481585,0.25602401481585,0.721649483300591,"TCF7L2",1
"GO:0106119","negative regulation of sterol biosynthetic process","1/459","12/18860",0.0833333333333333,3.4241103848947,1.32664687672396,0.25602401481585,0.25602401481585,0.721649483300591,"ERLIN2",1
"GO:0140507","granzyme-mediated programmed cell death signaling pathway","1/459","12/18860",0.0833333333333333,3.4241103848947,1.32664687672396,0.25602401481585,0.25602401481585,0.721649483300591,"GSDMB",1
"GO:0160257","complement activation, GZMK pathway","1/459","12/18860",0.0833333333333333,3.4241103848947,1.32664687672396,0.25602401481585,0.25602401481585,0.721649483300591,"C6",1
"GO:1900370","positive regulation of post-transcriptional gene silencing by RNA","1/459","12/18860",0.0833333333333333,3.4241103848947,1.32664687672396,0.25602401481585,0.25602401481585,0.721649483300591,"TRIM71",1
"GO:1902043","positive regulation of extrinsic apoptotic signaling pathway via death domain receptors","1/459","12/18860",0.0833333333333333,3.4241103848947,1.32664687672396,0.25602401481585,0.25602401481585,0.721649483300591,"PMAIP1",1
"GO:1903365","regulation of fear response","1/459","12/18860",0.0833333333333333,3.4241103848947,1.32664687672396,0.25602401481585,0.25602401481585,0.721649483300591,"PRKAR1B",1
"GO:1904238","pericyte cell differentiation","1/459","12/18860",0.0833333333333333,3.4241103848947,1.32664687672396,0.25602401481585,0.25602401481585,0.721649483300591,"PDGFB",1
"GO:1990314","cellular response to insulin-like growth factor stimulus","1/459","12/18860",0.0833333333333333,3.4241103848947,1.32664687672396,0.25602401481585,0.25602401481585,0.721649483300591,"CACNA2D3",1
"GO:1990504","dense core granule exocytosis","1/459","12/18860",0.0833333333333333,3.4241103848947,1.32664687672396,0.25602401481585,0.25602401481585,0.721649483300591,"UNC13B",1
"GO:2000343","positive regulation of chemokine (C-X-C motif) ligand 2 production","1/459","12/18860",0.0833333333333333,3.4241103848947,1.32664687672396,0.25602401481585,0.25602401481585,0.721649483300591,"POSTN",1
"GO:2000637","positive regulation of miRNA-mediated gene silencing","1/459","12/18860",0.0833333333333333,3.4241103848947,1.32664687672396,0.25602401481585,0.25602401481585,0.721649483300591,"TRIM71",1
"GO:0006637","acyl-CoA metabolic process","4/459","106/18860",0.0377358490566038,1.55054055165043,0.897718656530523,0.258180805401219,0.258180805401219,0.721649483300591,"THEM5/TPK1/ACSM5/PDK1",4
"GO:0006721","terpenoid metabolic process","4/459","106/18860",0.0377358490566038,1.55054055165043,0.897718656530523,0.258180805401219,0.258180805401219,0.721649483300591,"PNLIP/RDH11/CYP2E1/DHRS4L1",4
"GO:0035383","thioester metabolic process","4/459","106/18860",0.0377358490566038,1.55054055165043,0.897718656530523,0.258180805401219,0.258180805401219,0.721649483300591,"THEM5/TPK1/ACSM5/PDK1",4
"GO:0007623","circadian rhythm","7/459","212/18860",0.0330188679245283,1.35672298269413,0.824950426154258,0.259167907232729,0.259167907232729,0.721649483300591,"PPP1CC/CDK1/GABRB3/PRKAA1/AANAT/RORB/KLF9",7
"GO:0044409","symbiont entry into host","5/459","141/18860",0.0354609929078014,1.45706824889136,0.860387808279462,0.259948612575563,0.259948612575563,0.721649483300591,"TRIM11/MYH9/CDK1/WWP2/CLDN1",5
"GO:0006893","Golgi to plasma membrane transport","3/459","73/18860",0.0410958904109589,1.68860238159191,0.930992523145852,0.262241038509894,0.262241038509894,0.721649483300591,"RAB31/VAMP4/ANXA13",3
"GO:0051055","negative regulation of lipid biosynthetic process","3/459","73/18860",0.0410958904109589,1.68860238159191,0.930992523145852,0.262241038509894,0.262241038509894,0.721649483300591,"PDGFB/ERLIN2/PRKAA1",3
"GO:0060113","inner ear receptor cell differentiation","3/459","73/18860",0.0410958904109589,1.68860238159191,0.930992523145852,0.262241038509894,0.262241038509894,0.721649483300591,"FZD2/RBPJ/GABRB3",3
"GO:0048592","eye morphogenesis","6/459","177/18860",0.0338983050847458,1.39285846165208,0.829362507065887,0.262608810493301,0.262608810493301,0.721649483300591,"MFAP2/MAN2A1/VSX1/BCL2/RARB/RORB",6
"GO:0062012","regulation of small molecule metabolic process","11/459","360/18860",0.0305555555555556,1.25550714112806,0.773060332524151,0.262929439801861,0.262929439801861,0.721649483300591,"TCF7L2/TPK1/SLC4A4/PMAIP1/ERLIN2/PDK1/PRKAA1/TFF3/EPM2AIP1/LPCAT3/ATP2B4",11
"GO:0003203","endocardial cushion morphogenesis","2/459","41/18860",0.0487804878048781,2.00435729847495,1.01677967775296,0.263401928227355,0.263401928227355,0.721649483300591,"MDM2/RBPJ",2
"GO:0009167","purine ribonucleoside monophosphate metabolic process","2/459","41/18860",0.0487804878048781,2.00435729847495,1.01677967775296,0.263401928227355,0.263401928227355,0.721649483300591,"NT5DC4/TJP2",2
"GO:0010669","epithelial structure maintenance","2/459","41/18860",0.0487804878048781,2.00435729847495,1.01677967775296,0.263401928227355,0.263401928227355,0.721649483300591,"PBLD/TFF3",2
"GO:0017158","regulation of calcium ion-dependent exocytosis","2/459","41/18860",0.0487804878048781,2.00435729847495,1.01677967775296,0.263401928227355,0.263401928227355,0.721649483300591,"HYAL3/SYT17",2
"GO:0033028","myeloid cell apoptotic process","2/459","41/18860",0.0487804878048781,2.00435729847495,1.01677967775296,0.263401928227355,0.263401928227355,0.721649483300591,"APOH/BCL2",2
"GO:0033260","nuclear DNA replication","2/459","41/18860",0.0487804878048781,2.00435729847495,1.01677967775296,0.263401928227355,0.263401928227355,0.721649483300591,"CDK1/RECQL5",2
"GO:0034368","protein-lipid complex remodeling","2/459","41/18860",0.0487804878048781,2.00435729847495,1.01677967775296,0.263401928227355,0.263401928227355,0.721649483300591,"PNLIP/APOH",2
"GO:0034369","plasma lipoprotein particle remodeling","2/459","41/18860",0.0487804878048781,2.00435729847495,1.01677967775296,0.263401928227355,0.263401928227355,0.721649483300591,"PNLIP/APOH",2
"GO:0035886","vascular associated smooth muscle cell differentiation","2/459","41/18860",0.0487804878048781,2.00435729847495,1.01677967775296,0.263401928227355,0.263401928227355,0.721649483300591,"PDGFB/FGF9",2
"GO:0060306","regulation of membrane repolarization","2/459","41/18860",0.0487804878048781,2.00435729847495,1.01677967775296,0.263401928227355,0.263401928227355,0.721649483300591,"KCNH2/KCNH6",2
"GO:0070306","lens fiber cell differentiation","2/459","41/18860",0.0487804878048781,2.00435729847495,1.01677967775296,0.263401928227355,0.263401928227355,0.721649483300591,"CDKN1C/WNT5B",2
"GO:0006942","regulation of striated muscle contraction","4/459","107/18860",0.0373831775700935,1.53604951845743,0.878226186647573,0.263542058947454,0.263542058947454,0.721649483300591,"STC1/GNAS/JPH4/MYBPC3",4
"GO:0032388","positive regulation of intracellular transport","5/459","142/18860",0.0352112676056338,1.44680720488508,0.844072164874435,0.264568610237211,0.264568610237211,0.721649483300591,"AKAP5/MDM2/CDK1/OAZ3/SCP2",5
"GO:1901379","regulation of potassium ion transmembrane transport","3/459","74/18860",0.0405405405405405,1.66578343048931,0.906309732617634,0.268839282929787,0.268839282929787,0.721649483300591,"KCNH2/WWP2/KCNIP1",3
"GO:0010507","negative regulation of autophagy","4/459","108/18860",0.037037037037037,1.52182683773098,0.858933323629091,0.268924132821081,0.268924132821081,0.721649483300591,"HMOX1/BCL2/BMF/DAPL1",4
"GO:0014897","striated muscle hypertrophy","4/459","108/18860",0.037037037037037,1.52182683773098,0.858933323629091,0.268924132821081,0.268924132821081,0.721649483300591,"TTN/MYH6/MYOC/ATP2B4",4
"GO:0001508","action potential","6/459","179/18860",0.0335195530726257,1.37729579727608,0.801038487659631,0.270859289640304,0.270859289640304,0.721649483300591,"NRCAM/KCNH2/KCNH6/GPRIN3/ABCC8/CLDN19",6
"GO:0030258","lipid modification","6/459","179/18860",0.0335195530726257,1.37729579727608,0.801038487659631,0.270859289640304,0.270859289640304,0.721649483300591,"HAO2/PRKAA1/INPP5A/CYP2E1/LPCAT3/SCP2",6
"GO:0051048","negative regulation of secretion","6/459","179/18860",0.0335195530726257,1.37729579727608,0.801038487659631,0.270859289640304,0.270859289640304,0.721649483300591,"CRHBP/NRG1/ATP9A/ACVR1C/WDR41/ABCC8",6
"GO:1903034","regulation of response to wounding","6/459","179/18860",0.0335195530726257,1.37729579727608,0.801038487659631,0.270859289640304,0.270859289640304,0.721649483300591,"PDGFB/APOH/ANGPT1/RTN4RL1/F2/CLDN1",6
"GO:0007162","negative regulation of cell adhesion","10/459","326/18860",0.0306748466257669,1.26040873063609,0.749073997340171,0.272393631216954,0.272393631216954,0.721649483300591,"POSTN/PODXL/ANGPT1/DAPL1/PRKAA1/MYOC/ADAM22/GCNT2/MIA3/FGL1",10
"GO:0016486","peptide hormone processing","2/459","42/18860",0.0476190476190476,1.95663450565411,0.980232088287194,0.272475675319122,0.272475675319122,0.721649483300591,"ACE/SLC30A8",2
"GO:0033144","negative regulation of intracellular steroid hormone receptor signaling pathway","2/459","42/18860",0.0476190476190476,1.95663450565411,0.980232088287194,0.272475675319122,0.272475675319122,0.721649483300591,"TCF7L2/STRN3",2
"GO:0045740","positive regulation of DNA replication","2/459","42/18860",0.0476190476190476,1.95663450565411,0.980232088287194,0.272475675319122,0.272475675319122,0.721649483300591,"CDK1/SMARCA5",2
"GO:0045981","positive regulation of nucleotide metabolic process","2/459","42/18860",0.0476190476190476,1.95663450565411,0.980232088287194,0.272475675319122,0.272475675319122,0.721649483300591,"SLC4A4/PRKAA1",2
"GO:0046676","negative regulation of insulin secretion","2/459","42/18860",0.0476190476190476,1.95663450565411,0.980232088287194,0.272475675319122,0.272475675319122,0.721649483300591,"ACVR1C/ABCC8",2
"GO:0051702","biological process involved in interaction with symbiont","2/459","42/18860",0.0476190476190476,1.95663450565411,0.980232088287194,0.272475675319122,0.272475675319122,0.721649483300591,"GSDMB/F2",2
"GO:0099622","cardiac muscle cell membrane repolarization","2/459","42/18860",0.0476190476190476,1.95663450565411,0.980232088287194,0.272475675319122,0.272475675319122,0.721649483300591,"KCNH2/KCNH6",2
"GO:1900544","positive regulation of purine nucleotide metabolic process","2/459","42/18860",0.0476190476190476,1.95663450565411,0.980232088287194,0.272475675319122,0.272475675319122,0.721649483300591,"SLC4A4/PRKAA1",2
"GO:1902686","mitochondrial outer membrane permeabilization involved in programmed cell death","2/459","42/18860",0.0476190476190476,1.95663450565411,0.980232088287194,0.272475675319122,0.272475675319122,0.721649483300591,"HIP1R/BCL2L11",2
"GO:1903170","negative regulation of calcium ion transmembrane transport","2/459","42/18860",0.0476190476190476,1.95663450565411,0.980232088287194,0.272475675319122,0.272475675319122,0.721649483300591,"BCL2/UBR3",2
"GO:0009261","ribonucleotide catabolic process","5/459","144/18860",0.0347222222222222,1.42671266037279,0.811811532421744,0.273863555001361,0.273863555001361,0.721649483300591,"SLC4A4/NUDT4/PRKAA1/PGAM4/UPP1",5
"GO:1904950","negative regulation of establishment of protein localization","5/459","144/18860",0.0347222222222222,1.42671266037279,0.811811532421744,0.273863555001361,0.273863555001361,0.721649483300591,"ANGPT1/ANXA13/WWP2/ACVR1C/ABCC8",5
"GO:0002003","angiotensin maturation","1/459","13/18860",0.0769230769230769,3.16071727836434,1.23081694325862,0.274141851042481,0.274141851042481,0.721649483300591,"ACE",1
"GO:0006054","N-acetylneuraminate metabolic process","1/459","13/18860",0.0769230769230769,3.16071727836434,1.23081694325862,0.274141851042481,0.274141851042481,0.721649483300591,"CMAS",1
"GO:0006388","tRNA splicing, via endonucleolytic cleavage and ligation","1/459","13/18860",0.0769230769230769,3.16071727836434,1.23081694325862,0.274141851042481,0.274141851042481,0.721649483300591,"ZBTB8OS",1
"GO:0006521","regulation of amino acid metabolic process","1/459","13/18860",0.0769230769230769,3.16071727836434,1.23081694325862,0.274141851042481,0.274141851042481,0.721649483300591,"ATP2B4",1
"GO:0006544","glycine metabolic process","1/459","13/18860",0.0769230769230769,3.16071727836434,1.23081694325862,0.274141851042481,0.274141851042481,0.721649483300591,"AMT",1
"GO:0006787","porphyrin-containing compound catabolic process","1/459","13/18860",0.0769230769230769,3.16071727836434,1.23081694325862,0.274141851042481,0.274141851042481,0.721649483300591,"HMOX1",1
"GO:0009120","deoxyribonucleoside metabolic process","1/459","13/18860",0.0769230769230769,3.16071727836434,1.23081694325862,0.274141851042481,0.274141851042481,0.721649483300591,"CDK1",1
"GO:0009164","nucleoside catabolic process","1/459","13/18860",0.0769230769230769,3.16071727836434,1.23081694325862,0.274141851042481,0.274141851042481,0.721649483300591,"UPP1",1
"GO:0009170","purine deoxyribonucleoside monophosphate metabolic process","1/459","13/18860",0.0769230769230769,3.16071727836434,1.23081694325862,0.274141851042481,0.274141851042481,0.721649483300591,"NT5DC4",1
"GO:0010572","positive regulation of platelet activation","1/459","13/18860",0.0769230769230769,3.16071727836434,1.23081694325862,0.274141851042481,0.274141851042481,0.721649483300591,"SVEP1",1
"GO:0010917","negative regulation of mitochondrial membrane potential","1/459","13/18860",0.0769230769230769,3.16071727836434,1.23081694325862,0.274141851042481,0.274141851042481,0.721649483300591,"PMAIP1",1
"GO:0014842","regulation of skeletal muscle satellite cell proliferation","1/459","13/18860",0.0769230769230769,3.16071727836434,1.23081694325862,0.274141851042481,0.274141851042481,0.721649483300591,"ANGPT1",1
"GO:0015851","nucleobase transport","1/459","13/18860",0.0769230769230769,3.16071727836434,1.23081694325862,0.274141851042481,0.274141851042481,0.721649483300591,"SLC28A3",1
"GO:0016081","synaptic vesicle docking","1/459","13/18860",0.0769230769230769,3.16071727836434,1.23081694325862,0.274141851042481,0.274141851042481,0.721649483300591,"UNC13B",1
"GO:0021670","lateral ventricle development","1/459","13/18860",0.0769230769230769,3.16071727836434,1.23081694325862,0.274141851042481,0.274141851042481,0.721649483300591,"UCHL5",1
"GO:0021681","cerebellar granular layer development","1/459","13/18860",0.0769230769230769,3.16071727836434,1.23081694325862,0.274141851042481,0.274141851042481,0.721649483300591,"CBLN1",1
"GO:0021794","thalamus development","1/459","13/18860",0.0769230769230769,3.16071727836434,1.23081694325862,0.274141851042481,0.274141851042481,0.721649483300591,"CNTNAP2",1
"GO:0030213","hyaluronan biosynthetic process","1/459","13/18860",0.0769230769230769,3.16071727836434,1.23081694325862,0.274141851042481,0.274141851042481,0.721649483300591,"PDGFB",1
"GO:0031272","regulation of pseudopodium assembly","1/459","13/18860",0.0769230769230769,3.16071727836434,1.23081694325862,0.274141851042481,0.274141851042481,0.721649483300591,"CDC42",1
"GO:0031274","positive regulation of pseudopodium assembly","1/459","13/18860",0.0769230769230769,3.16071727836434,1.23081694325862,0.274141851042481,0.274141851042481,0.721649483300591,"CDC42",1
"GO:0032490","detection of molecule of bacterial origin","1/459","13/18860",0.0769230769230769,3.16071727836434,1.23081694325862,0.274141851042481,0.274141851042481,0.721649483300591,"LBP",1
"GO:0033015","tetrapyrrole catabolic process","1/459","13/18860",0.0769230769230769,3.16071727836434,1.23081694325862,0.274141851042481,0.274141851042481,0.721649483300591,"HMOX1",1
"GO:0034116","positive regulation of heterotypic cell-cell adhesion","1/459","13/18860",0.0769230769230769,3.16071727836434,1.23081694325862,0.274141851042481,0.274141851042481,0.721649483300591,"GCNT2",1
"GO:0035881","amacrine cell differentiation","1/459","13/18860",0.0769230769230769,3.16071727836434,1.23081694325862,0.274141851042481,0.274141851042481,0.721649483300591,"RORB",1
"GO:0036302","atrioventricular canal development","1/459","13/18860",0.0769230769230769,3.16071727836434,1.23081694325862,0.274141851042481,0.274141851042481,0.721649483300591,"RBPJ",1
"GO:0040015","negative regulation of multicellular organism growth","1/459","13/18860",0.0769230769230769,3.16071727836434,1.23081694325862,0.274141851042481,0.274141851042481,0.721649483300591,"GNAS",1
"GO:0042117","monocyte activation","1/459","13/18860",0.0769230769230769,3.16071727836434,1.23081694325862,0.274141851042481,0.274141851042481,0.721649483300591,"MT1G",1
"GO:0043568","positive regulation of insulin-like growth factor receptor signaling pathway","1/459","13/18860",0.0769230769230769,3.16071727836434,1.23081694325862,0.274141851042481,0.274141851042481,0.721649483300591,"CDH3",1
"GO:0044828","host-mediated suppression of viral genome replication","1/459","13/18860",0.0769230769230769,3.16071727836434,1.23081694325862,0.274141851042481,0.274141851042481,0.721649483300591,"APOBEC3H",1
"GO:0045006","DNA deamination","1/459","13/18860",0.0769230769230769,3.16071727836434,1.23081694325862,0.274141851042481,0.274141851042481,0.721649483300591,"APOBEC3H",1
"GO:0048853","forebrain morphogenesis","1/459","13/18860",0.0769230769230769,3.16071727836434,1.23081694325862,0.274141851042481,0.274141851042481,0.721649483300591,"UCHL5",1
"GO:0055015","ventricular cardiac muscle cell development","1/459","13/18860",0.0769230769230769,3.16071727836434,1.23081694325862,0.274141851042481,0.274141851042481,0.721649483300591,"CDK1",1
"GO:0060081","membrane hyperpolarization","1/459","13/18860",0.0769230769230769,3.16071727836434,1.23081694325862,0.274141851042481,0.274141851042481,0.721649483300591,"SLC26A3",1
"GO:0060100","positive regulation of phagocytosis, engulfment","1/459","13/18860",0.0769230769230769,3.16071727836434,1.23081694325862,0.274141851042481,0.274141851042481,0.721649483300591,"RAB31",1
"GO:0060213","positive regulation of nuclear-transcribed mRNA poly(A) tail shortening","1/459","13/18860",0.0769230769230769,3.16071727836434,1.23081694325862,0.274141851042481,0.274141851042481,0.721649483300591,"CPEB3",1
"GO:0060788","ectodermal placode formation","1/459","13/18860",0.0769230769230769,3.16071727836434,1.23081694325862,0.274141851042481,0.274141851042481,0.721649483300591,"GNAS",1
"GO:0061303","cornea development in camera-type eye","1/459","13/18860",0.0769230769230769,3.16071727836434,1.23081694325862,0.274141851042481,0.274141851042481,0.721649483300591,"PRICKLE1",1
"GO:0061523","cilium disassembly","1/459","13/18860",0.0769230769230769,3.16071727836434,1.23081694325862,0.274141851042481,0.274141851042481,0.721649483300591,"CDK1",1
"GO:0070170","regulation of tooth mineralization","1/459","13/18860",0.0769230769230769,3.16071727836434,1.23081694325862,0.274141851042481,0.274141851042481,0.721649483300591,"AMTN",1
"GO:0071415","cellular response to purine-containing compound","1/459","13/18860",0.0769230769230769,3.16071727836434,1.23081694325862,0.274141851042481,0.274141851042481,0.721649483300591,"RYR1",1
"GO:0071697","ectodermal placode morphogenesis","1/459","13/18860",0.0769230769230769,3.16071727836434,1.23081694325862,0.274141851042481,0.274141851042481,0.721649483300591,"GNAS",1
"GO:0072310","glomerular epithelial cell development","1/459","13/18860",0.0769230769230769,3.16071727836434,1.23081694325862,0.274141851042481,0.274141851042481,0.721649483300591,"PODXL",1
"GO:0086100","endothelin receptor signaling pathway","1/459","13/18860",0.0769230769230769,3.16071727836434,1.23081694325862,0.274141851042481,0.274141851042481,0.721649483300591,"CDC42",1
"GO:0097048","dendritic cell apoptotic process","1/459","13/18860",0.0769230769230769,3.16071727836434,1.23081694325862,0.274141851042481,0.274141851042481,0.721649483300591,"BCL2",1
"GO:0106072","negative regulation of adenylate cyclase-activating G protein-coupled receptor signaling pathway","1/459","13/18860",0.0769230769230769,3.16071727836434,1.23081694325862,0.274141851042481,0.274141851042481,0.721649483300591,"ATP2B4",1
"GO:0110095","cellular detoxification of aldehyde","1/459","13/18860",0.0769230769230769,3.16071727836434,1.23081694325862,0.274141851042481,0.274141851042481,0.721649483300591,"RDH11",1
"GO:0120180","cell-substrate junction disassembly","1/459","13/18860",0.0769230769230769,3.16071727836434,1.23081694325862,0.274141851042481,0.274141851042481,0.721649483300591,"PRICKLE1",1
"GO:0120181","focal adhesion disassembly","1/459","13/18860",0.0769230769230769,3.16071727836434,1.23081694325862,0.274141851042481,0.274141851042481,0.721649483300591,"PRICKLE1",1
"GO:1900103","positive regulation of endoplasmic reticulum unfolded protein response","1/459","13/18860",0.0769230769230769,3.16071727836434,1.23081694325862,0.274141851042481,0.274141851042481,0.721649483300591,"BCL2L11",1
"GO:1900426","positive regulation of defense response to bacterium","1/459","13/18860",0.0769230769230769,3.16071727836434,1.23081694325862,0.274141851042481,0.274141851042481,0.721649483300591,"KLK3",1
"GO:1904179","positive regulation of adipose tissue development","1/459","13/18860",0.0769230769230769,3.16071727836434,1.23081694325862,0.274141851042481,0.274141851042481,0.721649483300591,"PRKAA1",1
"GO:1904181","positive regulation of membrane depolarization","1/459","13/18860",0.0769230769230769,3.16071727836434,1.23081694325862,0.274141851042481,0.274141851042481,0.721649483300591,"MYOC",1
"GO:1905155","positive regulation of membrane invagination","1/459","13/18860",0.0769230769230769,3.16071727836434,1.23081694325862,0.274141851042481,0.274141851042481,0.721649483300591,"RAB31",1
"GO:2000668","regulation of dendritic cell apoptotic process","1/459","13/18860",0.0769230769230769,3.16071727836434,1.23081694325862,0.274141851042481,0.274141851042481,0.721649483300591,"BCL2",1
"GO:0050829","defense response to Gram-negative bacterium","4/459","109/18860",0.036697247706422,1.50786512362335,0.839835797380968,0.274325657997774,0.274325657997774,0.721649483300591,"LBP/PRB3/GSDMB/F2",4
"GO:0006414","translational elongation","3/459","75/18860",0.04,1.64357298474946,0.881998401014361,0.275456201184538,0.275456201184538,0.721649483300591,"CPEB3/SECISBP2L/HBS1L",3
"GO:0030858","positive regulation of epithelial cell differentiation","3/459","75/18860",0.04,1.64357298474946,0.881998401014361,0.275456201184538,0.275456201184538,0.721649483300591,"ETV2/SFRP4/ATOH8",3
"GO:1902893","regulation of miRNA transcription","3/459","75/18860",0.04,1.64357298474946,0.881998401014361,0.275456201184538,0.275456201184538,0.721649483300591,"PDGFB/ATOH8/MYB",3
"GO:0051897","positive regulation of phosphatidylinositol 3-kinase/protein kinase B signal transduction","7/459","217/18860",0.032258064516129,1.32546208447537,0.761583154185165,0.277934488093212,0.277934488093212,0.721649483300591,"TCF7L2/PDGFB/ANGPT1/CDC42/F2/MYOC/GCNT2",7
"GO:0038127","ERBB signaling pathway","5/459","145/18860",0.0344827586206897,1.41687326271505,0.795862583076462,0.278536754738408,0.278536754738408,0.721649483300591,"NRG1/RBPJ/HIP1R/PRICKLE1/MYOC",5
"GO:0050770","regulation of axonogenesis","5/459","145/18860",0.0344827586206897,1.41687326271505,0.795862583076462,0.278536754738408,0.278536754738408,0.721649483300591,"BCL11A/MAP6/MCF2/MT3/SHOX2",5
"GO:0051962","positive regulation of nervous system development","9/459","291/18860",0.0309278350515464,1.27080385418772,0.735278789056882,0.279189967149755,0.279189967149755,0.721649483300591,"BCL11A/MAP6/PPP1CC/MAN2A1/CBLN1/VSTM5/RTN4RL1/SHOX2/MYB",9
"GO:0001676","long-chain fatty acid metabolic process","4/459","110/18860",0.0363636363636364,1.49415725886314,0.820929469578722,0.279745276979088,0.279745276979088,0.721649483300591,"CYP2B6/AIG1/CYP2E1/SCP2",4
"GO:0014013","regulation of gliogenesis","4/459","110/18860",0.0363636363636364,1.49415725886314,0.820929469578722,0.279745276979088,0.279745276979088,0.721649483300591,"PPP1CC/F2/MYB/ABCC8",4
"GO:0014896","muscle hypertrophy","4/459","110/18860",0.0363636363636364,1.49415725886314,0.820929469578722,0.279745276979088,0.279745276979088,0.721649483300591,"TTN/MYH6/MYOC/ATP2B4",4
"GO:0035249","synaptic transmission, glutamatergic","4/459","110/18860",0.0363636363636364,1.49415725886314,0.820929469578722,0.279745276979088,0.279745276979088,0.721649483300591,"GRIA3/GRIN2A/ABCC8/UNC13B",4
"GO:0018193","peptidyl-amino acid modification","12/459","404/18860",0.0297029702970297,1.22047498867534,0.707499571438418,0.281224255390267,0.281224255390267,0.721649483300591,"PDGFB/BCL11A/DOK7/MDM2/NRG1/ANGPT1/CDK1/HHAT/ENPP2/ARAF/SMG1/AGBL4",12
"GO:0001953","negative regulation of cell-matrix adhesion","2/459","43/18860",0.0465116279069767,1.91113137761565,0.944680604568945,0.281545000426609,0.281545000426609,0.721649483300591,"POSTN/MYOC",2
"GO:0006040","amino sugar metabolic process","2/459","43/18860",0.0465116279069767,1.91113137761565,0.944680604568945,0.281545000426609,0.281545000426609,0.721649483300591,"OVGP1/CMAS",2
"GO:0006346","DNA methylation-dependent constitutive heterochromatin formation","2/459","43/18860",0.0465116279069767,1.91113137761565,0.944680604568945,0.281545000426609,0.281545000426609,0.721649483300591,"TDRD9/SMARCA5",2
"GO:0009268","response to pH","2/459","43/18860",0.0465116279069767,1.91113137761565,0.944680604568945,0.281545000426609,0.281545000426609,0.721649483300591,"GNAS/ABCC8",2
"GO:0009303","rRNA transcription","2/459","43/18860",0.0465116279069767,1.91113137761565,0.944680604568945,0.281545000426609,0.281545000426609,0.721649483300591,"POLR2E/TAF1B",2
"GO:0032965","regulation of collagen biosynthetic process","2/459","43/18860",0.0465116279069767,1.91113137761565,0.944680604568945,0.281545000426609,0.281545000426609,0.721649483300591,"F2/MYB",2
"GO:0034367","protein-containing complex remodeling","2/459","43/18860",0.0465116279069767,1.91113137761565,0.944680604568945,0.281545000426609,0.281545000426609,0.721649483300591,"PNLIP/APOH",2
"GO:0045746","negative regulation of Notch signaling pathway","2/459","43/18860",0.0465116279069767,1.91113137761565,0.944680604568945,0.281545000426609,0.281545000426609,0.721649483300591,"WWP2/CHAC1",2
"GO:0048873","homeostasis of number of cells within a tissue","2/459","43/18860",0.0465116279069767,1.91113137761565,0.944680604568945,0.281545000426609,0.281545000426609,0.721649483300591,"XIAP/BCL2",2
"GO:0061001","regulation of dendritic spine morphogenesis","2/459","43/18860",0.0465116279069767,1.91113137761565,0.944680604568945,0.281545000426609,0.281545000426609,0.721649483300591,"PPFIA2/NGEF",2
"GO:0090329","regulation of DNA-templated DNA replication","2/459","43/18860",0.0465116279069767,1.91113137761565,0.944680604568945,0.281545000426609,0.281545000426609,0.721649483300591,"MCM5/MCM7",2
"GO:1902305","regulation of sodium ion transmembrane transport","2/459","43/18860",0.0465116279069767,1.91113137761565,0.944680604568945,0.281545000426609,0.281545000426609,0.721649483300591,"WNK2/ATP2B4",2
"GO:1903115","regulation of actin filament-based movement","2/459","43/18860",0.0465116279069767,1.91113137761565,0.944680604568945,0.281545000426609,0.281545000426609,0.721649483300591,"STC1/MYBPC3",2
"GO:0098739","import across plasma membrane","7/459","218/18860",0.0321100917431193,1.31938198317043,0.749095811250709,0.281729346594427,0.281729346594427,0.721649483300591,"SLC38A1/AKAP5/KCNH2/KCNK5/SLC30A8/ATP2B4/ABCC8",7
"GO:0006406","mRNA export from nucleus","3/459","76/18860",0.0394736842105263,1.6219470244238,0.858047066906607,0.282089380602575,0.282089380602575,0.721649483300591,"NXF2/SMG1/IWS1",3
"GO:0006801","superoxide metabolic process","3/459","76/18860",0.0394736842105263,1.6219470244238,0.858047066906607,0.282089380602575,0.282089380602575,0.721649483300591,"MB/MT3/NQO1",3
"GO:0061614","miRNA transcription","3/459","76/18860",0.0394736842105263,1.6219470244238,0.858047066906607,0.282089380602575,0.282089380602575,0.721649483300591,"PDGFB/ATOH8/MYB",3
"GO:1903036","positive regulation of response to wounding","3/459","76/18860",0.0394736842105263,1.6219470244238,0.858047066906607,0.282089380602575,0.282089380602575,0.721649483300591,"APOH/F2/CLDN1",3
"GO:0008654","phospholipid biosynthetic process","8/459","255/18860",0.0313725490196078,1.28907685078389,0.734029523774501,0.282626545504813,0.282626545504813,0.721649483300591,"PDGFB/AGPAT4/IP6K3/PRKAA1/ETNK1/SMG1/LPCAT3/SCP2",8
"GO:0031333","negative regulation of protein-containing complex assembly","5/459","146/18860",0.0342465753424658,1.40716865132659,0.780031981359144,0.283225946120806,0.283225946120806,0.721649483300591,"BCL11A/TRIM11/HIP1R/CDC42/SSH1",5
"GO:0090100","positive regulation of transmembrane receptor protein serine/threonine kinase signaling pathway","4/459","111/18860",0.036036036036036,1.48069638265717,0.802210328413063,0.285181644440245,0.285181644440245,0.721649483300591,"RBPJ/CDKN1C/FGF9/ATOH8",4
"GO:0070371","ERK1 and ERK2 cascade","10/459","331/18860",0.0302114803625378,1.24136932382889,0.699705101597752,0.287742455810415,0.287742455810415,0.721649483300591,"PDGFB/CASR/WNK2/NRG1/APIP/ANGPT1/CDK1/MT3/ZFP36L2/GCNT2",10
"GO:0007200","phospholipase C-activating G protein-coupled receptor signaling pathway","5/459","147/18860",0.0340136054421769,1.39759607546722,0.764317859907396,0.287930263539947,0.287930263539947,0.721649483300591,"CASR/S1PR1/P2RY2/INPP5A/F2",5
"GO:0003281","ventricular septum development","3/459","77/18860",0.038961038961039,1.60088277735337,0.834444775820461,0.288736456132933,0.288736456132933,0.721649483300591,"MDM2/FZD2/RBPJ",3
"GO:0016126","sterol biosynthetic process","3/459","77/18860",0.038961038961039,1.60088277735337,0.834444775820461,0.288736456132933,0.288736456132933,0.721649483300591,"ERLIN2/PRKAA1/LPCAT3",3
"GO:0048872","homeostasis of number of cells","11/459","369/18860",0.029810298102981,1.22488501573469,0.689030526556371,0.288951407055655,0.288951407055655,0.721649483300591,"XIAP/ETV2/HMOX1/PMAIP1/SPRR2A/MB/BCL2/SLC40A1/MYB/LPCAT3/BCL2L11",11
"GO:0001941","postsynaptic membrane organization","2/459","44/18860",0.0454545454545455,1.86769657357893,0.910071530949209,0.290604754886051,0.290604754886051,0.721649483300591,"DOK7/SSH1",2
"GO:0009126","purine nucleoside monophosphate metabolic process","2/459","44/18860",0.0454545454545455,1.86769657357893,0.910071530949209,0.290604754886051,0.290604754886051,0.721649483300591,"NT5DC4/TJP2",2
"GO:0014808","release of sequestered calcium ion into cytosol by sarcoplasmic reticulum","2/459","44/18860",0.0454545454545455,1.86769657357893,0.910071530949209,0.290604754886051,0.290604754886051,0.721649483300591,"RYR1/JPH4",2
"GO:0035196","miRNA processing","2/459","44/18860",0.0454545454545455,1.86769657357893,0.910071530949209,0.290604754886051,0.290604754886051,0.721649483300591,"TRIM71/ZC3H7B",2
"GO:0035794","positive regulation of mitochondrial membrane permeability","2/459","44/18860",0.0454545454545455,1.86769657357893,0.910071530949209,0.290604754886051,0.290604754886051,0.721649483300591,"HIP1R/BCL2L11",2
"GO:0045454","cell redox homeostasis","2/459","44/18860",0.0454545454545455,1.86769657357893,0.910071530949209,0.290604754886051,0.290604754886051,0.721649483300591,"BOLA3/NQO1",2
"GO:0045940","positive regulation of steroid metabolic process","2/459","44/18860",0.0454545454545455,1.86769657357893,0.910071530949209,0.290604754886051,0.290604754886051,0.721649483300591,"PRKAA1/SCP2",2
"GO:0051938","L-glutamate import","2/459","44/18860",0.0454545454545455,1.86769657357893,0.910071530949209,0.290604754886051,0.290604754886051,0.721649483300591,"SLC38A6/ABCC8",2
"GO:0098703","calcium ion import across plasma membrane","2/459","44/18860",0.0454545454545455,1.86769657357893,0.910071530949209,0.290604754886051,0.290604754886051,0.721649483300591,"AKAP5/ATP2B4",2
"GO:1900026","positive regulation of substrate adhesion-dependent cell spreading","2/459","44/18860",0.0454545454545455,1.86769657357893,0.910071530949209,0.290604754886051,0.290604754886051,0.721649483300591,"CDC42/MYOC",2
"GO:1902656","calcium ion import into cytosol","2/459","44/18860",0.0454545454545455,1.86769657357893,0.910071530949209,0.290604754886051,0.290604754886051,0.721649483300591,"AKAP5/ATP2B4",2
"GO:2000378","negative regulation of reactive oxygen species metabolic process","2/459","44/18860",0.0454545454545455,1.86769657357893,0.910071530949209,0.290604754886051,0.290604754886051,0.721649483300591,"CA3/MT3",2
"GO:0000394","RNA splicing, via endonucleolytic cleavage and ligation","1/459","14/18860",0.0714285714285714,2.93495175848117,1.14385118549976,0.291819406641329,0.291819406641329,0.721649483300591,"ZBTB8OS",1
"GO:0001696","gastric acid secretion","1/459","14/18860",0.0714285714285714,2.93495175848117,1.14385118549976,0.291819406641329,0.291819406641329,0.721649483300591,"HIP1R",1
"GO:0002002","regulation of angiotensin levels in blood","1/459","14/18860",0.0714285714285714,2.93495175848117,1.14385118549976,0.291819406641329,0.291819406641329,0.721649483300591,"ACE",1
"GO:0002835","negative regulation of response to tumor cell","1/459","14/18860",0.0714285714285714,2.93495175848117,1.14385118549976,0.291819406641329,0.291819406641329,0.721649483300591,"PRKAA1",1
"GO:0002838","negative regulation of immune response to tumor cell","1/459","14/18860",0.0714285714285714,2.93495175848117,1.14385118549976,0.291819406641329,0.291819406641329,0.721649483300591,"PRKAA1",1
"GO:0006000","fructose metabolic process","1/459","14/18860",0.0714285714285714,2.93495175848117,1.14385118549976,0.291819406641329,0.291819406641329,0.721649483300591,"SORD",1
"GO:0006448","regulation of translational elongation","1/459","14/18860",0.0714285714285714,2.93495175848117,1.14385118549976,0.291819406641329,0.291819406641329,0.721649483300591,"CPEB3",1
"GO:0006568","L-tryptophan metabolic process","1/459","14/18860",0.0714285714285714,2.93495175848117,1.14385118549976,0.291819406641329,0.291819406641329,0.721649483300591,"HAAO",1
"GO:0007512","adult heart development","1/459","14/18860",0.0714285714285714,2.93495175848117,1.14385118549976,0.291819406641329,0.291819406641329,0.721649483300591,"MYH6",1
"GO:0007567","parturition","1/459","14/18860",0.0714285714285714,2.93495175848117,1.14385118549976,0.291819406641329,0.291819406641329,0.721649483300591,"PTGFR",1
"GO:0009950","dorsal/ventral axis specification","1/459","14/18860",0.0714285714285714,2.93495175848117,1.14385118549976,0.291819406641329,0.291819406641329,0.721649483300591,"WNT8A",1
"GO:0016024","CDP-diacylglycerol biosynthetic process","1/459","14/18860",0.0714285714285714,2.93495175848117,1.14385118549976,0.291819406641329,0.291819406641329,0.721649483300591,"AGPAT4",1
"GO:0019627","urea metabolic process","1/459","14/18860",0.0714285714285714,2.93495175848117,1.14385118549976,0.291819406641329,0.291819406641329,0.721649483300591,"AGMAT",1
"GO:0021781","glial cell fate commitment","1/459","14/18860",0.0714285714285714,2.93495175848117,1.14385118549976,0.291819406641329,0.291819406641329,0.721649483300591,"NFIA",1
"GO:0030238","male sex determination","1/459","14/18860",0.0714285714285714,2.93495175848117,1.14385118549976,0.291819406641329,0.291819406641329,0.721649483300591,"FGF9",1
"GO:0031223","auditory behavior","1/459","14/18860",0.0714285714285714,2.93495175848117,1.14385118549976,0.291819406641329,0.291819406641329,0.721649483300591,"CNTNAP2",1
"GO:0033540","fatty acid beta-oxidation using acyl-CoA oxidase","1/459","14/18860",0.0714285714285714,2.93495175848117,1.14385118549976,0.291819406641329,0.291819406641329,0.721649483300591,"SCP2",1
"GO:0033689","negative regulation of osteoblast proliferation","1/459","14/18860",0.0714285714285714,2.93495175848117,1.14385118549976,0.291819406641329,0.291819406641329,0.721649483300591,"BCL2",1
"GO:0034145","positive regulation of toll-like receptor 4 signaling pathway","1/459","14/18860",0.0714285714285714,2.93495175848117,1.14385118549976,0.291819406641329,0.291819406641329,0.721649483300591,"LBP",1
"GO:0035435","phosphate ion transmembrane transport","1/459","14/18860",0.0714285714285714,2.93495175848117,1.14385118549976,0.291819406641329,0.291819406641329,0.721649483300591,"SLC37A1",1
"GO:0035589","G protein-coupled purinergic nucleotide receptor signaling pathway","1/459","14/18860",0.0714285714285714,2.93495175848117,1.14385118549976,0.291819406641329,0.291819406641329,0.721649483300591,"P2RY2",1
"GO:0035865","cellular response to potassium ion","1/459","14/18860",0.0714285714285714,2.93495175848117,1.14385118549976,0.291819406641329,0.291819406641329,0.721649483300591,"CRHBP",1
"GO:0042074","cell migration involved in gastrulation","1/459","14/18860",0.0714285714285714,2.93495175848117,1.14385118549976,0.291819406641329,0.291819406641329,0.721649483300591,"MIXL1",1
"GO:0042363","fat-soluble vitamin catabolic process","1/459","14/18860",0.0714285714285714,2.93495175848117,1.14385118549976,0.291819406641329,0.291819406641329,0.721649483300591,"CBR3",1
"GO:0042447","hormone catabolic process","1/459","14/18860",0.0714285714285714,2.93495175848117,1.14385118549976,0.291819406641329,0.291819406641329,0.721649483300591,"ACE",1
"GO:0042670","retinal cone cell differentiation","1/459","14/18860",0.0714285714285714,2.93495175848117,1.14385118549976,0.291819406641329,0.291819406641329,0.721649483300591,"RORB",1
"GO:0045091","regulation of single stranded viral RNA replication via double stranded DNA intermediate","1/459","14/18860",0.0714285714285714,2.93495175848117,1.14385118549976,0.291819406641329,0.291819406641329,0.721649483300591,"APOBEC3H",1
"GO:0045837","negative regulation of membrane potential","1/459","14/18860",0.0714285714285714,2.93495175848117,1.14385118549976,0.291819406641329,0.291819406641329,0.721649483300591,"PMAIP1",1
"GO:0045906","negative regulation of vasoconstriction","1/459","14/18860",0.0714285714285714,2.93495175848117,1.14385118549976,0.291819406641329,0.291819406641329,0.721649483300591,"SVEP1",1
"GO:0046348","amino sugar catabolic process","1/459","14/18860",0.0714285714285714,2.93495175848117,1.14385118549976,0.291819406641329,0.291819406641329,0.721649483300591,"OVGP1",1
"GO:0048103","somatic stem cell division","1/459","14/18860",0.0714285714285714,2.93495175848117,1.14385118549976,0.291819406641329,0.291819406641329,0.721649483300591,"ZFP36L2",1
"GO:0051645","Golgi localization","1/459","14/18860",0.0714285714285714,2.93495175848117,1.14385118549976,0.291819406641329,0.291819406641329,0.721649483300591,"CDC42",1
"GO:0051764","actin crosslink formation","1/459","14/18860",0.0714285714285714,2.93495175848117,1.14385118549976,0.291819406641329,0.291819406641329,0.721649483300591,"MARCKS",1
"GO:0060134","prepulse inhibition","1/459","14/18860",0.0714285714285714,2.93495175848117,1.14385118549976,0.291819406641329,0.291819406641329,0.721649483300591,"CNTNAP2",1
"GO:0060623","regulation of chromosome condensation","1/459","14/18860",0.0714285714285714,2.93495175848117,1.14385118549976,0.291819406641329,0.291819406641329,0.721649483300591,"SMARCA5",1
"GO:0060837","blood vessel endothelial cell differentiation","1/459","14/18860",0.0714285714285714,2.93495175848117,1.14385118549976,0.291819406641329,0.291819406641329,0.721649483300591,"RBPJ",1
"GO:0061029","eyelid development in camera-type eye","1/459","14/18860",0.0714285714285714,2.93495175848117,1.14385118549976,0.291819406641329,0.291819406641329,0.721649483300591,"PRICKLE1",1
"GO:0070944","neutrophil-mediated killing of bacterium","1/459","14/18860",0.0714285714285714,2.93495175848117,1.14385118549976,0.291819406641329,0.291819406641329,0.721649483300591,"F2",1
"GO:0071493","cellular response to UV-B","1/459","14/18860",0.0714285714285714,2.93495175848117,1.14385118549976,0.291819406641329,0.291819406641329,0.721649483300591,"HYAL3",1
"GO:0072497","mesenchymal stem cell differentiation","1/459","14/18860",0.0714285714285714,2.93495175848117,1.14385118549976,0.291819406641329,0.291819406641329,0.721649483300591,"SOX5",1
"GO:0090435","protein localization to nuclear envelope","1/459","14/18860",0.0714285714285714,2.93495175848117,1.14385118549976,0.291819406641329,0.291819406641329,0.721649483300591,"LMNB1",1
"GO:0090646","mitochondrial tRNA processing","1/459","14/18860",0.0714285714285714,2.93495175848117,1.14385118549976,0.291819406641329,0.291819406641329,0.721649483300591,"TRIT1",1
"GO:0140052","cellular response to oxidised low-density lipoprotein particle stimulus","1/459","14/18860",0.0714285714285714,2.93495175848117,1.14385118549976,0.291819406641329,0.291819406641329,0.721649483300591,"MIA3",1
"GO:1900025","negative regulation of substrate adhesion-dependent cell spreading","1/459","14/18860",0.0714285714285714,2.93495175848117,1.14385118549976,0.291819406641329,0.291819406641329,0.721649483300591,"POSTN",1
"GO:1901299","negative regulation of hydrogen peroxide-mediated programmed cell death","1/459","14/18860",0.0714285714285714,2.93495175848117,1.14385118549976,0.291819406641329,0.291819406641329,0.721649483300591,"CA3",1
"GO:1902047","polyamine transmembrane transport","1/459","14/18860",0.0714285714285714,2.93495175848117,1.14385118549976,0.291819406641329,0.291819406641329,0.721649483300591,"OAZ3",1
"GO:1905208","negative regulation of cardiocyte differentiation","1/459","14/18860",0.0714285714285714,2.93495175848117,1.14385118549976,0.291819406641329,0.291819406641329,0.721649483300591,"PRICKLE1",1
"GO:2000272","negative regulation of signaling receptor activity","1/459","14/18860",0.0714285714285714,2.93495175848117,1.14385118549976,0.291819406641329,0.291819406641329,0.721649483300591,"CRHBP",1
"GO:0006887","exocytosis","11/459","370/18860",0.0297297297297297,1.22157451569216,0.679825069141332,0.291888607444618,0.291888607444618,0.721649483300591,"RAB31/PPFIA2/CRHBP/MYH9/ATP9A/GAB2/HYAL3/WDR41/MIA3/UNC13B/SYT17",11
"GO:0072659","protein localization to plasma membrane","9/459","295/18860",0.0305084745762712,1.25357261548687,0.693283464205783,0.292323417720473,0.292323417720473,0.721649483300591,"ZDHHC22/RAB31/AKAP5/VAMP4/ANXA13/TSPAN14/ATP2B4/SCP2/ARHGEF16",9
"GO:0045598","regulation of fat cell differentiation","5/459","148/18860",0.0337837837837838,1.38815285874109,0.748718394057963,0.292648845314984,0.292648845314984,0.721649483300591,"JDP2/WIF1/ZFP36L2/WNT5B/FTO",5
"GO:0003170","heart valve development","3/459","78/18860",0.0384615384615385,1.58035863918217,0.8111810514016,0.29539511087382,0.29539511087382,0.721649483300591,"MDM2/RBPJ/SHOX2",3
"GO:0006879","intracellular iron ion homeostasis","3/459","78/18860",0.0384615384615385,1.58035863918217,0.8111810514016,0.29539511087382,0.29539511087382,0.721649483300591,"HMOX1/BOLA3/SLC40A1",3
"GO:0009123","nucleoside monophosphate metabolic process","3/459","78/18860",0.0384615384615385,1.58035863918217,0.8111810514016,0.29539511087382,0.29539511087382,0.721649483300591,"NT5DC4/TJP2/UPP1",3
"GO:0046470","phosphatidylcholine metabolic process","3/459","78/18860",0.0384615384615385,1.58035863918217,0.8111810514016,0.29539511087382,0.29539511087382,0.721649483300591,"PRKAA1/ENPP2/LPCAT3",3
"GO:0046513","ceramide biosynthetic process","3/459","78/18860",0.0384615384615385,1.58035863918217,0.8111810514016,0.29539511087382,0.29539511087382,0.721649483300591,"ENPP7/B4GALNT1/PRKAA1",3
"GO:0048663","neuron fate commitment","3/459","78/18860",0.0384615384615385,1.58035863918217,0.8111810514016,0.29539511087382,0.29539511087382,0.721649483300591,"NFIA/RBPJ/CDC42",3
"GO:0050772","positive regulation of axonogenesis","3/459","78/18860",0.0384615384615385,1.58035863918217,0.8111810514016,0.29539511087382,0.29539511087382,0.721649483300591,"BCL11A/MAP6/SHOX2",3
"GO:0051881","regulation of mitochondrial membrane potential","3/459","78/18860",0.0384615384615385,1.58035863918217,0.8111810514016,0.29539511087382,0.29539511087382,0.721649483300591,"PMAIP1/BCL2/MYOC",3
"GO:0032760","positive regulation of tumor necrosis factor production","4/459","113/18860",0.0353982300884956,1.45448936703492,0.765318161577473,0.296099308032055,0.296099308032055,0.721649483300591,"LBP/TMEM106A/OAS1/ABCC8",4
"GO:0099003","vesicle-mediated transport in synapse","8/459","259/18860",0.0308880308880309,1.26916832799186,0.688891225006849,0.296755920367057,0.296755920367057,0.721649483300591,"MDM2/PPFIA2/NRG1/VAMP4/RAB4A/PRKAR1B/UNC13B/SYT17",8
"GO:0051607","defense response to virus","10/459","334/18860",0.029940119760479,1.23021929996217,0.670454164792722,0.297066363669249,0.297066363669249,0.721649483300591,"TRIM11/PMAIP1/BCL2/IFITM3/OAS1/MICA/AGBL4/APOBEC3H/SMARCA5/IFITM2",10
"GO:0000184","nuclear-transcribed mRNA catabolic process, nonsense-mediated decay","2/459","45/18860",0.0444444444444444,1.82619220527717,0.876355263073801,0.299650042188939,0.299650042188939,0.721649483300591,"GSPT2/SMG1",2
"GO:0009394","2'-deoxyribonucleotide metabolic process","2/459","45/18860",0.0444444444444444,1.82619220527717,0.876355263073801,0.299650042188939,0.299650042188939,0.721649483300591,"NT5DC4/UPP1",2
"GO:0034405","response to fluid shear stress","2/459","45/18860",0.0444444444444444,1.82619220527717,0.876355263073801,0.299650042188939,0.299650042188939,0.721649483300591,"GNAS/PKN2",2
"GO:1900271","regulation of long-term synaptic potentiation","2/459","45/18860",0.0444444444444444,1.82619220527717,0.876355263073801,0.299650042188939,0.299650042188939,0.721649483300591,"AKAP5/PRKAR1B",2
"GO:1901797","negative regulation of signal transduction by p53 class mediator","2/459","45/18860",0.0444444444444444,1.82619220527717,0.876355263073801,0.299650042188939,0.299650042188939,0.721649483300591,"MDM2/BCL2",2
"GO:2000573","positive regulation of DNA biosynthetic process","2/459","45/18860",0.0444444444444444,1.82619220527717,0.876355263073801,0.299650042188939,0.299650042188939,0.721649483300591,"PDGFB/PTGES3",2
"GO:0044282","small molecule catabolic process","11/459","373/18860",0.0294906166219839,1.2117495195874,0.652361900606148,0.300750078858528,0.300750078858528,0.721649483300591,"SARDH/AIG1/HDC/FTCD/AMT/SORD/CBR3/UPP1/HAAO/ATP2B4/SCP2",11
"GO:0003279","cardiac septum development","4/459","114/18860",0.0350877192982456,1.44173068837672,0.747137701065127,0.301577979762321,0.301577979762321,0.721649483300591,"MDM2/FZD2/RBPJ/RARB",4
"GO:0045445","myoblast differentiation","4/459","114/18860",0.0350877192982456,1.44173068837672,0.747137701065127,0.301577979762321,0.301577979762321,0.721649483300591,"TCF7L2/NRG1/RBPJ/PRICKLE1",4
"GO:0048144","fibroblast proliferation","4/459","114/18860",0.0350877192982456,1.44173068837672,0.747137701065127,0.301577979762321,0.301577979762321,0.721649483300591,"PDGFB/DAZAP1/CDK1/MYB",4
"GO:0042490","mechanoreceptor differentiation","3/459","79/18860",0.0379746835443038,1.56035409944569,0.788245868570861,0.302063076513483,0.302063076513483,0.721649483300591,"FZD2/RBPJ/GABRB3",3
"GO:2000377","regulation of reactive oxygen species metabolic process","5/459","150/18860",0.0333333333333333,1.36964415395788,0.717856336459501,0.302125377052922,0.302125377052922,0.721649483300591,"PDGFB/CA3/MT3/DUOXA2/F2",5
"GO:0034762","regulation of transmembrane transport","13/459","450/18860",0.0288888888888889,1.18702493343016,0.634196486728944,0.303175797927947,0.303175797927947,0.721649483300591,"AKAP5/KCNH2/WNK2/CRHBP/BCL2/WWP2/GRIN2A/JPH4/UBR3/F2/KCNIP1/OAZ3/ATP2B4",13
"GO:0016052","carbohydrate catabolic process","6/459","187/18860",0.0320855614973262,1.31837405193807,0.691029168999338,0.304438962793655,0.304438962793655,0.721649483300591,"SLC4A4/SORD/NEU4/PRKAA1/PGAM4/GM2A",6
"GO:0043534","blood vessel endothelial cell migration","6/459","187/18860",0.0320855614973262,1.31837405193807,0.691029168999338,0.304438962793655,0.304438962793655,0.721649483300591,"PDGFB/MYH9/HMOX1/ANGPT1/MIA3/ATP2B4",6
"GO:0016311","dephosphorylation","5/459","151/18860",0.033112582781457,1.36057366287207,0.702590297714459,0.306881626558954,0.306881626558954,0.721649483300591,"PPP1CC/PTPRN2/INPP5A/SSH1/TPTE",5
"GO:0071333","cellular response to glucose stimulus","5/459","151/18860",0.033112582781457,1.36057366287207,0.702590297714459,0.306881626558954,0.306881626558954,0.721649483300591,"CASR/PTPRN2/PRKAA1/ABCC8/UNC13B",5
"GO:0036503","ERAD pathway","4/459","115/18860",0.0347826086956522,1.42919389978214,0.72912954865734,0.307068152246678,0.307068152246678,0.721649483300591,"RNF103/ERLIN2/ATXN3L/UBXN10",4
"GO:2001243","negative regulation of intrinsic apoptotic signaling pathway","4/459","115/18860",0.0347826086956522,1.42919389978214,0.72912954865734,0.307068152246678,0.307068152246678,0.721649483300591,"MDM2/IVNS1ABP/CA3/BCL2",4
"GO:0007099","centriole replication","2/459","46/18860",0.0434782608695652,1.78649237472767,0.843485891366121,0.308676208803812,0.308676208803812,0.721649483300591,"CETN2/CEP44",2
"GO:0009066","aspartate family amino acid metabolic process","2/459","46/18860",0.0434782608695652,1.78649237472767,0.843485891366121,0.308676208803812,0.308676208803812,0.721649483300591,"APIP/MTHFR",2
"GO:0009262","deoxyribonucleotide metabolic process","2/459","46/18860",0.0434782608695652,1.78649237472767,0.843485891366121,0.308676208803812,0.308676208803812,0.721649483300591,"NT5DC4/UPP1",2
"GO:0014075","response to amine","2/459","46/18860",0.0434782608695652,1.78649237472767,0.843485891366121,0.308676208803812,0.308676208803812,0.721649483300591,"CDK1/GRIN2A",2
"GO:0030279","negative regulation of ossification","2/459","46/18860",0.0434782608695652,1.78649237472767,0.843485891366121,0.308676208803812,0.308676208803812,0.721649483300591,"RBPJ/BCL2",2
"GO:0042158","lipoprotein biosynthetic process","2/459","46/18860",0.0434782608695652,1.78649237472767,0.843485891366121,0.308676208803812,0.308676208803812,0.721649483300591,"ZDHHC22/HHAT",2
"GO:0042168","heme metabolic process","2/459","46/18860",0.0434782608695652,1.78649237472767,0.843485891366121,0.308676208803812,0.308676208803812,0.721649483300591,"HMOX1/TMEM14B",2
"GO:0044786","cell cycle DNA replication","2/459","46/18860",0.0434782608695652,1.78649237472767,0.843485891366121,0.308676208803812,0.308676208803812,0.721649483300591,"CDK1/RECQL5",2
"GO:0045601","regulation of endothelial cell differentiation","2/459","46/18860",0.0434782608695652,1.78649237472767,0.843485891366121,0.308676208803812,0.308676208803812,0.721649483300591,"ETV2/ATOH8",2
"GO:0060412","ventricular septum morphogenesis","2/459","46/18860",0.0434782608695652,1.78649237472767,0.843485891366121,0.308676208803812,0.308676208803812,0.721649483300591,"FZD2/RBPJ",2
"GO:0140448","signaling receptor ligand precursor processing","2/459","46/18860",0.0434782608695652,1.78649237472767,0.843485891366121,0.308676208803812,0.308676208803812,0.721649483300591,"ACE/SLC30A8",2
"GO:0170034","L-amino acid biosynthetic process","2/459","46/18860",0.0434782608695652,1.78649237472767,0.843485891366121,0.308676208803812,0.308676208803812,0.721649483300591,"APIP/MTHFR",2
"GO:1903514","release of sequestered calcium ion into cytosol by endoplasmic reticulum","2/459","46/18860",0.0434782608695652,1.78649237472767,0.843485891366121,0.308676208803812,0.308676208803812,0.721649483300591,"RYR1/JPH4",2
"GO:0043536","positive regulation of blood vessel endothelial cell migration","3/459","80/18860",0.0375,1.54084967320261,0.765629628510246,0.308738133688149,0.308738133688149,0.721649483300591,"PDGFB/HMOX1/ANGPT1",3
"GO:0000209","protein polyubiquitination","9/459","300/18860",0.03,1.23267973856209,0.641615975632536,0.308957728998679,0.308957728998679,0.721649483300591,"MDM2/XIAP/BCL2/WWP2/TRIM71/PRKAA1/PEX12/HECTD2/NQO1",9
"GO:0001768","establishment of T cell polarity","1/459","15/18860",0.0666666666666667,2.73928830791576,1.06430008414915,0.309067358055509,0.309067358055509,0.721649483300591,"MYH9",1
"GO:0001886","endothelial cell morphogenesis","1/459","15/18860",0.0666666666666667,2.73928830791576,1.06430008414915,0.309067358055509,0.309067358055509,0.721649483300591,"STC1",1
"GO:0002903","negative regulation of B cell apoptotic process","1/459","15/18860",0.0666666666666667,2.73928830791576,1.06430008414915,0.309067358055509,0.309067358055509,0.721649483300591,"BCL2",1
"GO:0003198","epithelial to mesenchymal transition involved in endocardial cushion formation","1/459","15/18860",0.0666666666666667,2.73928830791576,1.06430008414915,0.309067358055509,0.309067358055509,0.721649483300591,"RBPJ",1
"GO:0003413","chondrocyte differentiation involved in endochondral bone morphogenesis","1/459","15/18860",0.0666666666666667,2.73928830791576,1.06430008414915,0.309067358055509,0.309067358055509,0.721649483300591,"MATN1",1
"GO:0005513","detection of calcium ion","1/459","15/18860",0.0666666666666667,2.73928830791576,1.06430008414915,0.309067358055509,0.309067358055509,0.721649483300591,"CASR",1
"GO:0006271","DNA strand elongation involved in DNA replication","1/459","15/18860",0.0666666666666667,2.73928830791576,1.06430008414915,0.309067358055509,0.309067358055509,0.721649483300591,"MCM7",1
"GO:0007190","activation of adenylate cyclase activity","1/459","15/18860",0.0666666666666667,2.73928830791576,1.06430008414915,0.309067358055509,0.309067358055509,0.721649483300591,"GNAS",1
"GO:0009158","ribonucleoside monophosphate catabolic process","1/459","15/18860",0.0666666666666667,2.73928830791576,1.06430008414915,0.309067358055509,0.309067358055509,0.721649483300591,"UPP1",1
"GO:0010225","response to UV-C","1/459","15/18860",0.0666666666666667,2.73928830791576,1.06430008414915,0.309067358055509,0.309067358055509,0.721649483300591,"MDM2",1
"GO:0010457","centriole-centriole cohesion","1/459","15/18860",0.0666666666666667,2.73928830791576,1.06430008414915,0.309067358055509,0.309067358055509,0.721649483300591,"CEP44",1
"GO:0014029","neural crest formation","1/459","15/18860",0.0666666666666667,2.73928830791576,1.06430008414915,0.309067358055509,0.309067358055509,0.721649483300591,"WNT8A",1
"GO:0014745","negative regulation of muscle adaptation","1/459","15/18860",0.0666666666666667,2.73928830791576,1.06430008414915,0.309067358055509,0.309067358055509,0.721649483300591,"ATP2B4",1
"GO:0016322","neuron remodeling","1/459","15/18860",0.0666666666666667,2.73928830791576,1.06430008414915,0.309067358055509,0.309067358055509,0.721649483300591,"BCL11A",1
"GO:0031269","pseudopodium assembly","1/459","15/18860",0.0666666666666667,2.73928830791576,1.06430008414915,0.309067358055509,0.309067358055509,0.721649483300591,"CDC42",1
"GO:0032488","Cdc42 protein signal transduction","1/459","15/18860",0.0666666666666667,2.73928830791576,1.06430008414915,0.309067358055509,0.309067358055509,0.721649483300591,"ARHGEF16",1
"GO:0033147","negative regulation of intracellular estrogen receptor signaling pathway","1/459","15/18860",0.0666666666666667,2.73928830791576,1.06430008414915,0.309067358055509,0.309067358055509,0.721649483300591,"STRN3",1
"GO:0034372","very-low-density lipoprotein particle remodeling","1/459","15/18860",0.0666666666666667,2.73928830791576,1.06430008414915,0.309067358055509,0.309067358055509,0.721649483300591,"APOH",1
"GO:0034501","protein localization to kinetochore","1/459","15/18860",0.0666666666666667,2.73928830791576,1.06430008414915,0.309067358055509,0.309067358055509,0.721649483300591,"CDK1",1
"GO:0035845","photoreceptor cell outer segment organization","1/459","15/18860",0.0666666666666667,2.73928830791576,1.06430008414915,0.309067358055509,0.309067358055509,0.721649483300591,"CDHR1",1
"GO:0036151","phosphatidylcholine acyl-chain remodeling","1/459","15/18860",0.0666666666666667,2.73928830791576,1.06430008414915,0.309067358055509,0.309067358055509,0.721649483300591,"LPCAT3",1
"GO:0039692","single stranded viral RNA replication via double stranded DNA intermediate","1/459","15/18860",0.0666666666666667,2.73928830791576,1.06430008414915,0.309067358055509,0.309067358055509,0.721649483300591,"APOBEC3H",1
"GO:0042428","serotonin metabolic process","1/459","15/18860",0.0666666666666667,2.73928830791576,1.06430008414915,0.309067358055509,0.309067358055509,0.721649483300591,"GRIN2A",1
"GO:0043248","proteasome assembly","1/459","15/18860",0.0666666666666667,2.73928830791576,1.06430008414915,0.309067358055509,0.309067358055509,0.721649483300591,"POMP",1
"GO:0043306","positive regulation of mast cell degranulation","1/459","15/18860",0.0666666666666667,2.73928830791576,1.06430008414915,0.309067358055509,0.309067358055509,0.721649483300591,"GAB2",1
"GO:0043353","enucleate erythrocyte differentiation","1/459","15/18860",0.0666666666666667,2.73928830791576,1.06430008414915,0.309067358055509,0.309067358055509,0.721649483300591,"MB",1
"GO:0043374","CD8-positive, alpha-beta T cell differentiation","1/459","15/18860",0.0666666666666667,2.73928830791576,1.06430008414915,0.309067358055509,0.309067358055509,0.721649483300591,"BCL2",1
"GO:0043518","negative regulation of DNA damage response, signal transduction by p53 class mediator","1/459","15/18860",0.0666666666666667,2.73928830791576,1.06430008414915,0.309067358055509,0.309067358055509,0.721649483300591,"MDM2",1
"GO:0044070","regulation of monoatomic anion transport","1/459","15/18860",0.0666666666666667,2.73928830791576,1.06430008414915,0.309067358055509,0.309067358055509,0.721649483300591,"STC1",1
"GO:0045019","negative regulation of nitric oxide biosynthetic process","1/459","15/18860",0.0666666666666667,2.73928830791576,1.06430008414915,0.309067358055509,0.309067358055509,0.721649483300591,"ATP2B4",1
"GO:0045348","positive regulation of MHC class II biosynthetic process","1/459","15/18860",0.0666666666666667,2.73928830791576,1.06430008414915,0.309067358055509,0.309067358055509,0.721649483300591,"TMEM106A",1
"GO:0046049","UMP metabolic process","1/459","15/18860",0.0666666666666667,2.73928830791576,1.06430008414915,0.309067358055509,0.309067358055509,0.721649483300591,"UPP1",1
"GO:0046341","CDP-diacylglycerol metabolic process","1/459","15/18860",0.0666666666666667,2.73928830791576,1.06430008414915,0.309067358055509,0.309067358055509,0.721649483300591,"AGPAT4",1
"GO:0046598","positive regulation of viral entry into host cell","1/459","15/18860",0.0666666666666667,2.73928830791576,1.06430008414915,0.309067358055509,0.309067358055509,0.721649483300591,"TRIM11",1
"GO:0048681","negative regulation of axon regeneration","1/459","15/18860",0.0666666666666667,2.73928830791576,1.06430008414915,0.309067358055509,0.309067358055509,0.721649483300591,"RTN4RL1",1
"GO:0048935","peripheral nervous system neuron development","1/459","15/18860",0.0666666666666667,2.73928830791576,1.06430008414915,0.309067358055509,0.309067358055509,0.721649483300591,"ETV1",1
"GO:0050667","homocysteine metabolic process","1/459","15/18860",0.0666666666666667,2.73928830791576,1.06430008414915,0.309067358055509,0.309067358055509,0.721649483300591,"MTHFR",1
"GO:0051081","nuclear membrane disassembly","1/459","15/18860",0.0666666666666667,2.73928830791576,1.06430008414915,0.309067358055509,0.309067358055509,0.721649483300591,"CDK1",1
"GO:0055057","neuroblast division","1/459","15/18860",0.0666666666666667,2.73928830791576,1.06430008414915,0.309067358055509,0.309067358055509,0.721649483300591,"SOX5",1
"GO:0060099","regulation of phagocytosis, engulfment","1/459","15/18860",0.0666666666666667,2.73928830791576,1.06430008414915,0.309067358055509,0.309067358055509,0.721649483300591,"RAB31",1
"GO:0060211","regulation of nuclear-transcribed mRNA poly(A) tail shortening","1/459","15/18860",0.0666666666666667,2.73928830791576,1.06430008414915,0.309067358055509,0.309067358055509,0.721649483300591,"CPEB3",1
"GO:0061307","cardiac neural crest cell differentiation involved in heart development","1/459","15/18860",0.0666666666666667,2.73928830791576,1.06430008414915,0.309067358055509,0.309067358055509,0.721649483300591,"CDC42",1
"GO:0061308","cardiac neural crest cell development involved in heart development","1/459","15/18860",0.0666666666666667,2.73928830791576,1.06430008414915,0.309067358055509,0.309067358055509,0.721649483300591,"CDC42",1
"GO:0070207","protein homotrimerization","1/459","15/18860",0.0666666666666667,2.73928830791576,1.06430008414915,0.309067358055509,0.309067358055509,0.721649483300591,"CLYBL",1
"GO:0070424","regulation of nucleotide-binding domain, leucine rich repeat containing receptor signaling pathway","1/459","15/18860",0.0666666666666667,2.73928830791576,1.06430008414915,0.309067358055509,0.309067358055509,0.721649483300591,"XIAP",1
"GO:0070493","thrombin-activated receptor signaling pathway","1/459","15/18860",0.0666666666666667,2.73928830791576,1.06430008414915,0.309067358055509,0.309067358055509,0.721649483300591,"F2",1
"GO:0070561","vitamin D receptor signaling pathway","1/459","15/18860",0.0666666666666667,2.73928830791576,1.06430008414915,0.309067358055509,0.309067358055509,0.721649483300591,"GPRIN3",1
"GO:0070885","negative regulation of calcineurin-NFAT signaling cascade","1/459","15/18860",0.0666666666666667,2.73928830791576,1.06430008414915,0.309067358055509,0.309067358055509,0.721649483300591,"ATP2B4",1
"GO:0071107","response to parathyroid hormone","1/459","15/18860",0.0666666666666667,2.73928830791576,1.06430008414915,0.309067358055509,0.309067358055509,0.721649483300591,"GNAS",1
"GO:0071639","positive regulation of monocyte chemotactic protein-1 production","1/459","15/18860",0.0666666666666667,2.73928830791576,1.06430008414915,0.309067358055509,0.309067358055509,0.721649483300591,"OAS1",1
"GO:0071696","ectodermal placode development","1/459","15/18860",0.0666666666666667,2.73928830791576,1.06430008414915,0.309067358055509,0.309067358055509,0.721649483300591,"GNAS",1
"GO:0071871","response to epinephrine","1/459","15/18860",0.0666666666666667,2.73928830791576,1.06430008414915,0.309067358055509,0.309067358055509,0.721649483300591,"ATP2B4",1
"GO:0072148","epithelial cell fate commitment","1/459","15/18860",0.0666666666666667,2.73928830791576,1.06430008414915,0.309067358055509,0.309067358055509,0.721649483300591,"RBPJ",1
"GO:0075294","positive regulation by symbiont of entry into host","1/459","15/18860",0.0666666666666667,2.73928830791576,1.06430008414915,0.309067358055509,0.309067358055509,0.721649483300591,"TRIM11",1
"GO:0090206","negative regulation of cholesterol metabolic process","1/459","15/18860",0.0666666666666667,2.73928830791576,1.06430008414915,0.309067358055509,0.309067358055509,0.721649483300591,"ERLIN2",1
"GO:0090235","regulation of metaphase plate congression","1/459","15/18860",0.0666666666666667,2.73928830791576,1.06430008414915,0.309067358055509,0.309067358055509,0.721649483300591,"CDK1",1
"GO:0098693","regulation of synaptic vesicle cycle","1/459","15/18860",0.0666666666666667,2.73928830791576,1.06430008414915,0.309067358055509,0.309067358055509,0.721649483300591,"PRKAR1B",1
"GO:0098969","neurotransmitter receptor transport to postsynaptic membrane","1/459","15/18860",0.0666666666666667,2.73928830791576,1.06430008414915,0.309067358055509,0.309067358055509,0.721649483300591,"VAMP4",1
"GO:0106057","negative regulation of calcineurin-mediated signaling","1/459","15/18860",0.0666666666666667,2.73928830791576,1.06430008414915,0.309067358055509,0.309067358055509,0.721649483300591,"ATP2B4",1
"GO:0110025","DNA strand resection involved in replication fork processing","1/459","15/18860",0.0666666666666667,2.73928830791576,1.06430008414915,0.309067358055509,0.309067358055509,0.721649483300591,"CDK1",1
"GO:0141176","gene silencing by piRNA-directed DNA methylation","1/459","15/18860",0.0666666666666667,2.73928830791576,1.06430008414915,0.309067358055509,0.309067358055509,0.721649483300591,"TDRD9",1
"GO:0141196","transposable element silencing by piRNA-mediated DNA methylation","1/459","15/18860",0.0666666666666667,2.73928830791576,1.06430008414915,0.309067358055509,0.309067358055509,0.721649483300591,"TDRD9",1
"GO:0150011","regulation of neuron projection arborization","1/459","15/18860",0.0666666666666667,2.73928830791576,1.06430008414915,0.309067358055509,0.309067358055509,0.721649483300591,"NTNG1",1
"GO:1900452","regulation of long-term synaptic depression","1/459","15/18860",0.0666666666666667,2.73928830791576,1.06430008414915,0.309067358055509,0.309067358055509,0.721649483300591,"CBLN1",1
"GO:1901722","regulation of cell proliferation involved in kidney development","1/459","15/18860",0.0666666666666667,2.73928830791576,1.06430008414915,0.309067358055509,0.309067358055509,0.721649483300591,"PDGFB",1
"GO:1901857","positive regulation of cellular respiration","1/459","15/18860",0.0666666666666667,2.73928830791576,1.06430008414915,0.309067358055509,0.309067358055509,0.721649483300591,"OAS1",1
"GO:1902093","positive regulation of flagellated sperm motility","1/459","15/18860",0.0666666666666667,2.73928830791576,1.06430008414915,0.309067358055509,0.309067358055509,0.721649483300591,"PGAM4",1
"GO:1903083","protein localization to condensed chromosome","1/459","15/18860",0.0666666666666667,2.73928830791576,1.06430008414915,0.309067358055509,0.309067358055509,0.721649483300591,"CDK1",1
"GO:1904380","endoplasmic reticulum mannose trimming","1/459","15/18860",0.0666666666666667,2.73928830791576,1.06430008414915,0.309067358055509,0.309067358055509,0.721649483300591,"RNF103",1
"GO:1904406","negative regulation of nitric oxide metabolic process","1/459","15/18860",0.0666666666666667,2.73928830791576,1.06430008414915,0.309067358055509,0.309067358055509,0.721649483300591,"ATP2B4",1
"GO:1905153","regulation of membrane invagination","1/459","15/18860",0.0666666666666667,2.73928830791576,1.06430008414915,0.309067358055509,0.309067358055509,0.721649483300591,"RAB31",1
"GO:1905809","negative regulation of synapse organization","1/459","15/18860",0.0666666666666667,2.73928830791576,1.06430008414915,0.309067358055509,0.309067358055509,0.721649483300591,"CBLN1",1
"GO:2000052","positive regulation of non-canonical Wnt signaling pathway","1/459","15/18860",0.0666666666666667,2.73928830791576,1.06430008414915,0.309067358055509,0.309067358055509,0.721649483300591,"WNT5B",1
"GO:2000155","positive regulation of cilium-dependent cell motility","1/459","15/18860",0.0666666666666667,2.73928830791576,1.06430008414915,0.309067358055509,0.309067358055509,0.721649483300591,"PGAM4",1
"GO:2000671","regulation of motor neuron apoptotic process","1/459","15/18860",0.0666666666666667,2.73928830791576,1.06430008414915,0.309067358055509,0.309067358055509,0.721649483300591,"BCL2",1
"GO:2001138","regulation of phospholipid transport","1/459","15/18860",0.0666666666666667,2.73928830791576,1.06430008414915,0.309067358055509,0.309067358055509,0.721649483300591,"ABCB4",1
"GO:2001140","positive regulation of phospholipid transport","1/459","15/18860",0.0666666666666667,2.73928830791576,1.06430008414915,0.309067358055509,0.309067358055509,0.721649483300591,"ABCB4",1
"GO:2001256","regulation of store-operated calcium entry","1/459","15/18860",0.0666666666666667,2.73928830791576,1.06430008414915,0.309067358055509,0.309067358055509,0.721649483300591,"JPH4",1
"GO:0042886","amide transport","10/459","338/18860",0.029585798816568,1.21566049167859,0.631873237541786,0.309618646843749,0.309618646843749,0.721649483300591,"TCF7L2/GNAS/CASR/CRHBP/PTPRN2/ACVR1C/F2/SLC30A8/CELA2A/ABCC8",10
"GO:0000280","nuclear division","13/459","453/18860",0.0286975717439294,1.17916384115579,0.609611175644475,0.311325146746647,0.311325146746647,0.721649483300591,"TDRD9/PDGFB/NFIA/PPP1CC/CDC42/CDKN1C/CDK1/PRICKLE1/TTN/HORMAD1/CCDC66/BCL2L11/SMARCA5",13
"GO:0033157","regulation of intracellular protein transport","5/459","152/18860",0.0328947368421053,1.35162252035317,0.687432018269686,0.311648740187423,0.311648740187423,0.721649483300591,"AKAP5/MDM2/ANGPT1/CDK1/OAZ3",5
"GO:0071356","cellular response to tumor necrosis factor","7/459","226/18860",0.0309734513274336,1.27267819615555,0.651323198170091,0.312510242916111,0.312510242916111,0.721649483300591,"POSTN/CRHBP/XIAP/ZFP36L2/HYAL3/ADAMTS7/CLDN1",7
"GO:0042752","regulation of circadian rhythm","4/459","116/18860",0.0344827586206897,1.41687326271505,0.711290254754712,0.312568549635969,0.312568549635969,0.721649483300591,"PPP1CC/CDK1/PRKAA1/RORB",4
"GO:0043473","pigmentation","4/459","116/18860",0.0344827586206897,1.41687326271505,0.711290254754712,0.312568549635969,0.312568549635969,0.721649483300591,"AP1S3/CDH3/BCL2/BCL2L11",4
"GO:0051345","positive regulation of hydrolase activity","4/459","116/18860",0.0344827586206897,1.41687326271505,0.711290254754712,0.312568549635969,0.312568549635969,0.721649483300591,"EVI5/PNLIP/ABR/ARHGEF16",4
"GO:0060291","long-term synaptic potentiation","4/459","116/18860",0.0344827586206897,1.41687326271505,0.711290254754712,0.312568549635969,0.312568549635969,0.721649483300591,"AKAP5/GRIA3/PRKAR1B/GRIN2A",4
"GO:0017157","regulation of exocytosis","6/459","189/18860",0.0317460317460317,1.30442300376941,0.664308087689283,0.312954004946366,0.312954004946366,0.721649483300591,"PPFIA2/ATP9A/GAB2/HYAL3/WDR41/SYT17",6
"GO:0050767","regulation of neurogenesis","11/459","378/18860",0.0291005291005291,1.19572108678862,0.607091281463468,0.315673313228574,0.315673313228574,0.721649483300591,"BCL11A/TRIM11/MAP6/PPP1CC/MAN2A1/MCF2/MT3/SHOX2/F2/MYB/ABCC8",11
"GO:0046165","alcohol biosynthetic process","5/459","153/18860",0.0326797385620915,1.34278838623322,0.67237986885872,0.316425881203282,0.316425881203282,0.721649483300591,"IP6K3/ERLIN2/PRKAA1/LPCAT3/SCP2",5
"GO:0051336","regulation of hydrolase activity","6/459","190/18860",0.0315789473684211,1.29755761953904,0.65105949583274,0.317226227056192,0.317226227056192,0.721649483300591,"EVI5/LRCH1/PNLIP/ABR/NGEF/ARHGEF16",6
"GO:0006953","acute-phase response","2/459","47/18860",0.0425531914893617,1.74848189866963,0.811420850719202,0.317678835293854,0.317678835293854,0.721649483300591,"LBP/F2",2
"GO:0009116","nucleoside metabolic process","2/459","47/18860",0.0425531914893617,1.74848189866963,0.811420850719202,0.317678835293854,0.317678835293854,0.721649483300591,"CDK1/UPP1",2
"GO:0010463","mesenchymal cell proliferation","2/459","47/18860",0.0425531914893617,1.74848189866963,0.811420850719202,0.317678835293854,0.317678835293854,0.721649483300591,"FGF9/SHOX2",2
"GO:0010830","regulation of myotube differentiation","2/459","47/18860",0.0425531914893617,1.74848189866963,0.811420850719202,0.317678835293854,0.317678835293854,0.721649483300591,"BCL2/SHOX2",2
"GO:0014014","negative regulation of gliogenesis","2/459","47/18860",0.0425531914893617,1.74848189866963,0.811420850719202,0.317678835293854,0.317678835293854,0.721649483300591,"F2/ABCC8",2
"GO:0021517","ventral spinal cord development","2/459","47/18860",0.0425531914893617,1.74848189866963,0.811420850719202,0.317678835293854,0.317678835293854,0.721649483300591,"VSTM5/MDGA2",2
"GO:0035330","regulation of hippo signaling","2/459","47/18860",0.0425531914893617,1.74848189866963,0.811420850719202,0.317678835293854,0.317678835293854,0.721649483300591,"STRN3/WWC3",2
"GO:0071364","cellular response to epidermal growth factor stimulus","2/459","47/18860",0.0425531914893617,1.74848189866963,0.811420850719202,0.317678835293854,0.317678835293854,0.721649483300591,"MCM7/ZFP36L2",2
"GO:0071402","cellular response to lipoprotein particle stimulus","2/459","47/18860",0.0425531914893617,1.74848189866963,0.811420850719202,0.317678835293854,0.317678835293854,0.721649483300591,"CASR/MIA3",2
"GO:0007005","mitochondrion organization","12/459","417/18860",0.0287769784172662,1.18242660773342,0.594956737670189,0.317872509844675,0.317872509844675,0.721649483300591,"PYROXD2/ARMCX3/COA5/MAN2A1/HIP1R/PMAIP1/BCL2/BMF/PRKAA1/MARCKS/BCL2L11/SUPV3L1",12
"GO:1903557","positive regulation of tumor necrosis factor superfamily cytokine production","4/459","117/18860",0.0341880341880342,1.40476323482859,0.693616469632526,0.318077911485291,0.318077911485291,0.721649483300591,"LBP/TMEM106A/OAS1/ABCC8",4
"GO:0071331","cellular response to hexose stimulus","5/459","154/18860",0.0324675324675325,1.3340689811278,0.657432255969617,0.321212218840689,0.321212218840689,0.721649483300591,"CASR/PTPRN2/PRKAA1/ABCC8/UNC13B",5
"GO:0007585","respiratory gaseous exchange by respiratory system","3/459","82/18860",0.0365853658536585,1.50326797385621,0.721317574306237,0.322100891530533,0.322100891530533,0.721649483300591,"TCF15/MAN2A1/FTO",3
"GO:0014032","neural crest cell development","3/459","82/18860",0.0365853658536585,1.50326797385621,0.721317574306237,0.322100891530533,0.322100891530533,0.721649483300591,"NRG1/CDC42/NRTN",3
"GO:0030330","DNA damage response, signal transduction by p53 class mediator","3/459","82/18860",0.0365853658536585,1.50326797385621,0.721317574306237,0.322100891530533,0.322100891530533,0.721649483300591,"MDM2/PMAIP1/GML",3
"GO:0031424","keratinization","3/459","82/18860",0.0365853658536585,1.50326797385621,0.721317574306237,0.322100891530533,0.322100891530533,0.721649483300591,"CDH3/SPRR2F/SPRR2E",3
"GO:0070897","transcription preinitiation complex assembly","3/459","82/18860",0.0365853658536585,1.50326797385621,0.721317574306237,0.322100891530533,0.322100891530533,0.721649483300591,"TAF1B/MED20/TAF4B",3
"GO:0071277","cellular response to calcium ion","3/459","82/18860",0.0365853658536585,1.50326797385621,0.721317574306237,0.322100891530533,0.322100891530533,0.721649483300591,"CRHBP/RYR1/PRKAA1",3
"GO:0006874","intracellular calcium ion homeostasis","9/459","304/18860",0.0296052631578947,1.21646026831785,0.600921527735896,0.322416654467994,0.322416654467994,0.721649483300591,"STC1/ATP2B2/CASR/RYR1/ITPR2/BCL2/JPH4/F2/ATP2B4",9
"GO:0001776","leukocyte homeostasis","4/459","118/18860",0.0338983050847458,1.39285846165208,0.676104939699179,0.323594993189501,0.323594993189501,0.721649483300591,"PMAIP1/BCL2/SLC40A1/BCL2L11",4
"GO:0006643","membrane lipid metabolic process","7/459","229/18860",0.0305676855895196,1.25600555603124,0.615593477202569,0.324216484331159,0.324216484331159,0.721649483300591,"ENPP7/B4GALNT1/NEU4/GALC/PRKAA1/ENPP2/GM2A",7
"GO:0045926","negative regulation of growth","7/459","229/18860",0.0305676855895196,1.25600555603124,0.615593477202569,0.324216484331159,0.324216484331159,0.721649483300591,"GNAS/BCL11A/MT1G/BCL2/MT3/WWC3/MT1H",7
"GO:0000070","mitotic sister chromatid segregation","6/459","192/18860",0.03125,1.28404139433551,0.624781720187259,0.325797091639451,0.325797091639451,0.721649483300591,"PPP1CC/CDK1/PRICKLE1/TTN/CCDC66/SMARCA5",6
"GO:0001767","establishment of lymphocyte polarity","1/459","16/18860",0.0625,2.56808278867102,0.9910313474184,0.325896123385969,0.325896123385969,0.721649483300591,"MYH9",1
"GO:0001977","renal system process involved in regulation of blood volume","1/459","16/18860",0.0625,2.56808278867102,0.9910313474184,0.325896123385969,0.325896123385969,0.721649483300591,"PDGFB",1
"GO:0003353","positive regulation of cilium movement","1/459","16/18860",0.0625,2.56808278867102,0.9910313474184,0.325896123385969,0.325896123385969,0.721649483300591,"PGAM4",1
"GO:0006750","glutathione biosynthetic process","1/459","16/18860",0.0625,2.56808278867102,0.9910313474184,0.325896123385969,0.325896123385969,0.721649483300591,"CHAC1",1
"GO:0007210","serotonin receptor signaling pathway","1/459","16/18860",0.0625,2.56808278867102,0.9910313474184,0.325896123385969,0.325896123385969,0.721649483300591,"GNAS",1
"GO:0009111","vitamin catabolic process","1/459","16/18860",0.0625,2.56808278867102,0.9910313474184,0.325896123385969,0.325896123385969,0.721649483300591,"CBR3",1
"GO:0009130","pyrimidine nucleoside monophosphate biosynthetic process","1/459","16/18860",0.0625,2.56808278867102,0.9910313474184,0.325896123385969,0.325896123385969,0.721649483300591,"UPP1",1
"GO:0009159","deoxyribonucleoside monophosphate catabolic process","1/459","16/18860",0.0625,2.56808278867102,0.9910313474184,0.325896123385969,0.325896123385969,0.721649483300591,"UPP1",1
"GO:0009173","pyrimidine ribonucleoside monophosphate metabolic process","1/459","16/18860",0.0625,2.56808278867102,0.9910313474184,0.325896123385969,0.325896123385969,0.721649483300591,"UPP1",1
"GO:0015846","polyamine transport","1/459","16/18860",0.0625,2.56808278867102,0.9910313474184,0.325896123385969,0.325896123385969,0.721649483300591,"OAZ3",1
"GO:0030214","hyaluronan catabolic process","1/459","16/18860",0.0625,2.56808278867102,0.9910313474184,0.325896123385969,0.325896123385969,0.721649483300591,"HYAL3",1
"GO:0030397","membrane disassembly","1/459","16/18860",0.0625,2.56808278867102,0.9910313474184,0.325896123385969,0.325896123385969,0.721649483300591,"CDK1",1
"GO:0031268","pseudopodium organization","1/459","16/18860",0.0625,2.56808278867102,0.9910313474184,0.325896123385969,0.325896123385969,0.721649483300591,"CDC42",1
"GO:0034260","negative regulation of GTPase activity","1/459","16/18860",0.0625,2.56808278867102,0.9910313474184,0.325896123385969,0.325896123385969,0.721649483300591,"LRCH1",1
"GO:0034370","triglyceride-rich lipoprotein particle remodeling","1/459","16/18860",0.0625,2.56808278867102,0.9910313474184,0.325896123385969,0.325896123385969,0.721649483300591,"APOH",1
"GO:0034638","phosphatidylcholine catabolic process","1/459","16/18860",0.0625,2.56808278867102,0.9910313474184,0.325896123385969,0.325896123385969,0.721649483300591,"ENPP2",1
"GO:0035655","interleukin-18-mediated signaling pathway","1/459","16/18860",0.0625,2.56808278867102,0.9910313474184,0.325896123385969,0.325896123385969,0.721649483300591,"PDGFB",1
"GO:0035729","cellular response to hepatocyte growth factor stimulus","1/459","16/18860",0.0625,2.56808278867102,0.9910313474184,0.325896123385969,0.325896123385969,0.721649483300591,"CASR",1
"GO:0036109","alpha-linolenic acid metabolic process","1/459","16/18860",0.0625,2.56808278867102,0.9910313474184,0.325896123385969,0.325896123385969,0.721649483300591,"SCP2",1
"GO:0043455","regulation of secondary metabolic process","1/459","16/18860",0.0625,2.56808278867102,0.9910313474184,0.325896123385969,0.325896123385969,0.721649483300591,"CDH3",1
"GO:0043650","dicarboxylic acid biosynthetic process","1/459","16/18860",0.0625,2.56808278867102,0.9910313474184,0.325896123385969,0.325896123385969,0.721649483300591,"HAAO",1
"GO:0044027","negative regulation of gene expression via chromosomal CpG island methylation","1/459","16/18860",0.0625,2.56808278867102,0.9910313474184,0.325896123385969,0.325896123385969,0.721649483300591,"MPHOSPH8",1
"GO:0044065","regulation of respiratory system process","1/459","16/18860",0.0625,2.56808278867102,0.9910313474184,0.325896123385969,0.325896123385969,0.721649483300591,"FTO",1
"GO:0048021","regulation of melanin biosynthetic process","1/459","16/18860",0.0625,2.56808278867102,0.9910313474184,0.325896123385969,0.325896123385969,0.721649483300591,"CDH3",1
"GO:0048308","organelle inheritance","1/459","16/18860",0.0625,2.56808278867102,0.9910313474184,0.325896123385969,0.325896123385969,0.721649483300591,"CDK1",1
"GO:0048313","Golgi inheritance","1/459","16/18860",0.0625,2.56808278867102,0.9910313474184,0.325896123385969,0.325896123385969,0.721649483300591,"CDK1",1
"GO:0048712","negative regulation of astrocyte differentiation","1/459","16/18860",0.0625,2.56808278867102,0.9910313474184,0.325896123385969,0.325896123385969,0.721649483300591,"F2",1
"GO:0048934","peripheral nervous system neuron differentiation","1/459","16/18860",0.0625,2.56808278867102,0.9910313474184,0.325896123385969,0.325896123385969,0.721649483300591,"ETV1",1
"GO:0051290","protein heterotetramerization","1/459","16/18860",0.0625,2.56808278867102,0.9910313474184,0.325896123385969,0.325896123385969,0.721649483300591,"GRIA3",1
"GO:0051412","response to corticosterone","1/459","16/18860",0.0625,2.56808278867102,0.9910313474184,0.325896123385969,0.325896123385969,0.721649483300591,"AANAT",1
"GO:0051481","negative regulation of cytosolic calcium ion concentration","1/459","16/18860",0.0625,2.56808278867102,0.9910313474184,0.325896123385969,0.325896123385969,0.721649483300591,"BCL2",1
"GO:0060026","convergent extension","1/459","16/18860",0.0625,2.56808278867102,0.9910313474184,0.325896123385969,0.325896123385969,0.721649483300591,"WNT5B",1
"GO:0070234","positive regulation of T cell apoptotic process","1/459","16/18860",0.0625,2.56808278867102,0.9910313474184,0.325896123385969,0.325896123385969,0.721649483300591,"BCL2L11",1
"GO:0070254","mucus secretion","1/459","16/18860",0.0625,2.56808278867102,0.9910313474184,0.325896123385969,0.325896123385969,0.721649483300591,"P2RY2",1
"GO:0070307","lens fiber cell development","1/459","16/18860",0.0625,2.56808278867102,0.9910313474184,0.325896123385969,0.325896123385969,0.721649483300591,"WNT5B",1
"GO:0070571","negative regulation of neuron projection regeneration","1/459","16/18860",0.0625,2.56808278867102,0.9910313474184,0.325896123385969,0.325896123385969,0.721649483300591,"RTN4RL1",1
"GO:0070593","dendrite self-avoidance","1/459","16/18860",0.0625,2.56808278867102,0.9910313474184,0.325896123385969,0.325896123385969,0.721649483300591,"IGSF9",1
"GO:0070943","neutrophil-mediated killing of symbiont cell","1/459","16/18860",0.0625,2.56808278867102,0.9910313474184,0.325896123385969,0.325896123385969,0.721649483300591,"F2",1
"GO:0071340","skeletal muscle acetylcholine-gated channel clustering","1/459","16/18860",0.0625,2.56808278867102,0.9910313474184,0.325896123385969,0.325896123385969,0.721649483300591,"DOK7",1
"GO:0071351","cellular response to interleukin-18","1/459","16/18860",0.0625,2.56808278867102,0.9910313474184,0.325896123385969,0.325896123385969,0.721649483300591,"PDGFB",1
"GO:0071360","cellular response to exogenous dsRNA","1/459","16/18860",0.0625,2.56808278867102,0.9910313474184,0.325896123385969,0.325896123385969,0.721649483300591,"OAS1",1
"GO:0071941","nitrogen cycle metabolic process","1/459","16/18860",0.0625,2.56808278867102,0.9910313474184,0.325896123385969,0.325896123385969,0.721649483300591,"AGMAT",1
"GO:0072498","embryonic skeletal joint development","1/459","16/18860",0.0625,2.56808278867102,0.9910313474184,0.325896123385969,0.325896123385969,0.721649483300591,"SHOX2",1
"GO:0072531","pyrimidine-containing compound transmembrane transport","1/459","16/18860",0.0625,2.56808278867102,0.9910313474184,0.325896123385969,0.325896123385969,0.721649483300591,"SLC28A3",1
"GO:0098877","neurotransmitter receptor transport to plasma membrane","1/459","16/18860",0.0625,2.56808278867102,0.9910313474184,0.325896123385969,0.325896123385969,0.721649483300591,"VAMP4",1
"GO:0099550","trans-synaptic signaling, modulating synaptic transmission","1/459","16/18860",0.0625,2.56808278867102,0.9910313474184,0.325896123385969,0.325896123385969,0.721649483300591,"CBLN1",1
"GO:0140718","facultative heterochromatin formation","1/459","16/18860",0.0625,2.56808278867102,0.9910313474184,0.325896123385969,0.325896123385969,0.721649483300591,"SMARCA5",1
"GO:0140966","piRNA-mediated heterochromatin formation","1/459","16/18860",0.0625,2.56808278867102,0.9910313474184,0.325896123385969,0.325896123385969,0.721649483300591,"TDRD9",1
"GO:0141201","pyroptotic cell death","1/459","16/18860",0.0625,2.56808278867102,0.9910313474184,0.325896123385969,0.325896123385969,0.721649483300591,"GSDMB",1
"GO:1900376","regulation of secondary metabolite biosynthetic process","1/459","16/18860",0.0625,2.56808278867102,0.9910313474184,0.325896123385969,0.325896123385969,0.721649483300591,"CDH3",1
"GO:1901077","regulation of relaxation of muscle","1/459","16/18860",0.0625,2.56808278867102,0.9910313474184,0.325896123385969,0.325896123385969,0.721649483300591,"ABCC8",1
"GO:1902166","negative regulation of intrinsic apoptotic signaling pathway in response to DNA damage by p53 class mediator","1/459","16/18860",0.0625,2.56808278867102,0.9910313474184,0.325896123385969,0.325896123385969,0.721649483300591,"BCL2",1
"GO:1902222","erythrose 4-phosphate/phosphoenolpyruvate family amino acid catabolic process","1/459","16/18860",0.0625,2.56808278867102,0.9910313474184,0.325896123385969,0.325896123385969,0.721649483300591,"HAAO",1
"GO:1903540","establishment of protein localization to postsynaptic membrane","1/459","16/18860",0.0625,2.56808278867102,0.9910313474184,0.325896123385969,0.325896123385969,0.721649483300591,"VAMP4",1
"GO:1903727","positive regulation of phospholipid metabolic process","1/459","16/18860",0.0625,2.56808278867102,0.9910313474184,0.325896123385969,0.325896123385969,0.721649483300591,"ENPP7",1
"GO:1903894","regulation of IRE1-mediated unfolded protein response","1/459","16/18860",0.0625,2.56808278867102,0.9910313474184,0.325896123385969,0.325896123385969,0.721649483300591,"BCL2L11",1
"GO:1905664","regulation of calcium ion import across plasma membrane","1/459","16/18860",0.0625,2.56808278867102,0.9910313474184,0.325896123385969,0.325896123385969,0.721649483300591,"AKAP5",1
"GO:0010712","regulation of collagen metabolic process","2/459","48/18860",0.0416666666666667,1.71205519244735,0.780120610147888,0.326653727721393,0.326653727721393,0.721649483300591,"F2/MYB",2
"GO:0033173","calcineurin-NFAT signaling cascade","2/459","48/18860",0.0416666666666667,1.71205519244735,0.780120610147888,0.326653727721393,0.326653727721393,0.721649483300591,"AKAP5/ATP2B4",2
"GO:0048066","developmental pigmentation","2/459","48/18860",0.0416666666666667,1.71205519244735,0.780120610147888,0.326653727721393,0.326653727721393,0.721649483300591,"BCL2/BCL2L11",2
"GO:0051489","regulation of filopodium assembly","2/459","48/18860",0.0416666666666667,1.71205519244735,0.780120610147888,0.326653727721393,0.326653727721393,0.721649483300591,"CDC42/GPM6A",2
"GO:0060428","lung epithelium development","2/459","48/18860",0.0416666666666667,1.71205519244735,0.780120610147888,0.326653727721393,0.326653727721393,0.721649483300591,"RBPJ/CDC42",2
"GO:1900181","negative regulation of protein localization to nucleus","2/459","48/18860",0.0416666666666667,1.71205519244735,0.780120610147888,0.326653727721393,0.326653727721393,0.721649483300591,"ANGPT1/PRKAA1",2
"GO:0010810","regulation of cell-substrate adhesion","7/459","230/18860",0.0304347826086957,1.25054466230937,0.603792349292121,0.328134748284298,0.328134748284298,0.721649483300591,"PDGFB/VIT/POSTN/BCL2/CDC42/MYOC/GCNT2",7
"GO:0030500","regulation of bone mineralization","3/459","83/18860",0.036144578313253,1.48515631152059,0.699604491501259,0.328784400360555,0.328784400360555,0.721649483300591,"S1PR1/MATN1/IFITM5",3
"GO:0033143","regulation of intracellular steroid hormone receptor signaling pathway","3/459","83/18860",0.036144578313253,1.48515631152059,0.699604491501259,0.328784400360555,0.328784400360555,0.721649483300591,"TCF7L2/STRN3/KDM4C",3
"GO:0043297","apical junction assembly","3/459","83/18860",0.036144578313253,1.48515631152059,0.699604491501259,0.328784400360555,0.328784400360555,0.721649483300591,"PKN2/CLDN1/CLDN19",3
"GO:0097061","dendritic spine organization","3/459","83/18860",0.036144578313253,1.48515631152059,0.699604491501259,0.328784400360555,0.328784400360555,0.721649483300591,"PPFIA2/CDC42/NGEF",3
"GO:1903008","organelle disassembly","3/459","83/18860",0.036144578313253,1.48515631152059,0.699604491501259,0.328784400360555,0.328784400360555,0.721649483300591,"CDK1/HBS1L/PRKAA1",3
"GO:0071326","cellular response to monosaccharide stimulus","5/459","156/18860",0.032051282051282,1.31696553265181,0.627844438408711,0.330809192551215,0.330809192551215,0.721649483300591,"CASR/PTPRN2/PRKAA1/ABCC8/UNC13B",5
"GO:1903531","negative regulation of secretion by cell","5/459","156/18860",0.032051282051282,1.31696553265181,0.627844438408711,0.330809192551215,0.330809192551215,0.721649483300591,"CRHBP/ATP9A/ACVR1C/WDR41/ABCC8",5
"GO:0016049","cell growth","14/459","499/18860",0.0280561122244489,1.15280670273008,0.546373305338247,0.331356901855745,0.331356901855745,0.721649483300591,"NRCAM/POSTN/BCL11A/PRKCQ/NRN1/NRG1/SGK3/BCL2/CDC42/MT3/PRICKLE1/F2/SUPV3L1/SYT17",14
"GO:0071375","cellular response to peptide hormone stimulus","10/459","345/18860",0.0289855072463768,1.19099491648511,0.565476365438463,0.331873121863398,0.331873121863398,0.721649483300591,"RAB31/GNAS/PRKCQ/MDM2/CRHBP/UMODL1/CA3/ACE/PRKAA1/CACNA2D3",10
"GO:0001934","positive regulation of protein phosphorylation","7/459","231/18860",0.0303030303030303,1.24513104905262,0.592044706969095,0.332060354663274,0.332060354663274,0.721649483300591,"PDGFB/DOK7/NRG1/ANGPT1/MT3/ENPP2/ARAF",7
"GO:0044403","biological process involved in symbiotic interaction","7/459","231/18860",0.0303030303030303,1.24513104905262,0.592044706969095,0.332060354663274,0.332060354663274,0.721649483300591,"TRIM11/MYH9/GSDMB/CDK1/WWP2/F2/CLDN1",7
"GO:0031099","regeneration","6/459","194/18860",0.0309278350515464,1.27080385418772,0.598790685003206,0.334399239594969,0.334399239594969,0.721649483300591,"POSTN/CA3/BCL2/RTN4RL1/HOPX/CLDN1",6
"GO:0044344","cellular response to fibroblast growth factor stimulus","4/459","120/18860",0.0333333333333333,1.36964415395788,0.641556090436959,0.334647419361647,0.334647419361647,0.721649483300591,"POSTN/FGF9/TRIM71/ZFP36L2",4
"GO:0014823","response to activity","3/459","84/18860",0.0357142857142857,1.46747587924059,0.678175774768083,0.335466617255672,0.335466617255672,0.721649483300591,"POSTN/CDK1/PRKAA1",3
"GO:0030516","regulation of axon extension","3/459","84/18860",0.0357142857142857,1.46747587924059,0.678175774768083,0.335466617255672,0.335466617255672,0.721649483300591,"NRCAM/BCL11A/MT3",3
"GO:0048678","response to axon injury","3/459","84/18860",0.0357142857142857,1.46747587924059,0.678175774768083,0.335466617255672,0.335466617255672,0.721649483300591,"BCL2/CDK1/RTN4RL1",3
"GO:0001825","blastocyst formation","2/459","49/18860",0.0408163265306122,1.67711529056067,0.749548397108829,0.33559690933064,0.33559690933064,0.721649483300591,"KDM4C/HOPX",2
"GO:0006509","membrane protein ectodomain proteolysis","2/459","49/18860",0.0408163265306122,1.67711529056067,0.749548397108829,0.33559690933064,0.33559690933064,0.721649483300591,"PRKCQ/MYH9",2
"GO:0032881","regulation of polysaccharide metabolic process","2/459","49/18860",0.0408163265306122,1.67711529056067,0.749548397108829,0.33559690933064,0.33559690933064,0.721649483300591,"PDGFB/EPM2AIP1",2
"GO:0035094","response to nicotine","2/459","49/18860",0.0408163265306122,1.67711529056067,0.749548397108829,0.33559690933064,0.33559690933064,0.721649483300591,"HMOX1/BCL2",2
"GO:0046189","phenol-containing compound biosynthetic process","2/459","49/18860",0.0408163265306122,1.67711529056067,0.749548397108829,0.33559690933064,0.33559690933064,0.721649483300591,"CDH3/HDC",2
"GO:0046578","regulation of Ras protein signal transduction","2/459","49/18860",0.0408163265306122,1.67711529056067,0.749548397108829,0.33559690933064,0.33559690933064,0.721649483300591,"RASGEF1A/RASGRF1",2
"GO:0060711","labyrinthine layer development","2/459","49/18860",0.0408163265306122,1.67711529056067,0.749548397108829,0.33559690933064,0.33559690933064,0.721649483300591,"RBPJ/VASH2",2
"GO:0072583","clathrin-dependent endocytosis","2/459","49/18860",0.0408163265306122,1.67711529056067,0.749548397108829,0.33559690933064,0.33559690933064,0.721649483300591,"HIP1R/SH3GL3",2
"GO:0170038","proteinogenic amino acid biosynthetic process","2/459","49/18860",0.0408163265306122,1.67711529056067,0.749548397108829,0.33559690933064,0.33559690933064,0.721649483300591,"APIP/MTHFR",2
"GO:1902041","regulation of extrinsic apoptotic signaling pathway via death domain receptors","2/459","49/18860",0.0408163265306122,1.67711529056067,0.749548397108829,0.33559690933064,0.33559690933064,0.721649483300591,"HMOX1/PMAIP1",2
"GO:1902108","regulation of mitochondrial membrane permeability involved in apoptotic process","2/459","49/18860",0.0408163265306122,1.67711529056067,0.749548397108829,0.33559690933064,0.33559690933064,0.721649483300591,"HIP1R/BCL2L11",2
"GO:1903307","positive regulation of regulated secretory pathway","2/459","49/18860",0.0408163265306122,1.67711529056067,0.749548397108829,0.33559690933064,0.33559690933064,0.721649483300591,"GAB2/HYAL3",2
"GO:1903426","regulation of reactive oxygen species biosynthetic process","2/459","49/18860",0.0408163265306122,1.67711529056067,0.749548397108829,0.33559690933064,0.33559690933064,0.721649483300591,"CA3/DUOXA2",2
"GO:1905710","positive regulation of membrane permeability","2/459","49/18860",0.0408163265306122,1.67711529056067,0.749548397108829,0.33559690933064,0.33559690933064,0.721649483300591,"HIP1R/BCL2L11",2
"GO:0009314","response to radiation","13/459","462/18860",0.0281385281385281,1.15619311697743,0.536837113577592,0.336097973277911,0.336097973277911,0.721649483300591,"PDC/MDM2/PPP1CC/SCARA3/BCL2/BMF/BRCC3/GRIN2A/PRKAA1/AANAT/HYAL3/CCDC66/ABCC8",13
"GO:0090287","regulation of cellular response to growth factor stimulus","11/459","385/18860",0.0285714285714286,1.17398070339247,0.54473362492254,0.33684670059157,0.33684670059157,0.721649483300591,"CDH3/XIAP/RBPJ/PBLD/SFRP4/HTRA3/ANGPT1/CDKN1C/FGF9/MT3/ATP2B4",11
"GO:0007189","adenylate cyclase-activating G protein-coupled receptor signaling pathway","6/459","195/18860",0.0307692307692308,1.26428691134574,0.585900575232889,0.338710577307585,0.338710577307585,0.721649483300591,"GNAS/CASR/S1PR1/PRKAR1B/PTGFR/ATP2B4",6
"GO:2001242","regulation of intrinsic apoptotic signaling pathway","6/459","195/18860",0.0307692307692308,1.26428691134574,0.585900575232889,0.338710577307585,0.338710577307585,0.721649483300591,"MDM2/IVNS1ABP/PMAIP1/CA3/BCL2/BCL2L11",6
"GO:0006720","isoprenoid metabolic process","4/459","121/18860",0.0330578512396694,1.35832478078467,0.624512713256594,0.340180357356081,0.340180357356081,0.721649483300591,"PNLIP/RDH11/CYP2E1/DHRS4L1",4
"GO:0007006","mitochondrial membrane organization","4/459","121/18860",0.0330578512396694,1.35832478078467,0.624512713256594,0.340180357356081,0.340180357356081,0.721649483300591,"HIP1R/PMAIP1/BCL2/BCL2L11",4
"GO:0019218","regulation of steroid metabolic process","4/459","121/18860",0.0330578512396694,1.35832478078467,0.624512713256594,0.340180357356081,0.340180357356081,0.721649483300591,"ERLIN2/PRKAA1/LPCAT3/SCP2",4
"GO:0022037","metencephalon development","4/459","121/18860",0.0330578512396694,1.35832478078467,0.624512713256594,0.340180357356081,0.340180357356081,0.721649483300591,"CBLN1/BCL2/GABRB3/CNTN1",4
"GO:0033559","unsaturated fatty acid metabolic process","4/459","121/18860",0.0330578512396694,1.35832478078467,0.624512713256594,0.340180357356081,0.340180357356081,0.721649483300591,"CYP2B6/PTGES3/CYP2E1/SCP2",4
"GO:0099072","regulation of postsynaptic membrane neurotransmitter receptor levels","4/459","121/18860",0.0330578512396694,1.35832478078467,0.624512713256594,0.340180357356081,0.340180357356081,0.721649483300591,"MDM2/NRG1/VAMP4/SYT17",4
"GO:1900180","regulation of protein localization to nucleus","5/459","158/18860",0.0316455696202532,1.3002950828714,0.598656494769226,0.34043314569394,0.34043314569394,0.721649483300591,"TCF7L2/ANGPT1/CDK1/PRKAA1/F2",5
"GO:1903169","regulation of calcium ion transmembrane transport","5/459","158/18860",0.0316455696202532,1.3002950828714,0.598656494769226,0.34043314569394,0.34043314569394,0.721649483300591,"AKAP5/BCL2/JPH4/UBR3/F2",5
"GO:1904375","regulation of protein localization to cell periphery","5/459","158/18860",0.0316455696202532,1.3002950828714,0.598656494769226,0.34043314569394,0.34043314569394,0.721649483300591,"AKAP5/VAMP4/ANXA13/ATP2B4/ARHGEF16",5
"GO:0035924","cellular response to vascular endothelial growth factor stimulus","3/459","85/18860",0.0352941176470588,1.45021145713187,0.657023635927122,0.342145570366259,0.342145570366259,0.721649483300591,"MT1G/ANGPT1/ATP2B4",3
"GO:0070227","lymphocyte apoptotic process","3/459","85/18860",0.0352941176470588,1.45021145713187,0.657023635927122,0.342145570366259,0.342145570366259,0.721649483300591,"PRKCQ/BCL2/BCL2L11",3
"GO:0001574","ganglioside biosynthetic process","1/459","17/18860",0.0588235294117647,2.41701909521979,0.923145378119074,0.342315868629327,0.342315868629327,0.721649483300591,"B4GALNT1",1
"GO:0002679","respiratory burst involved in defense response","1/459","17/18860",0.0588235294117647,2.41701909521979,0.923145378119074,0.342315868629327,0.342315868629327,0.721649483300591,"LBP",1
"GO:0002840","regulation of T cell mediated immune response to tumor cell","1/459","17/18860",0.0588235294117647,2.41701909521979,0.923145378119074,0.342315868629327,0.342315868629327,0.721649483300591,"PRKAA1",1
"GO:0003084","positive regulation of systemic arterial blood pressure","1/459","17/18860",0.0588235294117647,2.41701909521979,0.923145378119074,0.342315868629327,0.342315868629327,0.721649483300591,"ACE",1
"GO:0003214","cardiac left ventricle morphogenesis","1/459","17/18860",0.0588235294117647,2.41701909521979,0.923145378119074,0.342315868629327,0.342315868629327,0.721649483300591,"RBPJ",1
"GO:0003376","sphingosine-1-phosphate receptor signaling pathway","1/459","17/18860",0.0588235294117647,2.41701909521979,0.923145378119074,0.342315868629327,0.342315868629327,0.721649483300591,"S1PR1",1
"GO:0006361","transcription initiation at RNA polymerase I promoter","1/459","17/18860",0.0588235294117647,2.41701909521979,0.923145378119074,0.342315868629327,0.342315868629327,0.721649483300591,"TAF1B",1
"GO:0006855","xenobiotic transmembrane transport","1/459","17/18860",0.0588235294117647,2.41701909521979,0.923145378119074,0.342315868629327,0.342315868629327,0.721649483300591,"SLC28A3",1
"GO:0006878","intracellular copper ion homeostasis","1/459","17/18860",0.0588235294117647,2.41701909521979,0.923145378119074,0.342315868629327,0.342315868629327,0.721649483300591,"PRND",1
"GO:0007000","nucleolus organization","1/459","17/18860",0.0588235294117647,2.41701909521979,0.923145378119074,0.342315868629327,0.342315868629327,0.721649483300591,"SMARCA5",1
"GO:0010838","positive regulation of keratinocyte proliferation","1/459","17/18860",0.0588235294117647,2.41701909521979,0.923145378119074,0.342315868629327,0.342315868629327,0.721649483300591,"CDH3",1
"GO:0010989","negative regulation of low-density lipoprotein particle clearance","1/459","17/18860",0.0588235294117647,2.41701909521979,0.923145378119074,0.342315868629327,0.342315868629327,0.721649483300591,"ABCC8",1
"GO:0014857","regulation of skeletal muscle cell proliferation","1/459","17/18860",0.0588235294117647,2.41701909521979,0.923145378119074,0.342315868629327,0.342315868629327,0.721649483300591,"ANGPT1",1
"GO:0015671","oxygen transport","1/459","17/18860",0.0588235294117647,2.41701909521979,0.923145378119074,0.342315868629327,0.342315868629327,0.721649483300591,"MB",1
"GO:0015816","glycine transport","1/459","17/18860",0.0588235294117647,2.41701909521979,0.923145378119074,0.342315868629327,0.342315868629327,0.721649483300591,"SLC38A1",1
"GO:0018200","peptidyl-glutamic acid modification","1/459","17/18860",0.0588235294117647,2.41701909521979,0.923145378119074,0.342315868629327,0.342315868629327,0.721649483300591,"AGBL4",1
"GO:0030033","microvillus assembly","1/459","17/18860",0.0588235294117647,2.41701909521979,0.923145378119074,0.342315868629327,0.342315868629327,0.721649483300591,"PODXL",1
"GO:0030202","heparin proteoglycan metabolic process","1/459","17/18860",0.0588235294117647,2.41701909521979,0.923145378119074,0.342315868629327,0.342315868629327,0.721649483300591,"ANGPT1",1
"GO:0034656","nucleobase-containing small molecule catabolic process","1/459","17/18860",0.0588235294117647,2.41701909521979,0.923145378119074,0.342315868629327,0.342315868629327,0.721649483300591,"UPP1",1
"GO:0035728","response to hepatocyte growth factor","1/459","17/18860",0.0588235294117647,2.41701909521979,0.923145378119074,0.342315868629327,0.342315868629327,0.721649483300591,"CASR",1
"GO:0035860","glial cell-derived neurotrophic factor receptor signaling pathway","1/459","17/18860",0.0588235294117647,2.41701909521979,0.923145378119074,0.342315868629327,0.342315868629327,0.721649483300591,"NRTN",1
"GO:0042182","ketone catabolic process","1/459","17/18860",0.0588235294117647,2.41701909521979,0.923145378119074,0.342315868629327,0.342315868629327,0.721649483300591,"CBR3",1
"GO:0043517","positive regulation of DNA damage response, signal transduction by p53 class mediator","1/459","17/18860",0.0588235294117647,2.41701909521979,0.923145378119074,0.342315868629327,0.342315868629327,0.721649483300591,"PMAIP1",1
"GO:0043605","amide catabolic process","1/459","17/18860",0.0588235294117647,2.41701909521979,0.923145378119074,0.342315868629327,0.342315868629327,0.721649483300591,"FTCD",1
"GO:0044790","suppression of viral release by host","1/459","17/18860",0.0588235294117647,2.41701909521979,0.923145378119074,0.342315868629327,0.342315868629327,0.721649483300591,"TRIM11",1
"GO:0045725","positive regulation of glycogen biosynthetic process","1/459","17/18860",0.0588235294117647,2.41701909521979,0.923145378119074,0.342315868629327,0.342315868629327,0.721649483300591,"EPM2AIP1",1
"GO:0050665","hydrogen peroxide biosynthetic process","1/459","17/18860",0.0588235294117647,2.41701909521979,0.923145378119074,0.342315868629327,0.342315868629327,0.721649483300591,"DUOXA2",1
"GO:0051014","actin filament severing","1/459","17/18860",0.0588235294117647,2.41701909521979,0.923145378119074,0.342315868629327,0.342315868629327,0.721649483300591,"MYH9",1
"GO:0051177","meiotic sister chromatid cohesion","1/459","17/18860",0.0588235294117647,2.41701909521979,0.923145378119074,0.342315868629327,0.342315868629327,0.721649483300591,"HORMAD1",1
"GO:0060766","negative regulation of androgen receptor signaling pathway","1/459","17/18860",0.0588235294117647,2.41701909521979,0.923145378119074,0.342315868629327,0.342315868629327,0.721649483300591,"TCF7L2",1
"GO:0070341","fat cell proliferation","1/459","17/18860",0.0588235294117647,2.41701909521979,0.923145378119074,0.342315868629327,0.342315868629327,0.721649483300591,"FTO",1
"GO:0071243","cellular response to arsenic-containing substance","1/459","17/18860",0.0588235294117647,2.41701909521979,0.923145378119074,0.342315868629327,0.342315868629327,0.721649483300591,"HMOX1",1
"GO:0072109","glomerular mesangium development","1/459","17/18860",0.0588235294117647,2.41701909521979,0.923145378119074,0.342315868629327,0.342315868629327,0.721649483300591,"PDGFB",1
"GO:0072224","metanephric glomerulus development","1/459","17/18860",0.0588235294117647,2.41701909521979,0.923145378119074,0.342315868629327,0.342315868629327,0.721649483300591,"PDGFB",1
"GO:1902033","regulation of hematopoietic stem cell proliferation","1/459","17/18860",0.0588235294117647,2.41701909521979,0.923145378119074,0.342315868629327,0.342315868629327,0.721649483300591,"ACE",1
"GO:1902036","regulation of hematopoietic stem cell differentiation","1/459","17/18860",0.0588235294117647,2.41701909521979,0.923145378119074,0.342315868629327,0.342315868629327,0.721649483300591,"TCF15",1
"GO:1903541","regulation of exosomal secretion","1/459","17/18860",0.0588235294117647,2.41701909521979,0.923145378119074,0.342315868629327,0.342315868629327,0.721649483300591,"ATP9A",1
"GO:1903729","regulation of plasma membrane organization","1/459","17/18860",0.0588235294117647,2.41701909521979,0.923145378119074,0.342315868629327,0.342315868629327,0.721649483300591,"MYH9",1
"GO:0045859","regulation of protein kinase activity","7/459","234/18860",0.0299145299145299,1.22916783047502,0.557117426204955,0.343876761546655,0.343876761546655,0.721649483300591,"PDGFB/DOK7/AKT1S1/NRG1/ANGPT1/CDKN1C/MT3",7
"GO:0003016","respiratory system process","2/459","50/18860",0.04,1.64357298474946,0.719669951989905,0.344504612500273,0.344504612500273,0.721649483300591,"TCF15/FTO",2
"GO:0010837","regulation of keratinocyte proliferation","2/459","50/18860",0.04,1.64357298474946,0.719669951989905,0.344504612500273,0.344504612500273,0.721649483300591,"CDH3/KLF9",2
"GO:0010907","positive regulation of glucose metabolic process","2/459","50/18860",0.04,1.64357298474946,0.719669951989905,0.344504612500273,0.344504612500273,0.721649483300591,"PMAIP1/EPM2AIP1",2
"GO:0014037","Schwann cell differentiation","2/459","50/18860",0.04,1.64357298474946,0.719669951989905,0.344504612500273,0.344504612500273,0.721649483300591,"CDK1/MYOC",2
"GO:0035850","epithelial cell differentiation involved in kidney development","2/459","50/18860",0.04,1.64357298474946,0.719669951989905,0.344504612500273,0.344504612500273,0.721649483300591,"PDGFB/PODXL",2
"GO:0045197","establishment or maintenance of epithelial cell apical/basal polarity","2/459","50/18860",0.04,1.64357298474946,0.719669951989905,0.344504612500273,0.344504612500273,0.721649483300591,"TCF15/CDC42",2
"GO:0045947","negative regulation of translational initiation","2/459","50/18860",0.04,1.64357298474946,0.719669951989905,0.344504612500273,0.344504612500273,0.721649483300591,"AKT1S1/PRKAA1",2
"GO:0046627","negative regulation of insulin receptor signaling pathway","2/459","50/18860",0.04,1.64357298474946,0.719669951989905,0.344504612500273,0.344504612500273,0.721649483300591,"PRKCQ/PRKAA1",2
"GO:0051150","regulation of smooth muscle cell differentiation","2/459","50/18860",0.04,1.64357298474946,0.719669951989905,0.344504612500273,0.344504612500273,0.721649483300591,"PDGFB/FGF9",2
"GO:0071560","cellular response to transforming growth factor beta stimulus","9/459","311/18860",0.0289389067524116,1.18908013366118,0.53101991015199,0.346234288648713,0.346234288648713,0.721649483300591,"POSTN/CDH3/PBLD/HTRA3/CDKN1C/SOX5/ZFP36L2/GCNT2/CLDN1",9
"GO:0050866","negative regulation of cell activation","7/459","235/18860",0.0297872340425532,1.22393732906874,0.545578496689951,0.347827279245185,0.347827279245185,0.721649483300591,"PDGFB/ENPP3/DAPL1/PRKAA1/F2/MICA/FGL1",7
"GO:0008625","extrinsic apoptotic signaling pathway via death domain receptors","3/459","86/18860",0.0348837209302326,1.43334853321173,0.636140594090281,0.348819337438463,0.348819337438463,0.721649483300591,"HMOX1/PMAIP1/BCL2",3
"GO:0032418","lysosome localization","3/459","86/18860",0.0348837209302326,1.43334853321173,0.636140594090281,0.348819337438463,0.348819337438463,0.721649483300591,"MYH9/MAP6/GAB2",3
"GO:0070555","response to interleukin-1","4/459","123/18860",0.032520325203252,1.3362381989833,0.590873534883846,0.351253796308241,0.351253796308241,0.721649483300591,"MTHFR/HYAL3/SLC30A8/ADAMTS7",4
"GO:0032094","response to food","2/459","51/18860",0.0392156862745098,1.61134606347986,0.690453308932116,0.353373270957687,0.353373270957687,0.721649483300591,"MT3/GPR82",2
"GO:0045948","positive regulation of translational initiation","2/459","51/18860",0.0392156862745098,1.61134606347986,0.690453308932116,0.353373270957687,0.353373270957687,0.721649483300591,"AKT1S1/PRKAA1",2
"GO:0070296","sarcoplasmic reticulum calcium ion transport","2/459","51/18860",0.0392156862745098,1.61134606347986,0.690453308932116,0.353373270957687,0.353373270957687,0.721649483300591,"RYR1/JPH4",2
"GO:0098534","centriole assembly","2/459","51/18860",0.0392156862745098,1.61134606347986,0.690453308932116,0.353373270957687,0.353373270957687,0.721649483300591,"CETN2/CEP44",2
"GO:1900077","negative regulation of cellular response to insulin stimulus","2/459","51/18860",0.0392156862745098,1.61134606347986,0.690453308932116,0.353373270957687,0.353373270957687,0.721649483300591,"PRKCQ/PRKAA1",2
"GO:0044843","cell cycle G1/S phase transition","8/459","275/18860",0.0290909090909091,1.19532580709051,0.515335014979472,0.354668013399903,0.354668013399903,0.721649483300591,"ANKRD17/MDM2/BCL2/CDK1/TMEM14B/TRIM71/MYB/ATP2B4",8
"GO:0051347","positive regulation of transferase activity","5/459","161/18860",0.031055900621118,1.27606598194833,0.555599187359304,0.354905690322711,0.354905690322711,0.721649483300591,"PDGFB/DOK7/NRG1/ANGPT1/MT3",5
"GO:0001523","retinoid metabolic process","3/459","87/18860",0.0344827586206897,1.41687326271505,0.615519460026338,0.355486045708804,0.355486045708804,0.721649483300591,"PNLIP/RDH11/DHRS4L1",3
"GO:0042310","vasoconstriction","3/459","87/18860",0.0344827586206897,1.41687326271505,0.615519460026338,0.355486045708804,0.355486045708804,0.721649483300591,"SVEP1/CASR/ACE",3
"GO:0055117","regulation of cardiac muscle contraction","3/459","87/18860",0.0344827586206897,1.41687326271505,0.615519460026338,0.355486045708804,0.355486045708804,0.721649483300591,"STC1/JPH4/MYBPC3",3
"GO:0099068","postsynapse assembly","3/459","87/18860",0.0344827586206897,1.41687326271505,0.615519460026338,0.355486045708804,0.355486045708804,0.721649483300591,"CPEB3/CBLN1/PRICKLE1",3
"GO:1990849","vacuolar localization","3/459","87/18860",0.0344827586206897,1.41687326271505,0.615519460026338,0.355486045708804,0.355486045708804,0.721649483300591,"MYH9/MAP6/GAB2",3
"GO:0009755","hormone-mediated signaling pathway","7/459","237/18860",0.029535864978903,1.21360874401331,0.522652868351021,0.355743242592279,0.355743242592279,0.721649483300591,"TCF7L2/STRN3/CRHBP/KDM4C/RHOXF1/RARB/GPRIN3",7
"GO:0072330","monocarboxylic acid biosynthetic process","7/459","237/18860",0.029535864978903,1.21360874401331,0.522652868351021,0.355743242592279,0.355743242592279,0.721649483300591,"PNLIP/ACSM5/ERLIN2/PRKAA1/PTGES3/CYP2E1/SCP2",7
"GO:0009135","purine nucleoside diphosphate metabolic process","4/459","124/18860",0.032258064516129,1.32546208447537,0.574272163919443,0.356791995537254,0.356791995537254,0.721649483300591,"SLC4A4/TJP2/PRKAA1/PGAM4",4
"GO:0009179","purine ribonucleoside diphosphate metabolic process","4/459","124/18860",0.032258064516129,1.32546208447537,0.574272163919443,0.356791995537254,0.356791995537254,0.721649483300591,"SLC4A4/TJP2/PRKAA1/PGAM4",4
"GO:0030510","regulation of BMP signaling pathway","4/459","124/18860",0.032258064516129,1.32546208447537,0.574272163919443,0.356791995537254,0.356791995537254,0.721649483300591,"XIAP/RBPJ/SFRP4/HTRA3",4
"GO:0050000","chromosome localization","4/459","124/18860",0.032258064516129,1.32546208447537,0.574272163919443,0.356791995537254,0.356791995537254,0.721649483300591,"IFFO1/CDC42/CDK1/CCDC66",4
"GO:0000425","pexophagy","1/459","18/18860",0.0555555555555556,2.28274025659647,0.859916807871414,0.358336513765406,0.358336513765406,0.721649483300591,"PEX12",1
"GO:0003128","heart field specification","1/459","18/18860",0.0555555555555556,2.28274025659647,0.859916807871414,0.358336513765406,0.358336513765406,0.721649483300591,"RBPJ",1
"GO:0003159","morphogenesis of an endothelium","1/459","18/18860",0.0555555555555556,2.28274025659647,0.859916807871414,0.358336513765406,0.358336513765406,0.721649483300591,"RBPJ",1
"GO:0007096","regulation of exit from mitosis","1/459","18/18860",0.0555555555555556,2.28274025659647,0.859916807871414,0.358336513765406,0.358336513765406,0.721649483300591,"CDKN1C",1
"GO:0009151","purine deoxyribonucleotide metabolic process","1/459","18/18860",0.0555555555555556,2.28274025659647,0.859916807871414,0.358336513765406,0.358336513765406,0.721649483300591,"NT5DC4",1
"GO:0009223","pyrimidine deoxyribonucleotide catabolic process","1/459","18/18860",0.0555555555555556,2.28274025659647,0.859916807871414,0.358336513765406,0.358336513765406,0.721649483300591,"UPP1",1
"GO:0014841","skeletal muscle satellite cell proliferation","1/459","18/18860",0.0555555555555556,2.28274025659647,0.859916807871414,0.358336513765406,0.358336513765406,0.721649483300591,"ANGPT1",1
"GO:0019184","nonribosomal peptide biosynthetic process","1/459","18/18860",0.0555555555555556,2.28274025659647,0.859916807871414,0.358336513765406,0.358336513765406,0.721649483300591,"CHAC1",1
"GO:0030242","autophagy of peroxisome","1/459","18/18860",0.0555555555555556,2.28274025659647,0.859916807871414,0.358336513765406,0.358336513765406,0.721649483300591,"PEX12",1
"GO:0032026","response to magnesium ion","1/459","18/18860",0.0555555555555556,2.28274025659647,0.859916807871414,0.358336513765406,0.358336513765406,0.721649483300591,"MDM2",1
"GO:0032095","regulation of response to food","1/459","18/18860",0.0555555555555556,2.28274025659647,0.859916807871414,0.358336513765406,0.358336513765406,0.721649483300591,"MT3",1
"GO:0032328","alanine transport","1/459","18/18860",0.0555555555555556,2.28274025659647,0.859916807871414,0.358336513765406,0.358336513765406,0.721649483300591,"SLC38A1",1
"GO:0032530","regulation of microvillus organization","1/459","18/18860",0.0555555555555556,2.28274025659647,0.859916807871414,0.358336513765406,0.358336513765406,0.721649483300591,"PODXL",1
"GO:0033631","cell-cell adhesion mediated by integrin","1/459","18/18860",0.0555555555555556,2.28274025659647,0.859916807871414,0.358336513765406,0.358336513765406,0.721649483300591,"PODXL",1
"GO:0034727","piecemeal microautophagy of the nucleus","1/459","18/18860",0.0555555555555556,2.28274025659647,0.859916807871414,0.358336513765406,0.358336513765406,0.721649483300591,"ATG4C",1
"GO:0035973","aggrephagy","1/459","18/18860",0.0555555555555556,2.28274025659647,0.859916807871414,0.358336513765406,0.358336513765406,0.721649483300591,"ATG4C",1
"GO:0036507","protein demannosylation","1/459","18/18860",0.0555555555555556,2.28274025659647,0.859916807871414,0.358336513765406,0.358336513765406,0.721649483300591,"RNF103",1
"GO:0036508","protein alpha-1,2-demannosylation","1/459","18/18860",0.0555555555555556,2.28274025659647,0.859916807871414,0.358336513765406,0.358336513765406,0.721649483300591,"RNF103",1
"GO:0042308","negative regulation of protein import into nucleus","1/459","18/18860",0.0555555555555556,2.28274025659647,0.859916807871414,0.358336513765406,0.358336513765406,0.721649483300591,"ANGPT1",1
"GO:0042448","progesterone metabolic process","1/459","18/18860",0.0555555555555556,2.28274025659647,0.859916807871414,0.358336513765406,0.358336513765406,0.721649483300591,"SCP2",1
"GO:0045064","T-helper 2 cell differentiation","1/459","18/18860",0.0555555555555556,2.28274025659647,0.859916807871414,0.358336513765406,0.358336513765406,0.721649483300591,"MYB",1
"GO:0045945","positive regulation of transcription by RNA polymerase III","1/459","18/18860",0.0555555555555556,2.28274025659647,0.859916807871414,0.358336513765406,0.358336513765406,0.721649483300591,"SMARCA5",1
"GO:0045956","positive regulation of calcium ion-dependent exocytosis","1/459","18/18860",0.0555555555555556,2.28274025659647,0.859916807871414,0.358336513765406,0.358336513765406,0.721649483300591,"HYAL3",1
"GO:0046831","regulation of RNA export from nucleus","1/459","18/18860",0.0555555555555556,2.28274025659647,0.859916807871414,0.358336513765406,0.358336513765406,0.721649483300591,"IWS1",1
"GO:0048557","embryonic digestive tract morphogenesis","1/459","18/18860",0.0555555555555556,2.28274025659647,0.859916807871414,0.358336513765406,0.358336513765406,0.721649483300591,"SHOX2",1
"GO:0060221","retinal rod cell differentiation","1/459","18/18860",0.0555555555555556,2.28274025659647,0.859916807871414,0.358336513765406,0.358336513765406,0.721649483300591,"RORB",1
"GO:0060253","negative regulation of glial cell proliferation","1/459","18/18860",0.0555555555555556,2.28274025659647,0.859916807871414,0.358336513765406,0.358336513765406,0.721649483300591,"ABCC8",1
"GO:0060965","negative regulation of miRNA-mediated gene silencing","1/459","18/18860",0.0555555555555556,2.28274025659647,0.859916807871414,0.358336513765406,0.358336513765406,0.721649483300591,"DND1",1
"GO:0061154","endothelial tube morphogenesis","1/459","18/18860",0.0555555555555556,2.28274025659647,0.859916807871414,0.358336513765406,0.358336513765406,0.721649483300591,"RBPJ",1
"GO:0070206","protein trimerization","1/459","18/18860",0.0555555555555556,2.28274025659647,0.859916807871414,0.358336513765406,0.358336513765406,0.721649483300591,"CLYBL",1
"GO:0070942","neutrophil mediated cytotoxicity","1/459","18/18860",0.0555555555555556,2.28274025659647,0.859916807871414,0.358336513765406,0.358336513765406,0.721649483300591,"F2",1
"GO:0072189","ureter development","1/459","18/18860",0.0555555555555556,2.28274025659647,0.859916807871414,0.358336513765406,0.358336513765406,0.721649483300591,"NFIA",1
"GO:0072378","blood coagulation, fibrin clot formation","1/459","18/18860",0.0555555555555556,2.28274025659647,0.859916807871414,0.358336513765406,0.358336513765406,0.721649483300591,"APOH",1
"GO:0072673","lamellipodium morphogenesis","1/459","18/18860",0.0555555555555556,2.28274025659647,0.859916807871414,0.358336513765406,0.358336513765406,0.721649483300591,"ENPP2",1
"GO:0080154","regulation of fertilization","1/459","18/18860",0.0555555555555556,2.28274025659647,0.859916807871414,0.358336513765406,0.358336513765406,0.721649483300591,"MYH9",1
"GO:0097094","craniofacial suture morphogenesis","1/459","18/18860",0.0555555555555556,2.28274025659647,0.859916807871414,0.358336513765406,0.358336513765406,0.721649483300591,"MMP16",1
"GO:0098883","synapse pruning","1/459","18/18860",0.0555555555555556,2.28274025659647,0.859916807871414,0.358336513765406,0.358336513765406,0.721649483300591,"NGEF",1
"GO:0099601","regulation of neurotransmitter receptor activity","1/459","18/18860",0.0555555555555556,2.28274025659647,0.859916807871414,0.358336513765406,0.358336513765406,0.721649483300591,"CRHBP",1
"GO:0160049","negative regulation of cGAS/STING signaling pathway","1/459","18/18860",0.0555555555555556,2.28274025659647,0.859916807871414,0.358336513765406,0.358336513765406,0.721649483300591,"SMPDL3A",1
"GO:1900747","negative regulation of vascular endothelial growth factor signaling pathway","1/459","18/18860",0.0555555555555556,2.28274025659647,0.859916807871414,0.358336513765406,0.358336513765406,0.721649483300591,"ANGPT1",1
"GO:1901163","regulation of trophoblast cell migration","1/459","18/18860",0.0555555555555556,2.28274025659647,0.859916807871414,0.358336513765406,0.358336513765406,0.721649483300591,"ACVR1C",1
"GO:1901298","regulation of hydrogen peroxide-mediated programmed cell death","1/459","18/18860",0.0555555555555556,2.28274025659647,0.859916807871414,0.358336513765406,0.358336513765406,0.721649483300591,"CA3",1
"GO:1902916","positive regulation of protein polyubiquitination","1/459","18/18860",0.0555555555555556,2.28274025659647,0.859916807871414,0.358336513765406,0.358336513765406,0.721649483300591,"XIAP",1
"GO:1902931","negative regulation of alcohol biosynthetic process","1/459","18/18860",0.0555555555555556,2.28274025659647,0.859916807871414,0.358336513765406,0.358336513765406,0.721649483300591,"ERLIN2",1
"GO:2000136","regulation of cell proliferation involved in heart morphogenesis","1/459","18/18860",0.0555555555555556,2.28274025659647,0.859916807871414,0.358336513765406,0.358336513765406,0.721649483300591,"RBPJ",1
"GO:0043583","ear development","7/459","238/18860",0.0294117647058824,1.20850954760989,0.511265189285305,0.359707813778364,0.359707813778364,0.721649483300591,"TCF15/FZD2/RBPJ/BCL2/FGF9/GABRB3/BCL2L11",7
"GO:0048588","developmental cell growth","7/459","238/18860",0.0294117647058824,1.20850954760989,0.511265189285305,0.359707813778364,0.359707813778364,0.721649483300591,"NRCAM/POSTN/BCL11A/NRN1/MT3/PRICKLE1/SYT17",7
"GO:0007612","learning","5/459","162/18860",0.0308641975308642,1.26818903144248,0.541434470520242,0.359736503504053,0.359736503504053,0.721649483300591,"CNTNAP2/GRIN2A/GABRB3/JPH4/ABCC8",5
"GO:0035296","regulation of tube diameter","5/459","162/18860",0.0308641975308642,1.26818903144248,0.541434470520242,0.359736503504053,0.359736503504053,0.721649483300591,"SVEP1/CASR/VSTM4/P2RY2/ACE",5
"GO:0097746","blood vessel diameter maintenance","5/459","162/18860",0.0308641975308642,1.26818903144248,0.541434470520242,0.359736503504053,0.359736503504053,0.721649483300591,"SVEP1/CASR/VSTM4/P2RY2/ACE",5
"GO:0006790","sulfur compound metabolic process","8/459","277/18860",0.0288808664259928,1.18669529584798,0.494379332307888,0.36201706686906,0.36201706686906,0.721649483300591,"THEM5/TPK1/ACSM5/APIP/MTHFR/ETHE1/PDK1/CHAC1",8
"GO:0010232","vascular transport","3/459","88/18860",0.0340909090909091,1.40077243018419,0.595153321494086,0.362143871747291,0.362143871747291,0.721649483300591,"SLC38A1/SLC4A4/ATP2B4",3
"GO:0072332","intrinsic apoptotic signaling pathway by p53 class mediator","3/459","88/18860",0.0340909090909091,1.40077243018419,0.595153321494086,0.362143871747291,0.362143871747291,0.721649483300591,"MDM2/PMAIP1/BCL2",3
"GO:0150104","transport across blood-brain barrier","3/459","88/18860",0.0340909090909091,1.40077243018419,0.595153321494086,0.362143871747291,0.362143871747291,0.721649483300591,"SLC38A1/SLC4A4/ATP2B4",3
"GO:0002347","response to tumor cell","2/459","52/18860",0.0384615384615385,1.58035863918217,0.661868599700248,0.362199512246999,0.362199512246999,0.721649483300591,"PRKAA1/MICA",2
"GO:0010559","regulation of glycoprotein biosynthetic process","2/459","52/18860",0.0384615384615385,1.58035863918217,0.661868599700248,0.362199512246999,0.362199512246999,0.721649483300591,"TCF7L2/BCL2",2
"GO:0042572","retinol metabolic process","2/459","52/18860",0.0384615384615385,1.58035863918217,0.661868599700248,0.362199512246999,0.362199512246999,0.721649483300591,"PNLIP/RDH11",2
"GO:0070849","response to epidermal growth factor","2/459","52/18860",0.0384615384615385,1.58035863918217,0.661868599700248,0.362199512246999,0.362199512246999,0.721649483300591,"MCM7/ZFP36L2",2
"GO:1902414","protein localization to cell junction","4/459","125/18860",0.032,1.31485838779956,0.5578126841582,0.362329676870707,0.362329676870707,0.721649483300591,"TJP2/VAMP4/GRIN2A/TJP3",4
"GO:1904064","positive regulation of cation transmembrane transport","4/459","125/18860",0.032,1.31485838779956,0.5578126841582,0.362329676870707,0.362329676870707,0.721649483300591,"AKAP5/KCNH2/WNK2/F2",4
"GO:0010594","regulation of endothelial cell migration","7/459","239/18860",0.0292887029288703,1.20345302230609,0.499926958300718,0.363676198760388,0.363676198760388,0.721649483300591,"STC1/PDGFB/APOH/HMOX1/ANGPT1/ATOH8/ATP2B4",7
"GO:0097191","extrinsic apoptotic signaling pathway","7/459","239/18860",0.0292887029288703,1.20345302230609,0.499926958300718,0.363676198760388,0.363676198760388,0.721649483300591,"TCF7L2/NRG1/SGK3/HMOX1/PMAIP1/BCL2/BCL2L11",7
"GO:0048568","embryonic organ development","13/459","472/18860",0.0275423728813559,1.13169750009232,0.457642388220803,0.364087048342532,0.364087048342532,0.721649483300591,"PDGFB/FZD2/MFAP2/RBPJ/CDC42/CDKN1C/FGF9/PRICKLE1/SHOX2/RARB/VASH2/MMP16/MYB",13
"GO:0009895","negative regulation of catabolic process","11/459","394/18860",0.0279187817258883,1.14716388529467,0.466238250911592,0.364447744506895,0.364447744506895,0.721649483300591,"UCHL5/HMOX1/DND1/BCL2/BMF/MT3/GRIN2A/DAPL1/PRKAA1/ATP2B4/NQO1",11
"GO:0031507","heterochromatin formation","5/459","163/18860",0.0306748466257669,1.26040873063609,0.527361400624497,0.364569350860714,0.364569350860714,0.721649483300591,"TDRD9/MPHOSPH8/SPTY2D1/LMNB1/SMARCA5",5
"GO:0035150","regulation of tube size","5/459","163/18860",0.0306748466257669,1.26040873063609,0.527361400624497,0.364569350860714,0.364569350860714,0.721649483300591,"SVEP1/CASR/VSTM4/P2RY2/ACE",5
"GO:0070374","positive regulation of ERK1 and ERK2 cascade","6/459","201/18860",0.0298507462686567,1.22654700354437,0.509984678803284,0.36468591544729,0.36468591544729,0.721649483300591,"PDGFB/CASR/NRG1/ANGPT1/MT3/GCNT2",6
"GO:0048762","mesenchymal cell differentiation","8/459","278/18860",0.0287769784172662,1.18242660773342,0.483959827041224,0.365697431640521,0.365697431640521,0.721649483300591,"TCF7L2/NRG1/WNT8A/RBPJ/BCL2/CDC42/GCNT2/NRTN",8
"GO:0090068","positive regulation of cell cycle process","8/459","278/18860",0.0287769784172662,1.18242660773342,0.483959827041224,0.365697431640521,0.365697431640521,0.721649483300591,"PDGFB/ANKRD17/MDM2/CDC42/CDK1/PKN2/OR1A2/RAB11FIP4",8
"GO:0006813","potassium ion transport","7/459","240/18860",0.0291666666666667,1.19843863471314,0.48863770234614,0.367647966117626,0.367647966117626,0.721649483300591,"KCNH2/KCNK6/KCNK5/WWP2/KCNIP1/KCNH6/ABCC8",7
"GO:0043547","positive regulation of GTPase activity","3/459","89/18860",0.0337078651685393,1.38503341411471,0.575035529472981,0.368791041252245,0.368791041252245,0.721649483300591,"EVI5/ABR/ARHGEF16",3
"GO:0046209","nitric oxide metabolic process","3/459","89/18860",0.0337078651685393,1.38503341411471,0.575035529472981,0.368791041252245,0.368791041252245,0.721649483300591,"TMEM106A/ATP2B4/NQO1",3
"GO:2000628","regulation of miRNA metabolic process","3/459","89/18860",0.0337078651685393,1.38503341411471,0.575035529472981,0.368791041252245,0.368791041252245,0.721649483300591,"PDGFB/ATOH8/MYB",3
"GO:0006898","receptor-mediated endocytosis","8/459","279/18860",0.028673835125448,1.17818851953366,0.473578785982,0.369381228490434,0.369381228490434,0.721649483300591,"RAB31/MDM2/NRG1/SFRP4/HIP1R/ANGPT1/SH3GL3/SYT17",8
"GO:0030010","establishment of cell polarity","5/459","164/18860",0.0304878048780488,1.25272331154684,0.513378691111371,0.369403475998804,0.369403475998804,0.721649483300591,"TCF15/MYH9/CDC42/PRICKLE1/CCDC66",5
"GO:0071559","response to transforming growth factor beta","9/459","318/18860",0.0283018867924528,1.16290541373782,0.462717312830557,0.37030376508084,0.37030376508084,0.721649483300591,"POSTN/CDH3/PBLD/HTRA3/CDKN1C/SOX5/ZFP36L2/GCNT2/CLDN1",9
"GO:0032956","regulation of actin cytoskeleton organization","10/459","357/18860",0.0280112044817927,1.15096147391418,0.454803838485426,0.370665582014831,0.370665582014831,0.721649483300591,"S1PR1/HIP1R/CDC42/ARHGEF10L/NGEF/MYOC/SSH1/OAZ3/NEB/ARHGEF16",10
"GO:0003197","endocardial cushion development","2/459","53/18860",0.0377358490566038,1.55054055165043,0.63388787778299,0.370980150443103,0.370980150443103,0.721649483300591,"MDM2/RBPJ",2
"GO:0003254","regulation of membrane depolarization","2/459","53/18860",0.0377358490566038,1.55054055165043,0.63388787778299,0.370980150443103,0.370980150443103,0.721649483300591,"BCL2/MYOC",2
"GO:0006778","porphyrin-containing compound metabolic process","2/459","53/18860",0.0377358490566038,1.55054055165043,0.63388787778299,0.370980150443103,0.370980150443103,0.721649483300591,"HMOX1/TMEM14B",2
"GO:0019369","arachidonate metabolic process","2/459","53/18860",0.0377358490566038,1.55054055165043,0.63388787778299,0.370980150443103,0.370980150443103,0.721649483300591,"CYP2B6/CYP2E1",2
"GO:0032924","activin receptor signaling pathway","2/459","53/18860",0.0377358490566038,1.55054055165043,0.63388787778299,0.370980150443103,0.370980150443103,0.721649483300591,"FGF9/ACVR1C",2
"GO:0035384","thioester biosynthetic process","2/459","53/18860",0.0377358490566038,1.55054055165043,0.63388787778299,0.370980150443103,0.370980150443103,0.721649483300591,"TPK1/PDK1",2
"GO:0035987","endodermal cell differentiation","2/459","53/18860",0.0377358490566038,1.55054055165043,0.63388787778299,0.370980150443103,0.370980150443103,0.721649483300591,"MIXL1/MYH9",2
"GO:0048013","ephrin receptor signaling pathway","2/459","53/18860",0.0377358490566038,1.55054055165043,0.63388787778299,0.370980150443103,0.370980150443103,0.721649483300591,"RBPJ/NGEF",2
"GO:0048546","digestive tract morphogenesis","2/459","53/18860",0.0377358490566038,1.55054055165043,0.63388787778299,0.370980150443103,0.370980150443103,0.721649483300591,"BCL2/SHOX2",2
"GO:0050873","brown fat cell differentiation","2/459","53/18860",0.0377358490566038,1.55054055165043,0.63388787778299,0.370980150443103,0.370980150443103,0.721649483300591,"MB/FTO",2
"GO:0071616","acyl-CoA biosynthetic process","2/459","53/18860",0.0377358490566038,1.55054055165043,0.63388787778299,0.370980150443103,0.370980150443103,0.721649483300591,"TPK1/PDK1",2
"GO:0085029","extracellular matrix assembly","2/459","53/18860",0.0377358490566038,1.55054055165043,0.63388787778299,0.370980150443103,0.370980150443103,0.721649483300591,"MYH11/PRICKLE1",2
"GO:0007369","gastrulation","6/459","203/18860",0.0295566502463054,1.2144627966129,0.485203626805613,0.373371641053704,0.373371641053704,0.721649483300591,"MIXL1/MYH9/ETV2/PRICKLE1/ATOH8/WNT5B",6
"GO:0042303","molting cycle","4/459","127/18860",0.031496062992126,1.29415195649563,0.525309065439806,0.373399082978964,0.373399082978964,0.721649483300591,"GNAS/CDH3/RBPJ/BCL2",4
"GO:0042633","hair cycle","4/459","127/18860",0.031496062992126,1.29415195649563,0.525309065439806,0.373399082978964,0.373399082978964,0.721649483300591,"GNAS/CDH3/RBPJ/BCL2",4
"GO:0006071","glycerol metabolic process","1/459","19/18860",0.0526315789473684,2.16259603256507,0.800753088879826,0.373967738698093,0.373967738698093,0.721649483300591,"COQ3",1
"GO:0006684","sphingomyelin metabolic process","1/459","19/18860",0.0526315789473684,2.16259603256507,0.800753088879826,0.373967738698093,0.373967738698093,0.721649483300591,"ENPP7",1
"GO:0006744","ubiquinone biosynthetic process","1/459","19/18860",0.0526315789473684,2.16259603256507,0.800753088879826,0.373967738698093,0.373967738698093,0.721649483300591,"COQ3",1
"GO:0008356","asymmetric cell division","1/459","19/18860",0.0526315789473684,2.16259603256507,0.800753088879826,0.373967738698093,0.373967738698093,0.721649483300591,"SOX5",1
"GO:0009125","nucleoside monophosphate catabolic process","1/459","19/18860",0.0526315789473684,2.16259603256507,0.800753088879826,0.373967738698093,0.373967738698093,0.721649483300591,"UPP1",1
"GO:0010288","response to lead ion","1/459","19/18860",0.0526315789473684,2.16259603256507,0.800753088879826,0.373967738698093,0.373967738698093,0.721649483300591,"CLDN1",1
"GO:0010560","positive regulation of glycoprotein biosynthetic process","1/459","19/18860",0.0526315789473684,2.16259603256507,0.800753088879826,0.373967738698093,0.373967738698093,0.721649483300591,"TCF7L2",1
"GO:0015812","gamma-aminobutyric acid transport","1/459","19/18860",0.0526315789473684,2.16259603256507,0.800753088879826,0.373967738698093,0.373967738698093,0.721649483300591,"SLC6A8",1
"GO:0016075","rRNA catabolic process","1/459","19/18860",0.0526315789473684,2.16259603256507,0.800753088879826,0.373967738698093,0.373967738698093,0.721649483300591,"SLFN12",1
"GO:0018149","peptide cross-linking","1/459","19/18860",0.0526315789473684,2.16259603256507,0.800753088879826,0.373967738698093,0.373967738698093,0.721649483300591,"SPRR2E",1
"GO:0033003","regulation of mast cell activation","1/459","19/18860",0.0526315789473684,2.16259603256507,0.800753088879826,0.373967738698093,0.373967738698093,0.721649483300591,"ENPP3",1
"GO:0034392","negative regulation of smooth muscle cell apoptotic process","1/459","19/18860",0.0526315789473684,2.16259603256507,0.800753088879826,0.373967738698093,0.373967738698093,0.721649483300591,"APOH",1
"GO:0045346","regulation of MHC class II biosynthetic process","1/459","19/18860",0.0526315789473684,2.16259603256507,0.800753088879826,0.373967738698093,0.373967738698093,0.721649483300591,"TMEM106A",1
"GO:0050884","neuromuscular process controlling posture","1/459","19/18860",0.0526315789473684,2.16259603256507,0.800753088879826,0.373967738698093,0.373967738698093,0.721649483300591,"TCF15",1
"GO:0060149","negative regulation of post-transcriptional gene silencing","1/459","19/18860",0.0526315789473684,2.16259603256507,0.800753088879826,0.373967738698093,0.373967738698093,0.721649483300591,"DND1",1
"GO:0060263","regulation of respiratory burst","1/459","19/18860",0.0526315789473684,2.16259603256507,0.800753088879826,0.373967738698093,0.373967738698093,0.721649483300591,"LBP",1
"GO:0060967","negative regulation of gene silencing by regulatory ncRNA","1/459","19/18860",0.0526315789473684,2.16259603256507,0.800753088879826,0.373967738698093,0.373967738698093,0.721649483300591,"DND1",1
"GO:0061323","cell proliferation involved in heart morphogenesis","1/459","19/18860",0.0526315789473684,2.16259603256507,0.800753088879826,0.373967738698093,0.373967738698093,0.721649483300591,"RBPJ",1
"GO:0072578","neurotransmitter-gated ion channel clustering","1/459","19/18860",0.0526315789473684,2.16259603256507,0.800753088879826,0.373967738698093,0.373967738698093,0.721649483300591,"SSH1",1
"GO:0075523","viral translational frameshifting","1/459","19/18860",0.0526315789473684,2.16259603256507,0.800753088879826,0.373967738698093,0.373967738698093,0.721649483300591,"OAZ3",1
"GO:0090110","COPII-coated vesicle cargo loading","1/459","19/18860",0.0526315789473684,2.16259603256507,0.800753088879826,0.373967738698093,0.373967738698093,0.721649483300591,"MIA3",1
"GO:0098915","membrane repolarization during ventricular cardiac muscle cell action potential","1/459","19/18860",0.0526315789473684,2.16259603256507,0.800753088879826,0.373967738698093,0.373967738698093,0.721649483300591,"KCNH2",1
"GO:0170044","non-proteinogenic amino acid catabolic process","1/459","19/18860",0.0526315789473684,2.16259603256507,0.800753088879826,0.373967738698093,0.373967738698093,0.721649483300591,"SARDH",1
"GO:1900369","negative regulation of post-transcriptional gene silencing by regulatory ncRNA","1/459","19/18860",0.0526315789473684,2.16259603256507,0.800753088879826,0.373967738698093,0.373967738698093,0.721649483300591,"DND1",1
"GO:1900424","regulation of defense response to bacterium","1/459","19/18860",0.0526315789473684,2.16259603256507,0.800753088879826,0.373967738698093,0.373967738698093,0.721649483300591,"KLK3",1
"GO:1901663","quinone biosynthetic process","1/459","19/18860",0.0526315789473684,2.16259603256507,0.800753088879826,0.373967738698093,0.373967738698093,0.721649483300591,"COQ3",1
"GO:1902065","response to L-glutamate","1/459","19/18860",0.0526315789473684,2.16259603256507,0.800753088879826,0.373967738698093,0.373967738698093,0.721649483300591,"BCL11A",1
"GO:1902165","regulation of intrinsic apoptotic signaling pathway in response to DNA damage by p53 class mediator","1/459","19/18860",0.0526315789473684,2.16259603256507,0.800753088879826,0.373967738698093,0.373967738698093,0.721649483300591,"BCL2",1
"GO:1902514","regulation of calcium ion transmembrane transport via high voltage-gated calcium channel","1/459","19/18860",0.0526315789473684,2.16259603256507,0.800753088879826,0.373967738698093,0.373967738698093,0.721649483300591,"UBR3",1
"GO:1903232","melanosome assembly","1/459","19/18860",0.0526315789473684,2.16259603256507,0.800753088879826,0.373967738698093,0.373967738698093,0.721649483300591,"AP1S3",1
"GO:1903978","regulation of microglial cell activation","1/459","19/18860",0.0526315789473684,2.16259603256507,0.800753088879826,0.373967738698093,0.373967738698093,0.721649483300591,"CALHM2",1
"GO:1904294","positive regulation of ERAD pathway","1/459","19/18860",0.0526315789473684,2.16259603256507,0.800753088879826,0.373967738698093,0.373967738698093,0.721649483300591,"ATXN3L",1
"GO:1990403","embryonic brain development","1/459","19/18860",0.0526315789473684,2.16259603256507,0.800753088879826,0.373967738698093,0.373967738698093,0.721649483300591,"PRICKLE1",1
"GO:2000811","negative regulation of anoikis","1/459","19/18860",0.0526315789473684,2.16259603256507,0.800753088879826,0.373967738698093,0.373967738698093,0.721649483300591,"BCL2",1
"GO:0045807","positive regulation of endocytosis","5/459","165/18860",0.0303030303030303,1.24513104905262,0.499485081706999,0.374238131194475,0.374238131194475,0.721649483300591,"RAB31/GNAS/SFRP4/ANGPT1/CDC42",5
"GO:0071322","cellular response to carbohydrate stimulus","5/459","165/18860",0.0303030303030303,1.24513104905262,0.499485081706999,0.374238131194475,0.374238131194475,0.721649483300591,"CASR/PTPRN2/PRKAA1/ABCC8/UNC13B",5
"GO:0001843","neural tube closure","3/459","90/18860",0.0333333333333333,1.36964415395788,0.555159685226861,0.375425828799927,0.375425828799927,0.721649483300591,"PRICKLE1/MTHFR/TRIM71",3
"GO:0045995","regulation of embryonic development","3/459","90/18860",0.0333333333333333,1.36964415395788,0.555159685226861,0.375425828799927,0.375425828799927,0.721649483300591,"UCHL5/INO80C/CDK1",3
"GO:0050810","regulation of steroid biosynthetic process","3/459","90/18860",0.0333333333333333,1.36964415395788,0.555159685226861,0.375425828799927,0.375425828799927,0.721649483300591,"ERLIN2/PRKAA1/LPCAT3",3
"GO:0001935","endothelial cell proliferation","6/459","204/18860",0.0294117647058824,1.20850954760989,0.472908068260581,0.377717116784093,0.377717116784093,0.721649483300591,"PDGFB/VSTM4/APOH/HMOX1/VASH2/ATOH8",6
"GO:0030282","bone mineralization","4/459","128/18860",0.03125,1.28404139433551,0.509259930602688,0.378928653016332,0.378928653016332,0.721649483300591,"S1PR1/MATN1/PRICKLE1/IFITM5",4
"GO:1903305","regulation of regulated secretory pathway","4/459","128/18860",0.03125,1.28404139433551,0.509259930602688,0.378928653016332,0.378928653016332,0.721649483300591,"PPFIA2/GAB2/HYAL3/SYT17",4
"GO:0000723","telomere maintenance","5/459","166/18860",0.0301204819277108,1.23763025960049,0.48567933772649,0.379072577577156,0.379072577577156,0.721649483300591,"PRKCQ/UCHL5/INO80C/PTGES3/SMG1",5
"GO:0043086","negative regulation of catalytic activity","5/459","166/18860",0.0301204819277108,1.23763025960049,0.48567933772649,0.379072577577156,0.379072577577156,0.721649483300591,"AKAP5/LRCH1/AKT1S1/CDKN1C/MT3",5
"GO:0043254","regulation of protein-containing complex assembly","12/459","438/18860",0.0273972602739726,1.12573492106127,0.420503427537481,0.379151334770266,0.379151334770266,0.721649483300591,"BCL11A/CASR/TRIM11/KCNK6/NRG1/HIP1R/CDC42/BMF/BRCC3/SSH1/BCL2L11/UNC13B",12
"GO:0007411","axon guidance","7/459","243/18860",0.0288065843621399,1.18364309601298,0.455059152492637,0.379579286664481,0.379579286664481,0.721649483300591,"NRCAM/ABLIM1/PRKCQ/ETV1/CNTN1/ARHGEF40/IGSF9",7
"GO:0006220","pyrimidine nucleotide metabolic process","2/459","54/18860",0.037037037037037,1.52182683773098,0.606484960294482,0.379712179104302,0.379712179104302,0.721649483300591,"ENPP3/UPP1",2
"GO:0008542","visual learning","2/459","54/18860",0.037037037037037,1.52182683773098,0.606484960294482,0.379712179104302,0.379712179104302,0.721649483300591,"GRIN2A/ABCC8",2
"GO:0031103","axon regeneration","2/459","54/18860",0.037037037037037,1.52182683773098,0.606484960294482,0.379712179104302,0.379712179104302,0.721649483300591,"BCL2/RTN4RL1",2
"GO:0042596","fear response","2/459","54/18860",0.037037037037037,1.52182683773098,0.606484960294482,0.379712179104302,0.379712179104302,0.721649483300591,"BCL2/PRKAR1B",2
"GO:0043094","metabolic compound salvage","2/459","54/18860",0.037037037037037,1.52182683773098,0.606484960294482,0.379712179104302,0.379712179104302,0.721649483300591,"APIP/UPP1",2
"GO:0044818","mitotic G2/M transition checkpoint","2/459","54/18860",0.037037037037037,1.52182683773098,0.606484960294482,0.379712179104302,0.379712179104302,0.721649483300591,"CDK1/BRCC3",2
"GO:0048260","positive regulation of receptor-mediated endocytosis","2/459","54/18860",0.037037037037037,1.52182683773098,0.606484960294482,0.379712179104302,0.379712179104302,0.721649483300591,"SFRP4/ANGPT1",2
"GO:0060119","inner ear receptor cell development","2/459","54/18860",0.037037037037037,1.52182683773098,0.606484960294482,0.379712179104302,0.379712179104302,0.721649483300591,"FZD2/GABRB3",2
"GO:1902743","regulation of lamellipodium organization","2/459","54/18860",0.037037037037037,1.52182683773098,0.606484960294482,0.379712179104302,0.379712179104302,0.721649483300591,"CDC42/ENPP2",2
"GO:0016101","diterpenoid metabolic process","3/459","91/18860",0.032967032967033,1.354593119299,0.53551962814161,0.382046557551891,0.382046557551891,0.721649483300591,"PNLIP/RDH11/DHRS4L1",3
"GO:0060606","tube closure","3/459","91/18860",0.032967032967033,1.354593119299,0.53551962814161,0.382046557551891,0.382046557551891,0.721649483300591,"PRICKLE1/MTHFR/TRIM71",3
"GO:0086003","cardiac muscle cell contraction","3/459","91/18860",0.032967032967033,1.354593119299,0.53551962814161,0.382046557551891,0.382046557551891,0.721649483300591,"STC1/KCNH2/MYBPC3",3
"GO:2001057","reactive nitrogen species metabolic process","3/459","91/18860",0.032967032967033,1.354593119299,0.53551962814161,0.382046557551891,0.382046557551891,0.721649483300591,"TMEM106A/ATP2B4/NQO1",3
"GO:0046890","regulation of lipid biosynthetic process","6/459","205/18860",0.0292682926829268,1.20261437908497,0.460674875575738,0.38206360849515,0.38206360849515,0.721649483300591,"ENPP7/PDGFB/ERLIN2/PRKAA1/LPCAT3/SCP2",6
"GO:0033044","regulation of chromosome organization","7/459","244/18860",0.0286885245901639,1.17879209971785,0.443961196440527,0.383560321277028,0.383560321277028,0.721649483300591,"PRKCQ/UCHL5/INO80C/CDK1/PTGES3/SMG1/SMARCA5",7
"GO:0097485","neuron projection guidance","7/459","244/18860",0.0286885245901639,1.17879209971785,0.443961196440527,0.383560321277028,0.383560321277028,0.721649483300591,"NRCAM/ABLIM1/PRKCQ/ETV1/CNTN1/ARHGEF40/IGSF9",7
"GO:0051494","negative regulation of cytoskeleton organization","5/459","167/18860",0.029940119760479,1.23021929996217,0.471960249398753,0.383906085303058,0.383906085303058,0.721649483300591,"S1PR1/HIP1R/MYOC/SSH1/OAZ3",5
"GO:0045017","glycerolipid biosynthetic process","7/459","245/18860",0.0285714285714286,1.17398070339247,0.432909946860027,0.387542621019944,0.387542621019944,0.721649483300591,"PDGFB/AGPAT4/IP6K3/PRKAA1/ETNK1/SMG1/LPCAT3",7
"GO:0001822","kidney development","9/459","323/18860",0.0278637770897833,1.14490378194622,0.414864445877665,0.387596263214638,0.387596263214638,0.721649483300591,"PDGFB/PODXL/ANGPT1/ACE/BCL2/CDKN1C/RARB/FRAS1/BCL2L11",9
"GO:0007416","synapse assembly","8/459","284/18860",0.028169014084507,1.15744576390807,0.42223964679312,0.387839744022259,0.387839744022259,0.721649483300591,"NRCAM/CPEB3/CBLN1/VSTM5/RTN4RL1/PRICKLE1/GABRB3/GPM6A",8
"GO:0006984","ER-nucleus signaling pathway","2/459","55/18860",0.0363636363636364,1.49415725886314,0.579635285580066,0.388392764456261,0.388392764456261,0.721649483300591,"ERLIN2/ARHGEF10L",2
"GO:0008608","attachment of spindle microtubules to kinetochore","2/459","55/18860",0.0363636363636364,1.49415725886314,0.579635285580066,0.388392764456261,0.388392764456261,0.721649483300591,"CDC42/CDK1",2
"GO:0009395","phospholipid catabolic process","2/459","55/18860",0.0363636363636364,1.49415725886314,0.579635285580066,0.388392764456261,0.388392764456261,0.721649483300591,"ENPP7/ENPP2",2
"GO:0031100","animal organ regeneration","2/459","55/18860",0.0363636363636364,1.49415725886314,0.579635285580066,0.388392764456261,0.388392764456261,0.721649483300591,"CA3/CLDN1",2
"GO:0032964","collagen biosynthetic process","2/459","55/18860",0.0363636363636364,1.49415725886314,0.579635285580066,0.388392764456261,0.388392764456261,0.721649483300591,"F2/MYB",2
"GO:0035088","establishment or maintenance of apical/basal cell polarity","2/459","55/18860",0.0363636363636364,1.49415725886314,0.579635285580066,0.388392764456261,0.388392764456261,0.721649483300591,"TCF15/CDC42",2
"GO:0042461","photoreceptor cell development","2/459","55/18860",0.0363636363636364,1.49415725886314,0.579635285580066,0.388392764456261,0.388392764456261,0.721649483300591,"CDHR1/RORB",2
"GO:0043331","response to dsRNA","2/459","55/18860",0.0363636363636364,1.49415725886314,0.579635285580066,0.388392764456261,0.388392764456261,0.721649483300591,"PMAIP1/OAS1",2
"GO:0048286","lung alveolus development","2/459","55/18860",0.0363636363636364,1.49415725886314,0.579635285580066,0.388392764456261,0.388392764456261,0.721649483300591,"MAN2A1/HOPX",2
"GO:0060688","regulation of morphogenesis of a branching structure","2/459","55/18860",0.0363636363636364,1.49415725886314,0.579635285580066,0.388392764456261,0.388392764456261,0.721649483300591,"BCL11A/SHOX2",2
"GO:0061245","establishment or maintenance of bipolar cell polarity","2/459","55/18860",0.0363636363636364,1.49415725886314,0.579635285580066,0.388392764456261,0.388392764456261,0.721649483300591,"TCF15/CDC42",2
"GO:0097720","calcineurin-mediated signaling","2/459","55/18860",0.0363636363636364,1.49415725886314,0.579635285580066,0.388392764456261,0.388392764456261,0.721649483300591,"AKAP5/ATP2B4",2
"GO:1900016","negative regulation of cytokine production involved in inflammatory response","2/459","55/18860",0.0363636363636364,1.49415725886314,0.579635285580066,0.388392764456261,0.388392764456261,0.721649483300591,"HMOX1/F2",2
"GO:2000648","positive regulation of stem cell proliferation","2/459","55/18860",0.0363636363636364,1.49415725886314,0.579635285580066,0.388392764456261,0.388392764456261,0.721649483300591,"FGF9/SHOX2",2
"GO:0001656","metanephros development","3/459","92/18860",0.0326086956521739,1.33986928104575,0.516109424282411,0.388651598922857,0.388651598922857,0.721649483300591,"PDGFB/BCL2/FRAS1",3
"GO:0034644","cellular response to UV","3/459","92/18860",0.0326086956521739,1.33986928104575,0.516109424282411,0.388651598922857,0.388651598922857,0.721649483300591,"MDM2/BMF/HYAL3",3
"GO:0060337","type I interferon-mediated signaling pathway","3/459","92/18860",0.0326086956521739,1.33986928104575,0.516109424282411,0.388651598922857,0.388651598922857,0.721649483300591,"IFITM3/OAS1/IFITM2",3
"GO:0009166","nucleotide catabolic process","5/459","168/18860",0.0297619047619048,1.22289656603382,0.458326631213142,0.388737933719109,0.388737933719109,0.721649483300591,"SLC4A4/NUDT4/PRKAA1/PGAM4/UPP1",5
"GO:0061351","neural precursor cell proliferation","5/459","168/18860",0.0297619047619048,1.22289656603382,0.458326631213142,0.388737933719109,0.388737933719109,0.721649483300591,"NFIA/TMEM14B/RARB/TRIM71/SOX5",5
"GO:0001829","trophectodermal cell differentiation","1/459","20/18860",0.05,2.05446623093682,0.745164548650704,0.389218989053041,0.389218989053041,0.721649483300591,"HOPX",1
"GO:0002281","macrophage activation involved in immune response","1/459","20/18860",0.05,2.05446623093682,0.745164548650704,0.389218989053041,0.389218989053041,0.721649483300591,"LBP",1
"GO:0002424","T cell mediated immune response to tumor cell","1/459","20/18860",0.05,2.05446623093682,0.745164548650704,0.389218989053041,0.389218989053041,0.721649483300591,"PRKAA1",1
"GO:0002523","leukocyte migration involved in inflammatory response","1/459","20/18860",0.05,2.05446623093682,0.745164548650704,0.389218989053041,0.389218989053041,0.721649483300591,"LBP",1
"GO:0006415","translational termination","1/459","20/18860",0.05,2.05446623093682,0.745164548650704,0.389218989053041,0.389218989053041,0.721649483300591,"GSPT2",1
"GO:0010522","regulation of calcium ion transport into cytosol","1/459","20/18860",0.05,2.05446623093682,0.745164548650704,0.389218989053041,0.389218989053041,0.721649483300591,"BCL2",1
"GO:0014819","regulation of skeletal muscle contraction","1/459","20/18860",0.05,2.05446623093682,0.745164548650704,0.389218989053041,0.389218989053041,0.721649483300591,"GNAS",1
"GO:0032239","regulation of nucleobase-containing compound transport","1/459","20/18860",0.05,2.05446623093682,0.745164548650704,0.389218989053041,0.389218989053041,0.721649483300591,"IWS1",1
"GO:0033194","response to hydroperoxide","1/459","20/18860",0.05,2.05446623093682,0.745164548650704,0.389218989053041,0.389218989053041,0.721649483300591,"GPX3",1
"GO:0033762","response to glucagon","1/459","20/18860",0.05,2.05446623093682,0.745164548650704,0.389218989053041,0.389218989053041,0.721649483300591,"GNAS",1
"GO:0043129","surfactant homeostasis","1/459","20/18860",0.05,2.05446623093682,0.745164548650704,0.389218989053041,0.389218989053041,0.721649483300591,"OAS1",1
"GO:0043171","peptide catabolic process","1/459","20/18860",0.05,2.05446623093682,0.745164548650704,0.389218989053041,0.389218989053041,0.721649483300591,"ACE",1
"GO:0045342","MHC class II biosynthetic process","1/459","20/18860",0.05,2.05446623093682,0.745164548650704,0.389218989053041,0.389218989053041,0.721649483300591,"TMEM106A",1
"GO:0045653","negative regulation of megakaryocyte differentiation","1/459","20/18860",0.05,2.05446623093682,0.745164548650704,0.389218989053041,0.389218989053041,0.721649483300591,"MYB",1
"GO:0045721","negative regulation of gluconeogenesis","1/459","20/18860",0.05,2.05446623093682,0.745164548650704,0.389218989053041,0.389218989053041,0.721649483300591,"TCF7L2",1
"GO:0045762","positive regulation of adenylate cyclase activity","1/459","20/18860",0.05,2.05446623093682,0.745164548650704,0.389218989053041,0.389218989053041,0.721649483300591,"GNAS",1
"GO:0046653","tetrahydrofolate metabolic process","1/459","20/18860",0.05,2.05446623093682,0.745164548650704,0.389218989053041,0.389218989053041,0.721649483300591,"MTHFR",1
"GO:0046827","positive regulation of protein export from nucleus","1/459","20/18860",0.05,2.05446623093682,0.745164548650704,0.389218989053041,0.389218989053041,0.721649483300591,"MDM2",1
"GO:0048266","behavioral response to pain","1/459","20/18860",0.05,2.05446623093682,0.745164548650704,0.389218989053041,0.389218989053041,0.721649483300591,"PIRT",1
"GO:0048311","mitochondrion distribution","1/459","20/18860",0.05,2.05446623093682,0.745164548650704,0.389218989053041,0.389218989053041,0.721649483300591,"SLC4A5",1
"GO:0048339","paraxial mesoderm development","1/459","20/18860",0.05,2.05446623093682,0.745164548650704,0.389218989053041,0.389218989053041,0.721649483300591,"TCF15",1
"GO:0051797","regulation of hair follicle development","1/459","20/18860",0.05,2.05446623093682,0.745164548650704,0.389218989053041,0.389218989053041,0.721649483300591,"CDH3",1
"GO:0060231","mesenchymal to epithelial transition","1/459","20/18860",0.05,2.05446623093682,0.745164548650704,0.389218989053041,0.389218989053041,0.721649483300591,"TCF15",1
"GO:0061298","retina vasculature development in camera-type eye","1/459","20/18860",0.05,2.05446623093682,0.745164548650704,0.389218989053041,0.389218989053041,0.721649483300591,"VSTM4",1
"GO:0070230","positive regulation of lymphocyte apoptotic process","1/459","20/18860",0.05,2.05446623093682,0.745164548650704,0.389218989053041,0.389218989053041,0.721649483300591,"BCL2L11",1
"GO:0070314","G1 to G0 transition","1/459","20/18860",0.05,2.05446623093682,0.745164548650704,0.389218989053041,0.389218989053041,0.721649483300591,"RAB11FIP4",1
"GO:0070525","tRNA threonylcarbamoyladenosine metabolic process","1/459","20/18860",0.05,2.05446623093682,0.745164548650704,0.389218989053041,0.389218989053041,0.721649483300591,"TRIT1",1
"GO:0071636","positive regulation of transforming growth factor beta production","1/459","20/18860",0.05,2.05446623093682,0.745164548650704,0.389218989053041,0.389218989053041,0.721649483300591,"MYB",1
"GO:0097284","hepatocyte apoptotic process","1/459","20/18860",0.05,2.05446623093682,0.745164548650704,0.389218989053041,0.389218989053041,0.721649483300591,"PRKAA1",1
"GO:0098974","postsynaptic actin cytoskeleton organization","1/459","20/18860",0.05,2.05446623093682,0.745164548650704,0.389218989053041,0.389218989053041,0.721649483300591,"POTEE",1
"GO:0099637","neurotransmitter receptor transport","1/459","20/18860",0.05,2.05446623093682,0.745164548650704,0.389218989053041,0.389218989053041,0.721649483300591,"VAMP4",1
"GO:0106070","regulation of adenylate cyclase-activating G protein-coupled receptor signaling pathway","1/459","20/18860",0.05,2.05446623093682,0.745164548650704,0.389218989053041,0.389218989053041,0.721649483300591,"ATP2B4",1
"GO:1901658","glycosyl compound catabolic process","1/459","20/18860",0.05,2.05446623093682,0.745164548650704,0.389218989053041,0.389218989053041,0.721649483300591,"UPP1",1
"GO:1902307","positive regulation of sodium ion transmembrane transport","1/459","20/18860",0.05,2.05446623093682,0.745164548650704,0.389218989053041,0.389218989053041,0.721649483300591,"WNK2",1
"GO:1904177","regulation of adipose tissue development","1/459","20/18860",0.05,2.05446623093682,0.745164548650704,0.389218989053041,0.389218989053041,0.721649483300591,"PRKAA1",1
"GO:1990182","exosomal secretion","1/459","20/18860",0.05,2.05446623093682,0.745164548650704,0.389218989053041,0.389218989053041,0.721649483300591,"ATP9A",1
"GO:2000318","positive regulation of T-helper 17 type immune response","1/459","20/18860",0.05,2.05446623093682,0.745164548650704,0.389218989053041,0.389218989053041,0.721649483300591,"PRKCQ",1
"GO:2001185","regulation of CD8-positive, alpha-beta T cell activation","1/459","20/18860",0.05,2.05446623093682,0.745164548650704,0.389218989053041,0.389218989053041,0.721649483300591,"DAPL1",1
"GO:0000082","G1/S transition of mitotic cell cycle","7/459","246/18860",0.0284552845528455,1.16920842411038,0.421904968574903,0.391525771110693,0.391525771110693,0.725215831796863,"ANKRD17/MDM2/BCL2/CDK1/TMEM14B/TRIM71/MYB",7
"GO:0007160","cell-matrix adhesion","7/459","246/18860",0.0284552845528455,1.16920842411038,0.421904968574903,0.391525771110693,0.391525771110693,0.725215831796863,"POSTN/SVEP1/PPFIA2/BCL2/MYOC/ITGAD/BCL2L11",7
"GO:1902904","negative regulation of supramolecular fiber organization","5/459","169/18860",0.029585798816568,1.21566049167859,0.444777321287083,0.393567411517491,0.393567411517491,0.72577005830151,"S1PR1/HIP1R/MYOC/SSH1/OAZ3",5
"GO:0002221","pattern recognition receptor signaling pathway","9/459","325/18860",0.0276923076923077,1.13785822021116,0.395934196480205,0.394527438975126,0.394527438975126,0.72577005830151,"ANKRD17/LBP/CASR/XIAP/TRIM11/KCNK6/SMPDL3A/BRCC3/OAS1",9
"GO:0002520","immune system development","6/459","208/18860",0.0288461538461538,1.18526897938663,0.424342600479082,0.395103821482899,0.395103821482899,0.72577005830151,"COA5/BCL2/BARX1/SLC40A1/MYB/BCL2L11",6
"GO:0002088","lens development in camera-type eye","3/459","93/18860",0.032258064516129,1.32546208447537,0.496923355620647,0.395239372211808,0.395239372211808,0.72577005830151,"CDKN1C/WNT5B/GJA8",3
"GO:0035023","regulation of Rho protein signal transduction","3/459","93/18860",0.032258064516129,1.32546208447537,0.496923355620647,0.395239372211808,0.395239372211808,0.72577005830151,"MCF2L/MYOC/ARHGEF16",3
"GO:0071357","cellular response to type I interferon","3/459","93/18860",0.032258064516129,1.32546208447537,0.496923355620647,0.395239372211808,0.395239372211808,0.72577005830151,"IFITM3/OAS1/IFITM2",3
"GO:0106027","neuron projection organization","3/459","93/18860",0.032258064516129,1.32546208447537,0.496923355620647,0.395239372211808,0.395239372211808,0.72577005830151,"PPFIA2/CDC42/NGEF",3
"GO:0034767","positive regulation of monoatomic ion transmembrane transport","4/459","131/18860",0.0305343511450382,1.25463586622096,0.461894603948462,0.395484300752991,0.395484300752991,0.72577005830151,"AKAP5/KCNH2/WNK2/F2",4
"GO:1990778","protein localization to cell periphery","10/459","365/18860",0.0273972602739726,1.12573492106127,0.38310704489713,0.396805122738129,0.396805122738129,0.72577005830151,"ZDHHC22/RAB31/AKAP5/VAMP4/ANXA13/TSPAN14/GRIN2A/ATP2B4/SCP2/ARHGEF16",10
"GO:0001738","morphogenesis of a polarized epithelium","2/459","56/18860",0.0357142857142857,1.46747587924059,0.553315784709525,0.397019238800236,0.397019238800236,0.72577005830151,"TCF15/CDC42",2
"GO:0006110","regulation of glycolytic process","2/459","56/18860",0.0357142857142857,1.46747587924059,0.553315784709525,0.397019238800236,0.397019238800236,0.72577005830151,"SLC4A4/PRKAA1",2
"GO:0030811","regulation of nucleotide catabolic process","2/459","56/18860",0.0357142857142857,1.46747587924059,0.553315784709525,0.397019238800236,0.397019238800236,0.72577005830151,"SLC4A4/PRKAA1",2
"GO:0033121","regulation of purine nucleotide catabolic process","2/459","56/18860",0.0357142857142857,1.46747587924059,0.553315784709525,0.397019238800236,0.397019238800236,0.72577005830151,"SLC4A4/PRKAA1",2
"GO:0042181","ketone biosynthetic process","2/459","56/18860",0.0357142857142857,1.46747587924059,0.553315784709525,0.397019238800236,0.397019238800236,0.72577005830151,"COQ3/SCP2",2
"GO:0046148","pigment biosynthetic process","2/459","56/18860",0.0357142857142857,1.46747587924059,0.553315784709525,0.397019238800236,0.397019238800236,0.72577005830151,"CDH3/TMEM14B",2
"GO:1900087","positive regulation of G1/S transition of mitotic cell cycle","2/459","56/18860",0.0357142857142857,1.46747587924059,0.553315784709525,0.397019238800236,0.397019238800236,0.72577005830151,"ANKRD17/MDM2",2
"GO:1903539","protein localization to postsynaptic membrane","2/459","56/18860",0.0357142857142857,1.46747587924059,0.553315784709525,0.397019238800236,0.397019238800236,0.72577005830151,"VAMP4/GRIN2A",2
"GO:0009615","response to virus","12/459","445/18860",0.0269662921348315,1.10802673129177,0.364225492751502,0.399911150309059,0.399911150309059,0.72577005830151,"TRIM11/IVNS1ABP/PMAIP1/BCL2/IFITM3/OAS1/MICA/HYAL3/AGBL4/APOBEC3H/SMARCA5/IFITM2",12
"GO:0008589","regulation of smoothened signaling pathway","3/459","94/18860",0.0319148936170213,1.31136142400222,0.477955909884416,0.401808344198841,0.401808344198841,0.72577005830151,"UCHL5/FGF9/SHOX2",3
"GO:0001502","cartilage condensation","1/459","21/18860",0.0476190476190476,1.95663450565411,0.692742330667136,0.404099481835666,0.404099481835666,0.72577005830151,"SOX5",1
"GO:0002836","positive regulation of response to tumor cell","1/459","21/18860",0.0476190476190476,1.95663450565411,0.692742330667136,0.404099481835666,0.404099481835666,0.72577005830151,"PRKAA1",1
"GO:0002839","positive regulation of immune response to tumor cell","1/459","21/18860",0.0476190476190476,1.95663450565411,0.692742330667136,0.404099481835666,0.404099481835666,0.72577005830151,"PRKAA1",1
"GO:0002902","regulation of B cell apoptotic process","1/459","21/18860",0.0476190476190476,1.95663450565411,0.692742330667136,0.404099481835666,0.404099481835666,0.72577005830151,"BCL2",1
"GO:0006244","pyrimidine nucleotide catabolic process","1/459","21/18860",0.0476190476190476,1.95663450565411,0.692742330667136,0.404099481835666,0.404099481835666,0.72577005830151,"UPP1",1
"GO:0006390","mitochondrial transcription","1/459","21/18860",0.0476190476190476,1.95663450565411,0.692742330667136,0.404099481835666,0.404099481835666,0.72577005830151,"PRKAA1",1
"GO:0006517","protein deglycosylation","1/459","21/18860",0.0476190476190476,1.95663450565411,0.692742330667136,0.404099481835666,0.404099481835666,0.72577005830151,"RNF103",1
"GO:0007413","axonal fasciculation","1/459","21/18860",0.0476190476190476,1.95663450565411,0.692742330667136,0.404099481835666,0.404099481835666,0.72577005830151,"NRCAM",1
"GO:0009163","nucleoside biosynthetic process","1/459","21/18860",0.0476190476190476,1.95663450565411,0.692742330667136,0.404099481835666,0.404099481835666,0.72577005830151,"CDK1",1
"GO:0010421","hydrogen peroxide-mediated programmed cell death","1/459","21/18860",0.0476190476190476,1.95663450565411,0.692742330667136,0.404099481835666,0.404099481835666,0.72577005830151,"CA3",1
"GO:0010612","regulation of cardiac muscle adaptation","1/459","21/18860",0.0476190476190476,1.95663450565411,0.692742330667136,0.404099481835666,0.404099481835666,0.72577005830151,"ATP2B4",1
"GO:0018198","peptidyl-cysteine modification","1/459","21/18860",0.0476190476190476,1.95663450565411,0.692742330667136,0.404099481835666,0.404099481835666,0.72577005830151,"HHAT",1
"GO:0032332","positive regulation of chondrocyte differentiation","1/459","21/18860",0.0476190476190476,1.95663450565411,0.692742330667136,0.404099481835666,0.404099481835666,0.72577005830151,"SOX5",1
"GO:0034375","high-density lipoprotein particle remodeling","1/459","21/18860",0.0476190476190476,1.95663450565411,0.692742330667136,0.404099481835666,0.404099481835666,0.72577005830151,"PNLIP",1
"GO:0034404","nucleobase-containing small molecule biosynthetic process","1/459","21/18860",0.0476190476190476,1.95663450565411,0.692742330667136,0.404099481835666,0.404099481835666,0.72577005830151,"CDK1",1
"GO:0034587","piRNA processing","1/459","21/18860",0.0476190476190476,1.95663450565411,0.692742330667136,0.404099481835666,0.404099481835666,0.72577005830151,"TDRD9",1
"GO:0035809","regulation of urine volume","1/459","21/18860",0.0476190476190476,1.95663450565411,0.692742330667136,0.404099481835666,0.404099481835666,0.72577005830151,"MLLT6",1
"GO:0035864","response to potassium ion","1/459","21/18860",0.0476190476190476,1.95663450565411,0.692742330667136,0.404099481835666,0.404099481835666,0.72577005830151,"CRHBP",1
"GO:0038092","nodal signaling pathway","1/459","21/18860",0.0476190476190476,1.95663450565411,0.692742330667136,0.404099481835666,0.404099481835666,0.72577005830151,"ACVR1C",1
"GO:0039535","regulation of RIG-I signaling pathway","1/459","21/18860",0.0476190476190476,1.95663450565411,0.692742330667136,0.404099481835666,0.404099481835666,0.72577005830151,"ANKRD17",1
"GO:0043011","myeloid dendritic cell differentiation","1/459","21/18860",0.0476190476190476,1.95663450565411,0.692742330667136,0.404099481835666,0.404099481835666,0.72577005830151,"RBPJ",1
"GO:0046596","regulation of viral entry into host cell","1/459","21/18860",0.0476190476190476,1.95663450565411,0.692742330667136,0.404099481835666,0.404099481835666,0.72577005830151,"TRIM11",1
"GO:0048268","clathrin coat assembly","1/459","21/18860",0.0476190476190476,1.95663450565411,0.692742330667136,0.404099481835666,0.404099481835666,0.72577005830151,"HIP1R",1
"GO:0051447","negative regulation of meiotic cell cycle","1/459","21/18860",0.0476190476190476,1.95663450565411,0.692742330667136,0.404099481835666,0.404099481835666,0.72577005830151,"HORMAD1",1
"GO:0060216","definitive hemopoiesis","1/459","21/18860",0.0476190476190476,1.95663450565411,0.692742330667136,0.404099481835666,0.404099481835666,0.72577005830151,"ZFP36L2",1
"GO:0060973","cell migration involved in heart development","1/459","21/18860",0.0476190476190476,1.95663450565411,0.692742330667136,0.404099481835666,0.404099481835666,0.72577005830151,"CDC42",1
"GO:0061577","calcium ion transmembrane transport via high voltage-gated calcium channel","1/459","21/18860",0.0476190476190476,1.95663450565411,0.692742330667136,0.404099481835666,0.404099481835666,0.72577005830151,"UBR3",1
"GO:0070242","thymocyte apoptotic process","1/459","21/18860",0.0476190476190476,1.95663450565411,0.692742330667136,0.404099481835666,0.404099481835666,0.72577005830151,"BCL2L11",1
"GO:0070431","nucleotide-binding oligomerization domain containing 2 signaling pathway","1/459","21/18860",0.0476190476190476,1.95663450565411,0.692742330667136,0.404099481835666,0.404099481835666,0.72577005830151,"XIAP",1
"GO:0070875","positive regulation of glycogen metabolic process","1/459","21/18860",0.0476190476190476,1.95663450565411,0.692742330667136,0.404099481835666,0.404099481835666,0.72577005830151,"EPM2AIP1",1
"GO:0070886","positive regulation of calcineurin-NFAT signaling cascade","1/459","21/18860",0.0476190476190476,1.95663450565411,0.692742330667136,0.404099481835666,0.404099481835666,0.72577005830151,"AKAP5",1
"GO:0071514","genomic imprinting","1/459","21/18860",0.0476190476190476,1.95663450565411,0.692742330667136,0.404099481835666,0.404099481835666,0.72577005830151,"CDKN1C",1
"GO:0071605","monocyte chemotactic protein-1 production","1/459","21/18860",0.0476190476190476,1.95663450565411,0.692742330667136,0.404099481835666,0.404099481835666,0.72577005830151,"OAS1",1
"GO:0071637","regulation of monocyte chemotactic protein-1 production","1/459","21/18860",0.0476190476190476,1.95663450565411,0.692742330667136,0.404099481835666,0.404099481835666,0.72577005830151,"OAS1",1
"GO:0090520","sphingolipid mediated signaling pathway","1/459","21/18860",0.0476190476190476,1.95663450565411,0.692742330667136,0.404099481835666,0.404099481835666,0.72577005830151,"S1PR1",1
"GO:0097049","motor neuron apoptotic process","1/459","21/18860",0.0476190476190476,1.95663450565411,0.692742330667136,0.404099481835666,0.404099481835666,0.72577005830151,"BCL2",1
"GO:0097734","extracellular exosome biogenesis","1/459","21/18860",0.0476190476190476,1.95663450565411,0.692742330667136,0.404099481835666,0.404099481835666,0.72577005830151,"ATP9A",1
"GO:0106030","neuron projection fasciculation","1/459","21/18860",0.0476190476190476,1.95663450565411,0.692742330667136,0.404099481835666,0.404099481835666,0.72577005830151,"NRCAM",1
"GO:0106058","positive regulation of calcineurin-mediated signaling","1/459","21/18860",0.0476190476190476,1.95663450565411,0.692742330667136,0.404099481835666,0.404099481835666,0.72577005830151,"AKAP5",1
"GO:0110096","cellular response to aldehyde","1/459","21/18860",0.0476190476190476,1.95663450565411,0.692742330667136,0.404099481835666,0.404099481835666,0.72577005830151,"RDH11",1
"GO:0141086","negative regulation of inflammasome-mediated signaling pathway","1/459","21/18860",0.0476190476190476,1.95663450565411,0.692742330667136,0.404099481835666,0.404099481835666,0.72577005830151,"TRIM11",1
"GO:1903242","regulation of cardiac muscle hypertrophy in response to stress","1/459","21/18860",0.0476190476190476,1.95663450565411,0.692742330667136,0.404099481835666,0.404099481835666,0.72577005830151,"ATP2B4",1
"GO:1903427","negative regulation of reactive oxygen species biosynthetic process","1/459","21/18860",0.0476190476190476,1.95663450565411,0.692742330667136,0.404099481835666,0.404099481835666,0.72577005830151,"CA3",1
"GO:1903428","positive regulation of reactive oxygen species biosynthetic process","1/459","21/18860",0.0476190476190476,1.95663450565411,0.692742330667136,0.404099481835666,0.404099481835666,0.72577005830151,"DUOXA2",1
"GO:2000269","regulation of fibroblast apoptotic process","1/459","21/18860",0.0476190476190476,1.95663450565411,0.692742330667136,0.404099481835666,0.404099481835666,0.72577005830151,"BCL2L11",1
"GO:0002279","mast cell activation involved in immune response","2/459","57/18860",0.0350877192982456,1.44173068837672,0.527504765279847,0.405589094138732,0.405589094138732,0.726720889866797,"ENPP3/GAB2",2
"GO:0016601","Rac protein signal transduction","2/459","57/18860",0.0350877192982456,1.44173068837672,0.527504765279847,0.405589094138732,0.405589094138732,0.726720889866797,"DOK7/RASGRF1",2
"GO:0048146","positive regulation of fibroblast proliferation","2/459","57/18860",0.0350877192982456,1.44173068837672,0.527504765279847,0.405589094138732,0.405589094138732,0.726720889866797,"PDGFB/MYB",2
"GO:0062237","protein localization to postsynapse","2/459","57/18860",0.0350877192982456,1.44173068837672,0.527504765279847,0.405589094138732,0.405589094138732,0.726720889866797,"VAMP4/GRIN2A",2
"GO:0090102","cochlea development","2/459","57/18860",0.0350877192982456,1.44173068837672,0.527504765279847,0.405589094138732,0.405589094138732,0.726720889866797,"FZD2/GABRB3",2
"GO:0010811","positive regulation of cell-substrate adhesion","4/459","133/18860",0.0300751879699248,1.23576916146576,0.430946814176404,0.406483789573326,0.406483789573326,0.727634926811785,"PDGFB/VIT/CDC42/MYOC",4
"GO:0051209","release of sequestered calcium ion into cytosol","4/459","133/18860",0.0300751879699248,1.23576916146576,0.430946814176404,0.406483789573326,0.406483789573326,0.727634926811785,"RYR1/ITPR2/JPH4/F2",4
"GO:0008037","cell recognition","5/459","172/18860",0.0290697674418605,1.19445711100978,0.404623963940921,0.40803465129516,0.40803465129516,0.7289995796793,"NRCAM/CNTNAP2/LBP/OVGP1/IGSF9",5
"GO:0141193","nuclear receptor-mediated signaling pathway","6/459","211/18860",0.028436018957346,1.16841681380293,0.388547268693444,0.408134107782639,0.408134107782639,0.7289995796793,"TCF7L2/STRN3/KDM4C/RHOXF1/RARB/GPRIN3",6
"GO:0007589","body fluid secretion","3/459","95/18860",0.0315789473684211,1.29755761953904,0.459201770990302,0.40835702871024,0.40835702871024,0.7289995796793,"P2RY2/PRICKLE1/SLC4A5",3
"GO:0032007","negative regulation of TOR signaling","3/459","95/18860",0.0315789473684211,1.29755761953904,0.459201770990302,0.40835702871024,0.40835702871024,0.7289995796793,"AKT1S1/ATXN3L/PRKAA1",3
"GO:1904705","regulation of vascular associated smooth muscle cell proliferation","3/459","95/18860",0.0315789473684211,1.29755761953904,0.459201770990302,0.40835702871024,0.40835702871024,0.7289995796793,"PDGFB/MDM2/FGF9",3
"GO:0043588","skin development","9/459","329/18860",0.027355623100304,1.12402407771619,0.358425985049201,0.408401989839808,0.408401989839808,0.7289995796793,"GNAS/CDH3/RYR1/RBPJ/SPRR2F/BCL2/FRAS1/SPRR2E/CLDN1",9
"GO:0046777","protein autophosphorylation","4/459","134/18860",0.0298507462686567,1.22654700354437,0.415655156221337,0.411969335670813,0.411969335670813,0.73170412951271,"PDGFB/WNK2/NRG1/SMG1",4
"GO:0051283","negative regulation of sequestering of calcium ion","4/459","134/18860",0.0298507462686567,1.22654700354437,0.415655156221337,0.411969335670813,0.411969335670813,0.73170412951271,"RYR1/ITPR2/JPH4/F2",4
"GO:0001678","intracellular glucose homeostasis","5/459","173/18860",0.0289017341040462,1.18755273464556,0.391400719765196,0.412847725345937,0.412847725345937,0.73170412951271,"CASR/PTPRN2/PRKAA1/ABCC8/UNC13B",5
"GO:0021537","telencephalon development","8/459","291/18860",0.0274914089347079,1.12960342594464,0.35189547199037,0.413731365388338,0.413731365388338,0.73170412951271,"CNTNAP2/UCHL5/SYNE2/WDR89/RTN4RL1/TMEM14B/RARB/ATP2B4",8
"GO:0010656","negative regulation of muscle cell apoptotic process","2/459","58/18860",0.0344827586206897,1.41687326271505,0.502181806153276,0.414099976011953,0.414099976011953,0.73170412951271,"NRG1/APOH",2
"GO:0015804","neutral amino acid transport","2/459","58/18860",0.0344827586206897,1.41687326271505,0.502181806153276,0.414099976011953,0.414099976011953,0.73170412951271,"SLC38A1/SLC38A6",2
"GO:0046854","phosphatidylinositol phosphate biosynthetic process","2/459","58/18860",0.0344827586206897,1.41687326271505,0.502181806153276,0.414099976011953,0.414099976011953,0.73170412951271,"IP6K3/SMG1",2
"GO:0051452","intracellular pH reduction","2/459","58/18860",0.0344827586206897,1.41687326271505,0.502181806153276,0.414099976011953,0.414099976011953,0.73170412951271,"BCL2/CREG1",2
"GO:0180064","protein O-linked glycosylation via xylose","2/459","58/18860",0.0344827586206897,1.41687326271505,0.502181806153276,0.414099976011953,0.414099976011953,0.73170412951271,"TCF7L2/ANGPT1",2
"GO:2000107","negative regulation of leukocyte apoptotic process","2/459","58/18860",0.0344827586206897,1.41687326271505,0.502181806153276,0.414099976011953,0.414099976011953,0.73170412951271,"PRKCQ/BCL2",2
"GO:0015807","L-amino acid transport","3/459","96/18860",0.03125,1.28404139433551,0.440655810017309,0.414883986154076,0.414883986154076,0.73170412951271,"SLC38A1/SLC38A6/ABCC8",3
"GO:0032409","regulation of transporter activity","3/459","96/18860",0.03125,1.28404139433551,0.440655810017309,0.414883986154076,0.414883986154076,0.73170412951271,"WNK2/CRHBP/WWP2",3
"GO:0055074","calcium ion homeostasis","9/459","331/18860",0.027190332326284,1.117232391446,0.339844770106012,0.415341036664793,0.415341036664793,0.73170412951271,"STC1/ATP2B2/CASR/RYR1/ITPR2/BCL2/JPH4/F2/ATP2B4",9
"GO:0090092","regulation of transmembrane receptor protein serine/threonine kinase signaling pathway","9/459","331/18860",0.027190332326284,1.117232391446,0.339844770106012,0.415341036664793,0.415341036664793,0.73170412951271,"CDH3/XIAP/RBPJ/PBLD/SFRP4/HTRA3/CDKN1C/FGF9/ATOH8",9
"GO:0001704","formation of primary germ layer","4/459","135/18860",0.0296296296296296,1.21746147018478,0.40048223064644,0.417444166072811,0.417444166072811,0.73170412951271,"MIXL1/MYH9/ETV2/ATOH8",4
"GO:0009185","ribonucleoside diphosphate metabolic process","4/459","135/18860",0.0296296296296296,1.21746147018478,0.40048223064644,0.417444166072811,0.417444166072811,0.73170412951271,"SLC4A4/TJP2/PRKAA1/PGAM4",4
"GO:0007605","sensory perception of sound","5/459","174/18860",0.028735632183908,1.18072771892921,0.37825630809566,0.41765501719045,0.41765501719045,0.73170412951271,"BARHL1/ATP2B2/ESPNL/MYH1/LHFPL3",5
"GO:0006491","N-glycan processing","1/459","22/18860",0.0454545454545455,1.86769657357893,0.64314187430993,0.418618210952786,0.418618210952786,0.73170412951271,"MAN2A1",1
"GO:0006590","thyroid hormone generation","1/459","22/18860",0.0454545454545455,1.86769657357893,0.64314187430993,0.418618210952786,0.418618210952786,0.73170412951271,"DUOXA2",1
"GO:0006700","C21-steroid hormone biosynthetic process","1/459","22/18860",0.0454545454545455,1.86769657357893,0.64314187430993,0.418618210952786,0.418618210952786,0.73170412951271,"SCP2",1
"GO:0006907","pinocytosis","1/459","22/18860",0.0454545454545455,1.86769657357893,0.64314187430993,0.418618210952786,0.418618210952786,0.73170412951271,"CDC42",1
"GO:0007530","sex determination","1/459","22/18860",0.0454545454545455,1.86769657357893,0.64314187430993,0.418618210952786,0.418618210952786,0.73170412951271,"FGF9",1
"GO:0009129","pyrimidine nucleoside monophosphate metabolic process","1/459","22/18860",0.0454545454545455,1.86769657357893,0.64314187430993,0.418618210952786,0.418618210952786,0.73170412951271,"UPP1",1
"GO:0009310","amine catabolic process","1/459","22/18860",0.0454545454545455,1.86769657357893,0.64314187430993,0.418618210952786,0.418618210952786,0.73170412951271,"ATP2B4",1
"GO:0016237","microautophagy","1/459","22/18860",0.0454545454545455,1.86769657357893,0.64314187430993,0.418618210952786,0.418618210952786,0.73170412951271,"ATG4C",1
"GO:0032288","myelin assembly","1/459","22/18860",0.0454545454545455,1.86769657357893,0.64314187430993,0.418618210952786,0.418618210952786,0.73170412951271,"CNTN1",1
"GO:0033138","positive regulation of peptidyl-serine phosphorylation","1/459","22/18860",0.0454545454545455,1.86769657357893,0.64314187430993,0.418618210952786,0.418618210952786,0.73170412951271,"ARAF",1
"GO:0033630","positive regulation of cell adhesion mediated by integrin","1/459","22/18860",0.0454545454545455,1.86769657357893,0.64314187430993,0.418618210952786,0.418618210952786,0.73170412951271,"PODXL",1
"GO:0035739","CD4-positive, alpha-beta T cell proliferation","1/459","22/18860",0.0454545454545455,1.86769657357893,0.64314187430993,0.418618210952786,0.418618210952786,0.73170412951271,"PRKCQ",1
"GO:0036376","sodium ion export across plasma membrane","1/459","22/18860",0.0454545454545455,1.86769657357893,0.64314187430993,0.418618210952786,0.418618210952786,0.73170412951271,"SLC4A4",1
"GO:0036498","IRE1-mediated unfolded protein response","1/459","22/18860",0.0454545454545455,1.86769657357893,0.64314187430993,0.418618210952786,0.418618210952786,0.73170412951271,"BCL2L11",1
"GO:0048670","regulation of collateral sprouting","1/459","22/18860",0.0454545454545455,1.86769657357893,0.64314187430993,0.418618210952786,0.418618210952786,0.73170412951271,"BCL11A",1
"GO:0050802","circadian sleep/wake cycle, sleep","1/459","22/18860",0.0454545454545455,1.86769657357893,0.64314187430993,0.418618210952786,0.418618210952786,0.73170412951271,"GABRB3",1
"GO:0051930","regulation of sensory perception of pain","1/459","22/18860",0.0454545454545455,1.86769657357893,0.64314187430993,0.418618210952786,0.418618210952786,0.73170412951271,"PIRT",1
"GO:0051931","regulation of sensory perception","1/459","22/18860",0.0454545454545455,1.86769657357893,0.64314187430993,0.418618210952786,0.418618210952786,0.73170412951271,"PIRT",1
"GO:0070166","enamel mineralization","1/459","22/18860",0.0454545454545455,1.86769657357893,0.64314187430993,0.418618210952786,0.418618210952786,0.73170412951271,"AMTN",1
"GO:0071359","cellular response to dsRNA","1/459","22/18860",0.0454545454545455,1.86769657357893,0.64314187430993,0.418618210952786,0.418618210952786,0.73170412951271,"OAS1",1
"GO:0071468","cellular response to acidic pH","1/459","22/18860",0.0454545454545455,1.86769657357893,0.64314187430993,0.418618210952786,0.418618210952786,0.73170412951271,"GNAS",1
"GO:0071625","vocalization behavior","1/459","22/18860",0.0454545454545455,1.86769657357893,0.64314187430993,0.418618210952786,0.418618210952786,0.73170412951271,"CNTNAP2",1
"GO:0072111","cell proliferation involved in kidney development","1/459","22/18860",0.0454545454545455,1.86769657357893,0.64314187430993,0.418618210952786,0.418618210952786,0.73170412951271,"PDGFB",1
"GO:0072202","cell differentiation involved in metanephros development","1/459","22/18860",0.0454545454545455,1.86769657357893,0.64314187430993,0.418618210952786,0.418618210952786,0.73170412951271,"PDGFB",1
"GO:0072376","protein activation cascade","1/459","22/18860",0.0454545454545455,1.86769657357893,0.64314187430993,0.418618210952786,0.418618210952786,0.73170412951271,"APOH",1
"GO:0072574","hepatocyte proliferation","1/459","22/18860",0.0454545454545455,1.86769657357893,0.64314187430993,0.418618210952786,0.418618210952786,0.73170412951271,"FGL1",1
"GO:0072575","epithelial cell proliferation involved in liver morphogenesis","1/459","22/18860",0.0454545454545455,1.86769657357893,0.64314187430993,0.418618210952786,0.418618210952786,0.73170412951271,"FGL1",1
"GO:2000561","regulation of CD4-positive, alpha-beta T cell proliferation","1/459","22/18860",0.0454545454545455,1.86769657357893,0.64314187430993,0.418618210952786,0.418618210952786,0.73170412951271,"PRKCQ",1
"GO:0007193","adenylate cyclase-inhibiting G protein-coupled receptor signaling pathway","3/459","97/18860",0.0309278350515464,1.27080385418772,0.422313076686862,0.421387823028584,0.421387823028584,0.732770381172593,"AKAP5/CASR/S1PR1",3
"GO:0014020","primary neural tube formation","3/459","97/18860",0.0309278350515464,1.27080385418772,0.422313076686862,0.421387823028584,0.421387823028584,0.732770381172593,"PRICKLE1/MTHFR/TRIM71",3
"GO:0021675","nerve development","3/459","97/18860",0.0309278350515464,1.27080385418772,0.422313076686862,0.421387823028584,0.421387823028584,0.732770381172593,"B4GALNT1/GABRB3/NRTN",3
"GO:1990874","vascular associated smooth muscle cell proliferation","3/459","97/18860",0.0309278350515464,1.27080385418772,0.422313076686862,0.421387823028584,0.421387823028584,0.732770381172593,"PDGFB/MDM2/FGF9",3
"GO:2000106","regulation of leukocyte apoptotic process","3/459","97/18860",0.0309278350515464,1.27080385418772,0.422313076686862,0.421387823028584,0.421387823028584,0.732770381172593,"PRKCQ/BCL2/BCL2L11",3
"GO:0009266","response to temperature stimulus","5/459","175/18860",0.0285714285714286,1.17398070339247,0.365189696617437,0.422455874332379,0.422455874332379,0.732770381172593,"HMOX1/PRKAA1/MICA/PIRT/DNAJA2",5
"GO:0000271","polysaccharide biosynthetic process","2/459","59/18860",0.0338983050847458,1.39285846165208,0.477327661930784,0.422549677538598,0.422549677538598,0.732770381172593,"PDGFB/EPM2AIP1",2
"GO:0001755","neural crest cell migration","2/459","59/18860",0.0338983050847458,1.39285846165208,0.477327661930784,0.422549677538598,0.422549677538598,0.732770381172593,"CDC42/NRTN",2
"GO:0006584","catecholamine metabolic process","2/459","59/18860",0.0338983050847458,1.39285846165208,0.477327661930784,0.422549677538598,0.422549677538598,0.732770381172593,"HDC/GRIN2A",2
"GO:0006749","glutathione metabolic process","2/459","59/18860",0.0338983050847458,1.39285846165208,0.477327661930784,0.422549677538598,0.422549677538598,0.732770381172593,"ETHE1/CHAC1",2
"GO:0009712","catechol-containing compound metabolic process","2/459","59/18860",0.0338983050847458,1.39285846165208,0.477327661930784,0.422549677538598,0.422549677538598,0.732770381172593,"HDC/GRIN2A",2
"GO:0030837","negative regulation of actin filament polymerization","2/459","59/18860",0.0338983050847458,1.39285846165208,0.477327661930784,0.422549677538598,0.422549677538598,0.732770381172593,"HIP1R/SSH1",2
"GO:0035176","social behavior","2/459","59/18860",0.0338983050847458,1.39285846165208,0.477327661930784,0.422549677538598,0.422549677538598,0.732770381172593,"CNTNAP2/GABRB3",2
"GO:0050885","neuromuscular process controlling balance","2/459","59/18860",0.0338983050847458,1.39285846165208,0.477327661930784,0.422549677538598,0.422549677538598,0.732770381172593,"JPH4/GM2A",2
"GO:0061005","cell differentiation involved in kidney development","2/459","59/18860",0.0338983050847458,1.39285846165208,0.477327661930784,0.422549677538598,0.422549677538598,0.732770381172593,"PDGFB/PODXL",2
"GO:0072132","mesenchyme morphogenesis","2/459","59/18860",0.0338983050847458,1.39285846165208,0.477327661930784,0.422549677538598,0.422549677538598,0.732770381172593,"MDM2/RBPJ",2
"GO:1903018","regulation of glycoprotein metabolic process","2/459","59/18860",0.0338983050847458,1.39285846165208,0.477327661930784,0.422549677538598,0.422549677538598,0.732770381172593,"TCF7L2/BCL2",2
"GO:0010595","positive regulation of endothelial cell migration","4/459","136/18860",0.0294117647058824,1.20850954760989,0.385426032365839,0.422907367693156,0.422907367693156,0.732770381172593,"PDGFB/HMOX1/ANGPT1/ATOH8",4
"GO:0051282","regulation of sequestering of calcium ion","4/459","136/18860",0.0294117647058824,1.20850954760989,0.385426032365839,0.422907367693156,0.422907367693156,0.732770381172593,"RYR1/ITPR2/JPH4/F2",4
"GO:0042327","positive regulation of phosphorylation","7/459","254/18860",0.0275590551181102,1.13238296193368,0.335480594626306,0.423372875532972,0.423372875532972,0.733241232104556,"PDGFB/DOK7/NRG1/ANGPT1/MT3/ENPP2/ARAF",7
"GO:0001558","regulation of cell growth","11/459","414/18860",0.0265700483091787,1.09174534011135,0.298111029102689,0.426597378698253,0.426597378698253,0.73573476597214,"NRCAM/BCL11A/PRKCQ/NRG1/SGK3/BCL2/CDC42/MT3/F2/SUPV3L1/SYT17",11
"GO:0002274","myeloid leukocyte activation","7/459","255/18860",0.0274509803921569,1.1279422444359,0.324873418605679,0.427345554203121,0.427345554203121,0.73573476597214,"LBP/MT1G/RBPJ/TMEM106A/ENPP3/GAB2/CALHM2",7
"GO:0006405","RNA export from nucleus","3/459","98/18860",0.0306122448979592,1.2578364679205,0.404168791315584,0.427867191405417,0.427867191405417,0.73573476597214,"NXF2/SMG1/IWS1",3
"GO:0009154","purine ribonucleotide catabolic process","4/459","137/18860",0.0291970802919708,1.1996883100361,0.370484605590058,0.428358047105323,0.428358047105323,0.73573476597214,"SLC4A4/NUDT4/PRKAA1/PGAM4",4
"GO:0062197","cellular response to chemical stress","9/459","335/18860",0.026865671641791,1.10389230318993,0.303020234402493,0.429212040791717,0.429212040791717,0.73573476597214,"MDM2/CA3/MB/CDK1/MT3/PRKAA1/PEX12/MYB/NQO1",9
"GO:0097193","intrinsic apoptotic signaling pathway","9/459","335/18860",0.026865671641791,1.10389230318993,0.303020234402493,0.429212040791717,0.429212040791717,0.73573476597214,"MDM2/IVNS1ABP/HIP1R/PMAIP1/CA3/BCL2/PDK1/BCL2L11/CHAC1",9
"GO:0006836","neurotransmitter transport","6/459","216/18860",0.0277777777777778,1.14137012829823,0.330034955900751,0.429791869249582,0.429791869249582,0.73573476597214,"SLC38A1/PPFIA2/PTPRN2/SLC6A8/ABCC8/UNC13B",6
"GO:0006636","unsaturated fatty acid biosynthetic process","2/459","60/18860",0.0333333333333333,1.36964415395788,0.452924176110802,0.430936133654727,0.430936133654727,0.73573476597214,"PTGES3/SCP2",2
"GO:0009948","anterior/posterior axis specification","2/459","60/18860",0.0333333333333333,1.36964415395788,0.452924176110802,0.430936133654727,0.430936133654727,0.73573476597214,"WNT8A/PRICKLE1",2
"GO:0019748","secondary metabolic process","2/459","60/18860",0.0333333333333333,1.36964415395788,0.452924176110802,0.430936133654727,0.430936133654727,0.73573476597214,"CDH3/BCL2",2
"GO:0031102","neuron projection regeneration","2/459","60/18860",0.0333333333333333,1.36964415395788,0.452924176110802,0.430936133654727,0.430936133654727,0.73573476597214,"BCL2/RTN4RL1",2
"GO:0031648","protein destabilization","2/459","60/18860",0.0333333333333333,1.36964415395788,0.452924176110802,0.430936133654727,0.430936133654727,0.73573476597214,"MDM2/PRKAA1",2
"GO:0060135","maternal process involved in female pregnancy","2/459","60/18860",0.0333333333333333,1.36964415395788,0.452924176110802,0.430936133654727,0.430936133654727,0.73573476597214,"STC1/DAZAP1",2
"GO:0043549","regulation of kinase activity","7/459","256/18860",0.02734375,1.12353622004357,0.314308471238558,0.431315120002853,0.431315120002853,0.73573476597214,"PDGFB/DOK7/AKT1S1/NRG1/ANGPT1/CDKN1C/MT3",7
"GO:0000212","meiotic spindle organization","1/459","23/18860",0.0434782608695652,1.78649237472767,0.596070358719861,0.432783952601192,0.432783952601192,0.73573476597214,"MYH9",1
"GO:0001991","regulation of systemic arterial blood pressure by circulatory renin-angiotensin","1/459","23/18860",0.0434782608695652,1.78649237472767,0.596070358719861,0.432783952601192,0.432783952601192,0.73573476597214,"ACE",1
"GO:0003283","atrial septum development","1/459","23/18860",0.0434782608695652,1.78649237472767,0.596070358719861,0.432783952601192,0.432783952601192,0.73573476597214,"MDM2",1
"GO:0008090","retrograde axonal transport","1/459","23/18860",0.0434782608695652,1.78649237472767,0.596070358719861,0.432783952601192,0.432783952601192,0.73573476597214,"AGBL4",1
"GO:0009110","vitamin biosynthetic process","1/459","23/18860",0.0434782608695652,1.78649237472767,0.596070358719861,0.432783952601192,0.432783952601192,0.73573476597214,"TPK1",1
"GO:0010985","negative regulation of lipoprotein particle clearance","1/459","23/18860",0.0434782608695652,1.78649237472767,0.596070358719861,0.432783952601192,0.432783952601192,0.73573476597214,"ABCC8",1
"GO:0031290","retinal ganglion cell axon guidance","1/459","23/18860",0.0434782608695652,1.78649237472767,0.596070358719861,0.432783952601192,0.432783952601192,0.73573476597214,"NRCAM",1
"GO:0032212","positive regulation of telomere maintenance via telomerase","1/459","23/18860",0.0434782608695652,1.78649237472767,0.596070358719861,0.432783952601192,0.432783952601192,0.73573476597214,"PTGES3",1
"GO:0032402","melanosome transport","1/459","23/18860",0.0434782608695652,1.78649237472767,0.596070358719861,0.432783952601192,0.432783952601192,0.73573476597214,"CDH3",1
"GO:0034114","regulation of heterotypic cell-cell adhesion","1/459","23/18860",0.0434782608695652,1.78649237472767,0.596070358719861,0.432783952601192,0.432783952601192,0.73573476597214,"GCNT2",1
"GO:0034244","negative regulation of transcription elongation by RNA polymerase II","1/459","23/18860",0.0434782608695652,1.78649237472767,0.596070358719861,0.432783952601192,0.432783952601192,0.73573476597214,"RECQL5",1
"GO:0036158","outer dynein arm assembly","1/459","23/18860",0.0434782608695652,1.78649237472767,0.596070358719861,0.432783952601192,0.432783952601192,0.73573476597214,"LRRC61",1
"GO:0043501","skeletal muscle adaptation","1/459","23/18860",0.0434782608695652,1.78649237472767,0.596070358719861,0.432783952601192,0.432783952601192,0.73573476597214,"MYOC",1
"GO:0044804","nucleophagy","1/459","23/18860",0.0434782608695652,1.78649237472767,0.596070358719861,0.432783952601192,0.432783952601192,0.73573476597214,"ATG4C",1
"GO:0051349","positive regulation of lyase activity","1/459","23/18860",0.0434782608695652,1.78649237472767,0.596070358719861,0.432783952601192,0.432783952601192,0.73573476597214,"GNAS",1
"GO:0060339","negative regulation of type I interferon-mediated signaling pathway","1/459","23/18860",0.0434782608695652,1.78649237472767,0.596070358719861,0.432783952601192,0.432783952601192,0.73573476597214,"OAS1",1
"GO:0061097","regulation of protein tyrosine kinase activity","1/459","23/18860",0.0434782608695652,1.78649237472767,0.596070358719861,0.432783952601192,0.432783952601192,0.73573476597214,"DOK7",1
"GO:0071786","endoplasmic reticulum tubular network organization","1/459","23/18860",0.0434782608695652,1.78649237472767,0.596070358719861,0.432783952601192,0.432783952601192,0.73573476597214,"ATL1",1
"GO:0072529","pyrimidine-containing compound catabolic process","1/459","23/18860",0.0434782608695652,1.78649237472767,0.596070358719861,0.432783952601192,0.432783952601192,0.73573476597214,"UPP1",1
"GO:0090208","positive regulation of triglyceride metabolic process","1/459","23/18860",0.0434782608695652,1.78649237472767,0.596070358719861,0.432783952601192,0.432783952601192,0.73573476597214,"APOH",1
"GO:0097468","programmed cell death in response to reactive oxygen species","1/459","23/18860",0.0434782608695652,1.78649237472767,0.596070358719861,0.432783952601192,0.432783952601192,0.73573476597214,"CA3",1
"GO:0140112","extracellular vesicle biogenesis","1/459","23/18860",0.0434782608695652,1.78649237472767,0.596070358719861,0.432783952601192,0.432783952601192,0.73573476597214,"ATP9A",1
"GO:1901317","regulation of flagellated sperm motility","1/459","23/18860",0.0434782608695652,1.78649237472767,0.596070358719861,0.432783952601192,0.432783952601192,0.73573476597214,"PGAM4",1
"GO:1903020","positive regulation of glycoprotein metabolic process","1/459","23/18860",0.0434782608695652,1.78649237472767,0.596070358719861,0.432783952601192,0.432783952601192,0.73573476597214,"TCF7L2",1
"GO:1903589","positive regulation of blood vessel endothelial cell proliferation involved in sprouting angiogenesis","1/459","23/18860",0.0434782608695652,1.78649237472767,0.596070358719861,0.432783952601192,0.432783952601192,0.73573476597214,"HMOX1",1
"GO:1903861","positive regulation of dendrite extension","1/459","23/18860",0.0434782608695652,1.78649237472767,0.596070358719861,0.432783952601192,0.432783952601192,0.73573476597214,"SYT17",1
"GO:2000001","regulation of DNA damage checkpoint","1/459","23/18860",0.0434782608695652,1.78649237472767,0.596070358719861,0.432783952601192,0.432783952601192,0.73573476597214,"BRCC3",1
"GO:0045931","positive regulation of mitotic cell cycle","4/459","138/18860",0.0289855072463768,1.19099491648511,0.355656042252392,0.433795330554964,0.433795330554964,0.737122970881334,"ANKRD17/MDM2/CDK1/PKN2",4
"GO:0034340","response to type I interferon","3/459","99/18860",0.0303030303030303,1.24513104905262,0.386218337209984,0.4343207883898,0.4343207883898,0.737256674519137,"IFITM3/OAS1/IFITM2",3
"GO:0050848","regulation of calcium-mediated signaling","3/459","99/18860",0.0303030303030303,1.24513104905262,0.386218337209984,0.4343207883898,0.4343207883898,0.737256674519137,"AKAP5/INPP5A/ATP2B4",3
"GO:0009100","glycoprotein metabolic process","10/459","377/18860",0.026525198938992,1.08990250978081,0.278484622876952,0.436132043061884,0.436132043061884,0.737256674519137,"TCF7L2/MAN2A1/RNF103/TMEM106A/GALNT1/ANGPT1/BCL2/NEU4/ADAMTS7/GCNT2",10
"GO:2000058","regulation of ubiquitin-dependent protein catabolic process","5/459","178/18860",0.0280898876404494,1.15419451176226,0.326446633149711,0.436813465754796,0.436813465754796,0.737256674519137,"UCHL5/MDM2/PRICKLE1/ARAF/AGBL4",5
"GO:0072657","protein localization to membrane","12/459","458/18860",0.0262008733624454,1.07657619088392,0.262022717013385,0.438597400778645,0.438597400778645,0.737256674519137,"ZDHHC22/RAB31/AKAP5/DOK7/VAMP4/ANXA13/TSPAN14/GRIN2A/SSH1/ATP2B4/SCP2/ARHGEF16",12
"GO:0032434","regulation of proteasomal ubiquitin-dependent protein catabolic process","4/459","139/18860",0.0287769784172662,1.18242660773342,0.340938480496736,0.439218363957889,0.439218363957889,0.737256674519137,"UCHL5/MDM2/PRICKLE1/ARAF",4
"GO:0051028","mRNA transport","4/459","139/18860",0.0287769784172662,1.18242660773342,0.340938480496736,0.439218363957889,0.439218363957889,0.737256674519137,"CETN2/NXF2/SMG1/IWS1",4
"GO:0072175","epithelial tube formation","4/459","139/18860",0.0287769784172662,1.18242660773342,0.340938480496736,0.439218363957889,0.439218363957889,0.737256674519137,"PODXL/PRICKLE1/MTHFR/TRIM71",4
"GO:1903052","positive regulation of proteolysis involved in protein catabolic process","4/459","139/18860",0.0287769784172662,1.18242660773342,0.340938480496736,0.439218363957889,0.439218363957889,0.737256674519137,"MDM2/ATXN3L/PRICKLE1/AGBL4",4
"GO:0000288","nuclear-transcribed mRNA catabolic process, deadenylation-dependent decay","2/459","61/18860",0.0327868852459016,1.34719097110611,0.428954202011915,0.439257415544637,0.439257415544637,0.737256674519137,"CPEB3/ZFP36L2",2
"GO:0035329","hippo signaling","2/459","61/18860",0.0327868852459016,1.34719097110611,0.428954202011915,0.439257415544637,0.439257415544637,0.737256674519137,"STRN3/WWC3",2
"GO:0042733","embryonic digit morphogenesis","2/459","61/18860",0.0327868852459016,1.34719097110611,0.428954202011915,0.439257415544637,0.439257415544637,0.737256674519137,"PRICKLE1/BCL2L11",2
"GO:0043030","regulation of macrophage activation","2/459","61/18860",0.0327868852459016,1.34719097110611,0.428954202011915,0.439257415544637,0.439257415544637,0.737256674519137,"LBP/CALHM2",2
"GO:0048168","regulation of neuronal synaptic plasticity","2/459","61/18860",0.0327868852459016,1.34719097110611,0.428954202011915,0.439257415544637,0.439257415544637,0.737256674519137,"GRIN2A/RASGRF1",2
"GO:0051293","establishment of spindle localization","2/459","61/18860",0.0327868852459016,1.34719097110611,0.428954202011915,0.439257415544637,0.439257415544637,0.737256674519137,"MYH9/CCDC66",2
"GO:0051703","biological process involved in intraspecies interaction between organisms","2/459","61/18860",0.0327868852459016,1.34719097110611,0.428954202011915,0.439257415544637,0.439257415544637,0.737256674519137,"CNTNAP2/GABRB3",2
"GO:0090497","mesenchymal cell migration","2/459","61/18860",0.0327868852459016,1.34719097110611,0.428954202011915,0.439257415544637,0.439257415544637,0.737256674519137,"CDC42/NRTN",2
"GO:1904427","positive regulation of calcium ion transmembrane transport","2/459","61/18860",0.0327868852459016,1.34719097110611,0.428954202011915,0.439257415544637,0.439257415544637,0.737256674519137,"AKAP5/F2",2
"GO:0009798","axis specification","3/459","100/18860",0.03,1.23267973856209,0.368457253474588,0.44074735555953,0.44074735555953,0.737256674519137,"STC1/WNT8A/PRICKLE1",3
"GO:0051262","protein tetramerization","3/459","100/18860",0.03,1.23267973856209,0.368457253474588,0.44074735555953,0.44074735555953,0.737256674519137,"GRIA3/RYR1/APIP",3
"GO:0051899","membrane depolarization","3/459","100/18860",0.03,1.23267973856209,0.368457253474588,0.44074735555953,0.44074735555953,0.737256674519137,"KCNH2/BCL2/MYOC",3
"GO:1900182","positive regulation of protein localization to nucleus","3/459","100/18860",0.03,1.23267973856209,0.368457253474588,0.44074735555953,0.44074735555953,0.737256674519137,"TCF7L2/CDK1/F2",3
"GO:0045444","fat cell differentiation","7/459","259/18860",0.027027027027027,1.11052228699288,0.282863270894871,0.443201398078017,0.443201398078017,0.737256674519137,"JDP2/TCF7L2/MB/WIF1/ZFP36L2/WNT5B/FTO",7
"GO:0002698","negative regulation of immune effector process","4/459","140/18860",0.0285714285714286,1.17398070339247,0.326330103224027,0.444626312884055,0.444626312884055,0.737256674519137,"ENPP3/ANGPT1/PRKAA1/MICA",4
"GO:0051208","sequestering of calcium ion","4/459","140/18860",0.0285714285714286,1.17398070339247,0.326330103224027,0.444626312884055,0.444626312884055,0.737256674519137,"RYR1/ITPR2/JPH4/F2",4
"GO:0015718","monocarboxylic acid transport","5/459","180/18860",0.0277777777777778,1.14137012829823,0.300988864871006,0.446341519162573,0.446341519162573,0.737256674519137,"CASR/ACE/SLC6A8/SLC16A5/ABCB4",5
"GO:0001832","blastocyst growth","1/459","24/18860",0.0416666666666667,1.71205519244735,0.551277031170288,0.446605270526342,0.446605270526342,0.737256674519137,"ACVR1C",1
"GO:0002115","store-operated calcium entry","1/459","24/18860",0.0416666666666667,1.71205519244735,0.551277031170288,0.446605270526342,0.446605270526342,0.737256674519137,"JPH4",1
"GO:0002320","lymphoid progenitor cell differentiation","1/459","24/18860",0.0416666666666667,1.71205519244735,0.551277031170288,0.446605270526342,0.446605270526342,0.737256674519137,"BCL2",1
"GO:0003177","pulmonary valve development","1/459","24/18860",0.0416666666666667,1.71205519244735,0.551277031170288,0.446605270526342,0.446605270526342,0.737256674519137,"RBPJ",1
"GO:0006476","protein deacetylation","1/459","24/18860",0.0416666666666667,1.71205519244735,0.551277031170288,0.446605270526342,0.446605270526342,0.737256674519137,"PRKAA1",1
"GO:0006730","one-carbon metabolic process","1/459","24/18860",0.0416666666666667,1.71205519244735,0.551277031170288,0.446605270526342,0.446605270526342,0.737256674519137,"MTHFR",1
"GO:0009065","glutamine family amino acid catabolic process","1/459","24/18860",0.0416666666666667,1.71205519244735,0.551277031170288,0.446605270526342,0.446605270526342,0.737256674519137,"ATP2B4",1
"GO:0009119","ribonucleoside metabolic process","1/459","24/18860",0.0416666666666667,1.71205519244735,0.551277031170288,0.446605270526342,0.446605270526342,0.737256674519137,"UPP1",1
"GO:0009713","catechol-containing compound biosynthetic process","1/459","24/18860",0.0416666666666667,1.71205519244735,0.551277031170288,0.446605270526342,0.446605270526342,0.737256674519137,"HDC",1
"GO:0010839","negative regulation of keratinocyte proliferation","1/459","24/18860",0.0416666666666667,1.71205519244735,0.551277031170288,0.446605270526342,0.446605270526342,0.737256674519137,"KLF9",1
"GO:0010988","regulation of low-density lipoprotein particle clearance","1/459","24/18860",0.0416666666666667,1.71205519244735,0.551277031170288,0.446605270526342,0.446605270526342,0.737256674519137,"ABCC8",1
"GO:0015669","gas transport","1/459","24/18860",0.0416666666666667,1.71205519244735,0.551277031170288,0.446605270526342,0.446605270526342,0.737256674519137,"MB",1
"GO:0015867","ATP transport","1/459","24/18860",0.0416666666666667,1.71205519244735,0.551277031170288,0.446605270526342,0.446605270526342,0.737256674519137,"CALHM2",1
"GO:0021533","cell differentiation in hindbrain","1/459","24/18860",0.0416666666666667,1.71205519244735,0.551277031170288,0.446605270526342,0.446605270526342,0.737256674519137,"CBLN1",1
"GO:0030318","melanocyte differentiation","1/459","24/18860",0.0416666666666667,1.71205519244735,0.551277031170288,0.446605270526342,0.446605270526342,0.737256674519137,"BCL2",1
"GO:0032401","establishment of melanosome localization","1/459","24/18860",0.0416666666666667,1.71205519244735,0.551277031170288,0.446605270526342,0.446605270526342,0.737256674519137,"CDH3",1
"GO:0034138","toll-like receptor 3 signaling pathway","1/459","24/18860",0.0416666666666667,1.71205519244735,0.551277031170288,0.446605270526342,0.446605270526342,0.737256674519137,"OAS1",1
"GO:0034755","iron ion transmembrane transport","1/459","24/18860",0.0416666666666667,1.71205519244735,0.551277031170288,0.446605270526342,0.446605270526342,0.737256674519137,"SLC40A1",1
"GO:0035493","SNARE complex assembly","1/459","24/18860",0.0416666666666667,1.71205519244735,0.551277031170288,0.446605270526342,0.446605270526342,0.737256674519137,"VAMP4",1
"GO:0036303","lymph vessel morphogenesis","1/459","24/18860",0.0416666666666667,1.71205519244735,0.551277031170288,0.446605270526342,0.446605270526342,0.737256674519137,"SVEP1",1
"GO:0038166","angiotensin-activated signaling pathway","1/459","24/18860",0.0416666666666667,1.71205519244735,0.551277031170288,0.446605270526342,0.446605270526342,0.737256674519137,"ACE",1
"GO:0042423","catecholamine biosynthetic process","1/459","24/18860",0.0416666666666667,1.71205519244735,0.551277031170288,0.446605270526342,0.446605270526342,0.737256674519137,"HDC",1
"GO:0042438","melanin biosynthetic process","1/459","24/18860",0.0416666666666667,1.71205519244735,0.551277031170288,0.446605270526342,0.446605270526342,0.737256674519137,"CDH3",1
"GO:0043153","entrainment of circadian clock by photoperiod","1/459","24/18860",0.0416666666666667,1.71205519244735,0.551277031170288,0.446605270526342,0.446605270526342,0.737256674519137,"PPP1CC",1
"GO:0043576","regulation of respiratory gaseous exchange","1/459","24/18860",0.0416666666666667,1.71205519244735,0.551277031170288,0.446605270526342,0.446605270526342,0.737256674519137,"FTO",1
"GO:0045542","positive regulation of cholesterol biosynthetic process","1/459","24/18860",0.0416666666666667,1.71205519244735,0.551277031170288,0.446605270526342,0.446605270526342,0.737256674519137,"PRKAA1",1
"GO:0046641","positive regulation of alpha-beta T cell proliferation","1/459","24/18860",0.0416666666666667,1.71205519244735,0.551277031170288,0.446605270526342,0.446605270526342,0.737256674519137,"PRKCQ",1
"GO:0050908","detection of light stimulus involved in visual perception","1/459","24/18860",0.0416666666666667,1.71205519244735,0.551277031170288,0.446605270526342,0.446605270526342,0.737256674519137,"CCDC66",1
"GO:0050962","detection of light stimulus involved in sensory perception","1/459","24/18860",0.0416666666666667,1.71205519244735,0.551277031170288,0.446605270526342,0.446605270526342,0.737256674519137,"CCDC66",1
"GO:0051904","pigment granule transport","1/459","24/18860",0.0416666666666667,1.71205519244735,0.551277031170288,0.446605270526342,0.446605270526342,0.737256674519137,"CDH3",1
"GO:0061318","renal filtration cell differentiation","1/459","24/18860",0.0416666666666667,1.71205519244735,0.551277031170288,0.446605270526342,0.446605270526342,0.737256674519137,"PODXL",1
"GO:0072112","podocyte differentiation","1/459","24/18860",0.0416666666666667,1.71205519244735,0.551277031170288,0.446605270526342,0.446605270526342,0.737256674519137,"PODXL",1
"GO:0072576","liver morphogenesis","1/459","24/18860",0.0416666666666667,1.71205519244735,0.551277031170288,0.446605270526342,0.446605270526342,0.737256674519137,"FGL1",1
"GO:0106120","positive regulation of sterol biosynthetic process","1/459","24/18860",0.0416666666666667,1.71205519244735,0.551277031170288,0.446605270526342,0.446605270526342,0.737256674519137,"PRKAA1",1
"GO:1900242","regulation of synaptic vesicle endocytosis","1/459","24/18860",0.0416666666666667,1.71205519244735,0.551277031170288,0.446605270526342,0.446605270526342,0.737256674519137,"VAMP4",1
"GO:1901028","regulation of mitochondrial outer membrane permeabilization involved in apoptotic signaling pathway","1/459","24/18860",0.0416666666666667,1.71205519244735,0.551277031170288,0.446605270526342,0.446605270526342,0.737256674519137,"HIP1R",1
"GO:0090596","sensory organ morphogenesis","8/459","300/18860",0.0266666666666667,1.0957153231663,0.263935660388166,0.446942771107756,0.446942771107756,0.737256674519137,"FZD2/MFAP2/MAN2A1/VSX1/BCL2/FGF9/RARB/RORB",8
"GO:0033555","multicellular organismal response to stress","3/459","101/18860",0.0297029702970297,1.22047498867534,0.350881228207072,0.44714567838462,0.44714567838462,0.737256674519137,"BCL2/PRKAR1B/PIRT",3
"GO:0034446","substrate adhesion-dependent cell spreading","3/459","101/18860",0.0297029702970297,1.22047498867534,0.350881228207072,0.44714567838462,0.44714567838462,0.737256674519137,"POSTN/CDC42/MYOC",3
"GO:0061387","regulation of extent of cell growth","3/459","101/18860",0.0297029702970297,1.22047498867534,0.350881228207072,0.44714567838462,0.44714567838462,0.737256674519137,"NRCAM/BCL11A/MT3",3
"GO:0001706","endoderm formation","2/459","62/18860",0.032258064516129,1.32546208447537,0.405401530649368,0.44751172525784,0.44751172525784,0.737256674519137,"MIXL1/MYH9",2
"GO:0007632","visual behavior","2/459","62/18860",0.032258064516129,1.32546208447537,0.405401530649368,0.44751172525784,0.44751172525784,0.737256674519137,"GRIN2A/ABCC8",2
"GO:0042306","regulation of protein import into nucleus","2/459","62/18860",0.032258064516129,1.32546208447537,0.405401530649368,0.44751172525784,0.44751172525784,0.737256674519137,"ANGPT1/CDK1",2
"GO:0045599","negative regulation of fat cell differentiation","2/459","62/18860",0.032258064516129,1.32546208447537,0.405401530649368,0.44751172525784,0.44751172525784,0.737256674519137,"JDP2/ZFP36L2",2
"GO:0009132","nucleoside diphosphate metabolic process","4/459","141/18860",0.0283687943262411,1.16565459911309,0.311829136694639,0.450018362528099,0.450018362528099,0.738502898173463,"SLC4A4/TJP2/PRKAA1/PGAM4",4
"GO:0001936","regulation of endothelial cell proliferation","5/459","181/18860",0.0276243093922652,1.13506421598719,0.288368447096681,0.451090641185539,0.451090641185539,0.738502898173463,"PDGFB/APOH/HMOX1/VASH2/ATOH8",5
"GO:0050806","positive regulation of synaptic transmission","5/459","181/18860",0.0276243093922652,1.13506421598719,0.288368447096681,0.451090641185539,0.451090641185539,0.738502898173463,"AKAP5/GRIA3/PRKAR1B/GRIN2A/ADAM22",5
"GO:0051963","regulation of synapse assembly","5/459","181/18860",0.0276243093922652,1.13506421598719,0.288368447096681,0.451090641185539,0.451090641185539,0.738502898173463,"CPEB3/CBLN1/VSTM5/RTN4RL1/PRICKLE1",5
"GO:0002758","innate immune response-activating signaling pathway","9/459","342/18860",0.0263157894736842,1.08129801628254,0.239629853476694,0.453420441801041,0.453420441801041,0.738502898173463,"ANKRD17/LBP/CASR/XIAP/TRIM11/KCNK6/SMPDL3A/BRCC3/OAS1",9
"GO:0000041","transition metal ion transport","3/459","102/18860",0.0294117647058824,1.20850954760989,0.333486092055933,0.453514585629375,0.453514585629375,0.738502898173463,"MT3/SLC30A8/SLC40A1",3
"GO:0002275","myeloid cell activation involved in immune response","3/459","102/18860",0.0294117647058824,1.20850954760989,0.333486092055933,0.453514585629375,0.453514585629375,0.738502898173463,"LBP/ENPP3/GAB2",3
"GO:0006112","energy reserve metabolic process","3/459","102/18860",0.0294117647058824,1.20850954760989,0.333486092055933,0.453514585629375,0.453514585629375,0.738502898173463,"PPP1CC/MT3/EPM2AIP1",3
"GO:0010596","negative regulation of endothelial cell migration","3/459","102/18860",0.0294117647058824,1.20850954760989,0.333486092055933,0.453514585629375,0.453514585629375,0.738502898173463,"STC1/APOH/ATP2B4",3
"GO:0048511","rhythmic process","8/459","302/18860",0.0264900662251656,1.08845893029765,0.24475103101225,0.454290759666818,0.454290759666818,0.738502898173463,"GABRB1/PPP1CC/CDK1/GABRB3/PRKAA1/AANAT/RORB/KLF9",8
"GO:0016482","cytosolic transport","4/459","142/18860",0.028169014084507,1.15744576390807,0.297433849184172,0.455393717666965,0.455393717666965,0.738502898173463,"EVI5/PPFIA2/ATP9A/DENND2A",4
"GO:0060294","cilium movement involved in cell motility","6/459","222/18860",0.027027027027027,1.11052228699288,0.261620431066502,0.455608636335546,0.455608636335546,0.738502898173463,"EFHC2/SORD/PGAM4/ARMC3/ATP2B4/DNAH6",6
"GO:1903828","negative regulation of protein localization","6/459","222/18860",0.027027027027027,1.11052228699288,0.261620431066502,0.455608636335546,0.455608636335546,0.738502898173463,"ANGPT1/ANXA13/WWP2/ACVR1C/PRKAA1/ABCC8",6
"GO:0006998","nuclear envelope organization","2/459","63/18860",0.0317460317460317,1.30442300376941,0.382250824851487,0.455697390506401,0.455697390506401,0.738502898173463,"CDK1/LMNB1",2
"GO:0007062","sister chromatid cohesion","2/459","63/18860",0.0317460317460317,1.30442300376941,0.382250824851487,0.455697390506401,0.455697390506401,0.738502898173463,"HORMAD1/CDCA5",2
"GO:0007080","mitotic metaphase chromosome alignment","2/459","63/18860",0.0317460317460317,1.30442300376941,0.382250824851487,0.455697390506401,0.455697390506401,0.738502898173463,"CDK1/CCDC66",2
"GO:0010718","positive regulation of epithelial to mesenchymal transition","2/459","63/18860",0.0317460317460317,1.30442300376941,0.382250824851487,0.455697390506401,0.455697390506401,0.738502898173463,"TCF7L2/GCNT2",2
"GO:0043616","keratinocyte proliferation","2/459","63/18860",0.0317460317460317,1.30442300376941,0.382250824851487,0.455697390506401,0.455697390506401,0.738502898173463,"CDH3/KLF9",2
"GO:0046173","polyol biosynthetic process","2/459","63/18860",0.0317460317460317,1.30442300376941,0.382250824851487,0.455697390506401,0.455697390506401,0.738502898173463,"IP6K3/SCP2",2
"GO:0046824","positive regulation of nucleocytoplasmic transport","2/459","63/18860",0.0317460317460317,1.30442300376941,0.382250824851487,0.455697390506401,0.455697390506401,0.738502898173463,"MDM2/CDK1",2
"GO:0048008","platelet-derived growth factor receptor signaling pathway","2/459","63/18860",0.0317460317460317,1.30442300376941,0.382250824851487,0.455697390506401,0.455697390506401,0.738502898173463,"PDGFB/HIP1R",2
"GO:0048010","vascular endothelial growth factor receptor signaling pathway","2/459","63/18860",0.0317460317460317,1.30442300376941,0.382250824851487,0.455697390506401,0.455697390506401,0.738502898173463,"FGF9/MT3",2
"GO:0048278","vesicle docking","2/459","63/18860",0.0317460317460317,1.30442300376941,0.382250824851487,0.455697390506401,0.455697390506401,0.738502898173463,"TSNARE1/UNC13B",2
"GO:0070542","response to fatty acid","2/459","63/18860",0.0317460317460317,1.30442300376941,0.382250824851487,0.455697390506401,0.455697390506401,0.738502898173463,"BOLA3/CLDN1",2
"GO:0070372","regulation of ERK1 and ERK2 cascade","8/459","303/18860",0.0264026402640264,1.0848666566003,0.235206589035097,0.457958564440031,0.457958564440031,0.738502898173463,"PDGFB/CASR/WNK2/NRG1/APIP/ANGPT1/MT3/GCNT2",8
"GO:0006096","glycolytic process","3/459","103/18860",0.029126213592233,1.19677644520591,0.316267812118003,0.459852948738521,0.459852948738521,0.738502898173463,"SLC4A4/PRKAA1/PGAM4",3
"GO:0007029","endoplasmic reticulum organization","3/459","103/18860",0.029126213592233,1.19677644520591,0.316267812118003,0.459852948738521,0.459852948738521,0.738502898173463,"ATL1/LPCAT3/MIA3",3
"GO:0071346","cellular response to type II interferon","3/459","103/18860",0.029126213592233,1.19677644520591,0.316267812118003,0.459852948738521,0.459852948738521,0.738502898173463,"VAMP4/CDC42/CLDN1",3
"GO:0002922","positive regulation of humoral immune response","1/459","25/18860",0.04,1.64357298474946,0.508545666476546,0.46009052115431,0.46009052115431,0.738502898173463,"KLK3",1
"GO:0007042","lysosomal lumen acidification","1/459","25/18860",0.04,1.64357298474946,0.508545666476546,0.46009052115431,0.46009052115431,0.738502898173463,"CREG1",1
"GO:0007130","synaptonemal complex assembly","1/459","25/18860",0.04,1.64357298474946,0.508545666476546,0.46009052115431,0.46009052115431,0.738502898173463,"HORMAD1",1
"GO:0008156","negative regulation of DNA replication","1/459","25/18860",0.04,1.64357298474946,0.508545666476546,0.46009052115431,0.46009052115431,0.738502898173463,"ENPP7",1
"GO:0008228","opsonization","1/459","25/18860",0.04,1.64357298474946,0.508545666476546,0.46009052115431,0.46009052115431,0.738502898173463,"LBP",1
"GO:0009219","pyrimidine deoxyribonucleotide metabolic process","1/459","25/18860",0.04,1.64357298474946,0.508545666476546,0.46009052115431,0.46009052115431,0.738502898173463,"UPP1",1
"GO:0009220","pyrimidine ribonucleotide biosynthetic process","1/459","25/18860",0.04,1.64357298474946,0.508545666476546,0.46009052115431,0.46009052115431,0.738502898173463,"UPP1",1
"GO:0022010","central nervous system myelination","1/459","25/18860",0.04,1.64357298474946,0.508545666476546,0.46009052115431,0.46009052115431,0.738502898173463,"CNTN1",1
"GO:0022410","circadian sleep/wake cycle process","1/459","25/18860",0.04,1.64357298474946,0.508545666476546,0.46009052115431,0.46009052115431,0.738502898173463,"GABRB3",1
"GO:0031281","positive regulation of cyclase activity","1/459","25/18860",0.04,1.64357298474946,0.508545666476546,0.46009052115431,0.46009052115431,0.738502898173463,"GNAS",1
"GO:0032291","axon ensheathment in central nervous system","1/459","25/18860",0.04,1.64357298474946,0.508545666476546,0.46009052115431,0.46009052115431,0.738502898173463,"CNTN1",1
"GO:0032528","microvillus organization","1/459","25/18860",0.04,1.64357298474946,0.508545666476546,0.46009052115431,0.46009052115431,0.738502898173463,"PODXL",1
"GO:0033238","regulation of amine metabolic process","1/459","25/18860",0.04,1.64357298474946,0.508545666476546,0.46009052115431,0.46009052115431,0.738502898173463,"ATP2B4",1
"GO:0035024","negative regulation of Rho protein signal transduction","1/459","25/18860",0.04,1.64357298474946,0.508545666476546,0.46009052115431,0.46009052115431,0.738502898173463,"MYOC",1
"GO:0035336","long-chain fatty-acyl-CoA metabolic process","1/459","25/18860",0.04,1.64357298474946,0.508545666476546,0.46009052115431,0.46009052115431,0.738502898173463,"THEM5",1
"GO:0035902","response to immobilization stress","1/459","25/18860",0.04,1.64357298474946,0.508545666476546,0.46009052115431,0.46009052115431,0.738502898173463,"MDM2",1
"GO:0038095","Fc-epsilon receptor signaling pathway","1/459","25/18860",0.04,1.64357298474946,0.508545666476546,0.46009052115431,0.46009052115431,0.738502898173463,"PRKCQ",1
"GO:0043302","positive regulation of leukocyte degranulation","1/459","25/18860",0.04,1.64357298474946,0.508545666476546,0.46009052115431,0.46009052115431,0.738502898173463,"GAB2",1
"GO:0045953","negative regulation of natural killer cell mediated cytotoxicity","1/459","25/18860",0.04,1.64357298474946,0.508545666476546,0.46009052115431,0.46009052115431,0.738502898173463,"MICA",1
"GO:0046697","decidualization","1/459","25/18860",0.04,1.64357298474946,0.508545666476546,0.46009052115431,0.46009052115431,0.738502898173463,"STC1",1
"GO:0051905","establishment of pigment granule localization","1/459","25/18860",0.04,1.64357298474946,0.508545666476546,0.46009052115431,0.46009052115431,0.738502898173463,"CDH3",1
"GO:0060155","platelet dense granule organization","1/459","25/18860",0.04,1.64357298474946,0.508545666476546,0.46009052115431,0.46009052115431,0.738502898173463,"AP1S3",1
"GO:0061450","trophoblast cell migration","1/459","25/18860",0.04,1.64357298474946,0.508545666476546,0.46009052115431,0.46009052115431,0.738502898173463,"ACVR1C",1
"GO:0072311","glomerular epithelial cell differentiation","1/459","25/18860",0.04,1.64357298474946,0.508545666476546,0.46009052115431,0.46009052115431,0.738502898173463,"PODXL",1
"GO:0090023","positive regulation of neutrophil chemotaxis","1/459","25/18860",0.04,1.64357298474946,0.508545666476546,0.46009052115431,0.46009052115431,0.738502898173463,"LBP",1
"GO:0090335","regulation of brown fat cell differentiation","1/459","25/18860",0.04,1.64357298474946,0.508545666476546,0.46009052115431,0.46009052115431,0.738502898173463,"FTO",1
"GO:0098743","cell aggregation","1/459","25/18860",0.04,1.64357298474946,0.508545666476546,0.46009052115431,0.46009052115431,0.738502898173463,"SOX5",1
"GO:0099188","postsynaptic cytoskeleton organization","1/459","25/18860",0.04,1.64357298474946,0.508545666476546,0.46009052115431,0.46009052115431,0.738502898173463,"POTEE",1
"GO:1903902","positive regulation of viral life cycle","1/459","25/18860",0.04,1.64357298474946,0.508545666476546,0.46009052115431,0.46009052115431,0.738502898173463,"TRIM11",1
"GO:0007519","skeletal muscle tissue development","5/459","183/18860",0.0273224043715847,1.12265914258843,0.263340023746479,0.460556177295709,0.460556177295709,0.738502898173463,"RYR1/MED20/BCL2/SHOX2/PRKAA1",5
"GO:0031214","biomineral tissue development","5/459","183/18860",0.0273224043715847,1.12265914258843,0.263340023746479,0.460556177295709,0.460556177295709,0.738502898173463,"AMTN/S1PR1/MATN1/PRICKLE1/IFITM5",5
"GO:0006354","DNA-templated transcription elongation","4/459","143/18860",0.027972027972028,1.14935173758703,0.283142549690247,0.460751602605157,0.460751602605157,0.738502898173463,"POLR2E/MED20/RECQL5/IWS1",4
"GO:0045739","positive regulation of DNA repair","4/459","143/18860",0.027972027972028,1.14935173758703,0.283142549690247,0.460751602605157,0.460751602605157,0.738502898173463,"UCHL5/INO80C/BRCC3/ING3",4
"GO:0045165","cell fate commitment","8/459","304/18860",0.0263157894736842,1.08129801628254,0.225693742902794,0.46162185930414,0.46162185930414,0.738502898173463,"TCF7L2/NFIA/WNT8A/RBPJ/BCL2/CDC42/SOX5/WNT5B",8
"GO:0043523","regulation of neuron apoptotic process","7/459","264/18860",0.0265151515151515,1.08948966792104,0.231265074865408,0.462915281490593,0.462915281490593,0.738502898173463,"BARHL1/AKT1S1/ANGPT1/BCL2/MT3/MYB/BCL2L11",7
"GO:0034504","protein localization to nucleus","9/459","345/18860",0.0260869565217391,1.0718954248366,0.21285992463273,0.463752258107059,0.463752258107059,0.738502898173463,"TCF7L2/MDM2/ANGPT1/CDK1/FGF9/PRICKLE1/PRKAA1/F2/LMNB1",9
"GO:0006518","peptide metabolic process","2/459","64/18860",0.03125,1.28404139433551,0.359487558985537,0.463812859637107,0.463812859637107,0.738502898173463,"ACE/CHAC1",2
"GO:0033619","membrane protein proteolysis","2/459","64/18860",0.03125,1.28404139433551,0.359487558985537,0.463812859637107,0.463812859637107,0.738502898173463,"PRKCQ/MYH9",2
"GO:0034381","plasma lipoprotein particle clearance","2/459","64/18860",0.03125,1.28404139433551,0.359487558985537,0.463812859637107,0.463812859637107,0.738502898173463,"HMOX1/ABCC8",2
"GO:0048524","positive regulation of viral process","2/459","64/18860",0.03125,1.28404139433551,0.359487558985537,0.463812859637107,0.463812859637107,0.738502898173463,"TRIM11/PKN2",2
"GO:0070050","neuron cellular homeostasis","2/459","64/18860",0.03125,1.28404139433551,0.359487558985537,0.463812859637107,0.463812859637107,0.738502898173463,"PRKAA1/HAAO",2
"GO:0001101","response to acid chemical","4/459","144/18860",0.0277777777777778,1.14137012829823,0.268953586688015,0.466091261108123,0.466091261108123,0.738502898173463,"BCL11A/CPEB3/MTHFR/ATP2B4",4
"GO:0048813","dendrite morphogenesis","4/459","144/18860",0.0277777777777778,1.14137012829823,0.268953586688015,0.466091261108123,0.466091261108123,0.738502898173463,"PPFIA2/MAP6/CDC42/NGEF",4
"GO:0021510","spinal cord development","3/459","104/18860",0.0288461538461538,1.18526897938663,0.299222486154709,0.466159681209002,0.466159681209002,0.738502898173463,"VIT/VSTM5/MDGA2",3
"GO:0042147","retrograde transport, endosome to Golgi","3/459","104/18860",0.0288461538461538,1.18526897938663,0.299222486154709,0.466159681209002,0.466159681209002,0.738502898173463,"EVI5/ATP9A/DENND2A",3
"GO:0043255","regulation of carbohydrate biosynthetic process","3/459","104/18860",0.0288461538461538,1.18526897938663,0.299222486154709,0.466159681209002,0.466159681209002,0.738502898173463,"TCF7L2/PDGFB/EPM2AIP1",3
"GO:0051310","metaphase chromosome alignment","3/459","104/18860",0.0288461538461538,1.18526897938663,0.299222486154709,0.466159681209002,0.466159681209002,0.738502898173463,"CDC42/CDK1/CCDC66",3
"GO:0001539","cilium or flagellum-dependent cell motility","6/459","225/18860",0.0266666666666667,1.0957153231663,0.228114551987411,0.468417572985148,0.468417572985148,0.738502898173463,"EFHC2/SORD/PGAM4/ARMC3/ATP2B4/DNAH6",6
"GO:0060285","cilium-dependent cell motility","6/459","225/18860",0.0266666666666667,1.0957153231663,0.228114551987411,0.468417572985148,0.468417572985148,0.738502898173463,"EFHC2/SORD/PGAM4/ARMC3/ATP2B4/DNAH6",6
"GO:0051701","biological process involved in interaction with host","5/459","185/18860",0.027027027027027,1.11052228699288,0.23858898100305,0.469974362081964,0.469974362081964,0.738502898173463,"TRIM11/MYH9/CDK1/WWP2/CLDN1",5
"GO:0007015","actin filament organization","12/459","469/18860",0.0255863539445629,1.05132600303803,0.177773144679706,0.471237632412097,0.471237632412097,0.738502898173463,"S1PR1/HIP1R/BCL2/CDC42/ESPNL/ARHGEF10L/TTN/MARCKS/MYOC/SSH1/OAZ3/NEB",12
"GO:0001889","liver development","4/459","145/18860",0.0275862068965517,1.13349861017204,0.254865346932217,0.471411956324285,0.471411956324285,0.738502898173463,"MAN2A1/CA3/CLDN1/FGL1",4
"GO:0006195","purine nucleotide catabolic process","4/459","145/18860",0.0275862068965517,1.13349861017204,0.254865346932217,0.471411956324285,0.471411956324285,0.738502898173463,"SLC4A4/NUDT4/PRKAA1/PGAM4",4
"GO:0010212","response to ionizing radiation","4/459","145/18860",0.0275862068965517,1.13349861017204,0.254865346932217,0.471411956324285,0.471411956324285,0.738502898173463,"MDM2/BCL2/BRCC3/PRKAA1",4
"GO:0045834","positive regulation of lipid metabolic process","4/459","145/18860",0.0275862068965517,1.13349861017204,0.254865346932217,0.471411956324285,0.471411956324285,0.738502898173463,"ENPP7/APOH/PRKAA1/SCP2",4
"GO:0050921","positive regulation of chemotaxis","4/459","145/18860",0.0275862068965517,1.13349861017204,0.254865346932217,0.471411956324285,0.471411956324285,0.738502898173463,"PDGFB/LBP/CASR/S1PR1",4
"GO:0007215","glutamate receptor signaling pathway","2/459","65/18860",0.0307692307692308,1.26428691134574,0.337097963735068,0.471856696773034,0.471856696773034,0.738502898173463,"GRIA3/GRIN2A",2
"GO:0009311","oligosaccharide metabolic process","2/459","65/18860",0.0307692307692308,1.26428691134574,0.337097963735068,0.471856696773034,0.471856696773034,0.738502898173463,"NEU4/GM2A",2
"GO:0039532","negative regulation of cytoplasmic pattern recognition receptor signaling pathway","2/459","65/18860",0.0307692307692308,1.26428691134574,0.337097963735068,0.471856696773034,0.471856696773034,0.738502898173463,"TRIM11/SMPDL3A",2
"GO:0042446","hormone biosynthetic process","2/459","65/18860",0.0307692307692308,1.26428691134574,0.337097963735068,0.471856696773034,0.471856696773034,0.738502898173463,"AANAT/SCP2",2
"GO:0050994","regulation of lipid catabolic process","2/459","65/18860",0.0307692307692308,1.26428691134574,0.337097963735068,0.471856696773034,0.471856696773034,0.738502898173463,"ENPP7/PRKAA1",2
"GO:0060261","positive regulation of transcription initiation by RNA polymerase II","2/459","65/18860",0.0307692307692308,1.26428691134574,0.337097963735068,0.471856696773034,0.471856696773034,0.738502898173463,"MED20/TAF4B",2
"GO:1903409","reactive oxygen species biosynthetic process","2/459","65/18860",0.0307692307692308,1.26428691134574,0.337097963735068,0.471856696773034,0.471856696773034,0.738502898173463,"CA3/DUOXA2",2
"GO:0001841","neural tube formation","3/459","105/18860",0.0285714285714286,1.17398070339247,0.282346337107534,0.472433737948921,0.472433737948921,0.738502898173463,"PRICKLE1/MTHFR/TRIM71",3
"GO:0003300","cardiac muscle hypertrophy","3/459","105/18860",0.0285714285714286,1.17398070339247,0.282346337107534,0.472433737948921,0.472433737948921,0.738502898173463,"TTN/MYH6/ATP2B4",3
"GO:0034308","primary alcohol metabolic process","3/459","105/18860",0.0285714285714286,1.17398070339247,0.282346337107534,0.472433737948921,0.472433737948921,0.738502898173463,"TPK1/PNLIP/RDH11",3
"GO:1901992","positive regulation of mitotic cell cycle phase transition","3/459","105/18860",0.0285714285714286,1.17398070339247,0.282346337107534,0.472433737948921,0.472433737948921,0.738502898173463,"ANKRD17/MDM2/CDK1",3
"GO:0050777","negative regulation of immune response","6/459","226/18860",0.0265486725663717,1.09086702527619,0.217046329136367,0.47266959107794,0.47266959107794,0.738502898173463,"GNAS/ENPP3/PRKAA1/OAS1/MICA/WDR41",6
"GO:0002716","negative regulation of natural killer cell mediated immunity","1/459","26/18860",0.0384615384615385,1.58035863918217,0.467688622596754,0.473247858600032,0.473247858600032,0.738502898173463,"MICA",1
"GO:0003085","negative regulation of systemic arterial blood pressure","1/459","26/18860",0.0384615384615385,1.58035863918217,0.467688622596754,0.473247858600032,0.473247858600032,0.738502898173463,"KCNK6",1
"GO:0003148","outflow tract septum morphogenesis","1/459","26/18860",0.0384615384615385,1.58035863918217,0.467688622596754,0.473247858600032,0.473247858600032,0.738502898173463,"RARB",1
"GO:0006027","glycosaminoglycan catabolic process","1/459","26/18860",0.0384615384615385,1.58035863918217,0.467688622596754,0.473247858600032,0.473247858600032,0.738502898173463,"HYAL3",1
"GO:0007263","nitric oxide mediated signal transduction","1/459","26/18860",0.0384615384615385,1.58035863918217,0.467688622596754,0.473247858600032,0.473247858600032,0.738502898173463,"ATP2B4",1
"GO:0009435","NAD+ biosynthetic process","1/459","26/18860",0.0384615384615385,1.58035863918217,0.467688622596754,0.473247858600032,0.473247858600032,0.738502898173463,"HAAO",1
"GO:0010623","programmed cell death involved in cell development","1/459","26/18860",0.0384615384615385,1.58035863918217,0.467688622596754,0.473247858600032,0.473247858600032,0.738502898173463,"BCL2",1
"GO:0010954","positive regulation of protein processing","1/459","26/18860",0.0384615384615385,1.58035863918217,0.467688622596754,0.473247858600032,0.473247858600032,0.738502898173463,"MYH9",1
"GO:0031048","regulatory ncRNA-mediated heterochromatin formation","1/459","26/18860",0.0384615384615385,1.58035863918217,0.467688622596754,0.473247858600032,0.473247858600032,0.738502898173463,"TDRD9",1
"GO:0031167","rRNA methylation","1/459","26/18860",0.0384615384615385,1.58035863918217,0.467688622596754,0.473247858600032,0.473247858600032,0.738502898173463,"METTL15",1
"GO:0032400","melanosome localization","1/459","26/18860",0.0384615384615385,1.58035863918217,0.467688622596754,0.473247858600032,0.473247858600032,0.738502898173463,"CDH3",1
"GO:0032469","endoplasmic reticulum calcium ion homeostasis","1/459","26/18860",0.0384615384615385,1.58035863918217,0.467688622596754,0.473247858600032,0.473247858600032,0.738502898173463,"BCL2",1
"GO:0032785","negative regulation of DNA-templated transcription, elongation","1/459","26/18860",0.0384615384615385,1.58035863918217,0.467688622596754,0.473247858600032,0.473247858600032,0.738502898173463,"RECQL5",1
"GO:0032925","regulation of activin receptor signaling pathway","1/459","26/18860",0.0384615384615385,1.58035863918217,0.467688622596754,0.473247858600032,0.473247858600032,0.738502898173463,"FGF9",1
"GO:0035994","response to muscle stretch","1/459","26/18860",0.0384615384615385,1.58035863918217,0.467688622596754,0.473247858600032,0.473247858600032,0.738502898173463,"TTN",1
"GO:0036120","cellular response to platelet-derived growth factor stimulus","1/459","26/18860",0.0384615384615385,1.58035863918217,0.467688622596754,0.473247858600032,0.473247858600032,0.738502898173463,"PDGFB",1
"GO:0042953","lipoprotein transport","1/459","26/18860",0.0384615384615385,1.58035863918217,0.467688622596754,0.473247858600032,0.473247858600032,0.738502898173463,"MIA3",1
"GO:0043043","peptide biosynthetic process","1/459","26/18860",0.0384615384615385,1.58035863918217,0.467688622596754,0.473247858600032,0.473247858600032,0.738502898173463,"CHAC1",1
"GO:0043567","regulation of insulin-like growth factor receptor signaling pathway","1/459","26/18860",0.0384615384615385,1.58035863918217,0.467688622596754,0.473247858600032,0.473247858600032,0.738502898173463,"CDH3",1
"GO:0044550","secondary metabolite biosynthetic process","1/459","26/18860",0.0384615384615385,1.58035863918217,0.467688622596754,0.473247858600032,0.473247858600032,0.738502898173463,"CDH3",1
"GO:0046856","phosphatidylinositol dephosphorylation","1/459","26/18860",0.0384615384615385,1.58035863918217,0.467688622596754,0.473247858600032,0.473247858600032,0.738502898173463,"INPP5A",1
"GO:0048011","neurotrophin TRK receptor signaling pathway","1/459","26/18860",0.0384615384615385,1.58035863918217,0.467688622596754,0.473247858600032,0.473247858600032,0.738502898173463,"AKT1S1",1
"GO:0051315","attachment of mitotic spindle microtubules to kinetochore","1/459","26/18860",0.0384615384615385,1.58035863918217,0.467688622596754,0.473247858600032,0.473247858600032,0.738502898173463,"CDK1",1
"GO:0060343","trabecula formation","1/459","26/18860",0.0384615384615385,1.58035863918217,0.467688622596754,0.473247858600032,0.473247858600032,0.738502898173463,"SLC40A1",1
"GO:0085020","protein K6-linked ubiquitination","1/459","26/18860",0.0384615384615385,1.58035863918217,0.467688622596754,0.473247858600032,0.473247858600032,0.738502898173463,"PRKAA1",1
"GO:0098581","detection of external biotic stimulus","1/459","26/18860",0.0384615384615385,1.58035863918217,0.467688622596754,0.473247858600032,0.473247858600032,0.738502898173463,"LBP",1
"GO:1901071","glucosamine-containing compound metabolic process","1/459","26/18860",0.0384615384615385,1.58035863918217,0.467688622596754,0.473247858600032,0.473247858600032,0.738502898173463,"OVGP1",1
"GO:1904292","regulation of ERAD pathway","1/459","26/18860",0.0384615384615385,1.58035863918217,0.467688622596754,0.473247858600032,0.473247858600032,0.738502898173463,"ATXN3L",1
"GO:1904358","positive regulation of telomere maintenance via telomere lengthening","1/459","26/18860",0.0384615384615385,1.58035863918217,0.467688622596754,0.473247858600032,0.473247858600032,0.738502898173463,"PTGES3",1
"GO:1990961","xenobiotic detoxification by transmembrane export across the plasma membrane","1/459","26/18860",0.0384615384615385,1.58035863918217,0.467688622596754,0.473247858600032,0.473247858600032,0.738502898173463,"OSCP1",1
"GO:2000209","regulation of anoikis","1/459","26/18860",0.0384615384615385,1.58035863918217,0.467688622596754,0.473247858600032,0.473247858600032,0.738502898173463,"BCL2",1
"GO:2000810","regulation of bicellular tight junction assembly","1/459","26/18860",0.0384615384615385,1.58035863918217,0.467688622596754,0.473247858600032,0.473247858600032,0.738502898173463,"CLDN1",1
"GO:0045787","positive regulation of cell cycle","9/459","349/18860",0.0257879656160458,1.05961009045452,0.177526223424117,0.477471901482637,0.477471901482637,0.744787384835372,"PDGFB/ANKRD17/MDM2/CDC42/CDK1/PKN2/OR1A2/RAB11FIP4/BCL2L11",9
"GO:0019364","pyridine nucleotide catabolic process","3/459","106/18860",0.0283018867924528,1.16290541373782,0.265635707894457,0.478674114625067,0.478674114625067,0.745319643521112,"SLC4A4/PRKAA1/PGAM4",3
"GO:0046032","ADP catabolic process","3/459","106/18860",0.0283018867924528,1.16290541373782,0.265635707894457,0.478674114625067,0.478674114625067,0.745319643521112,"SLC4A4/PRKAA1/PGAM4",3
"GO:2000060","positive regulation of ubiquitin-dependent protein catabolic process","3/459","106/18860",0.0283018867924528,1.16290541373782,0.265635707894457,0.478674114625067,0.478674114625067,0.745319643521112,"MDM2/PRICKLE1/AGBL4",3
"GO:0032731","positive regulation of interleukin-1 beta production","2/459","66/18860",0.0303030303030303,1.24513104905262,0.315068975434044,0.479827577119296,0.479827577119296,0.745319643521112,"NLRP2/TMEM106A",2
"GO:0043113","receptor clustering","2/459","66/18860",0.0303030303030303,1.24513104905262,0.315068975434044,0.479827577119296,0.479827577119296,0.745319643521112,"DOK7/SSH1",2
"GO:0051653","spindle localization","2/459","66/18860",0.0303030303030303,1.24513104905262,0.315068975434044,0.479827577119296,0.479827577119296,0.745319643521112,"MYH9/CCDC66",2
"GO:0006913","nucleocytoplasmic transport","9/459","350/18860",0.0257142857142857,1.05658263305322,0.168755884858626,0.480890236754003,0.480890236754003,0.745319643521112,"MDM2/PPP1CC/ANGPT1/CDK1/FGF9/PRICKLE1/NXF2/SMG1/IWS1",9
"GO:0032496","response to lipopolysaccharide","9/459","350/18860",0.0257142857142857,1.05658263305322,0.168755884858626,0.480890236754003,0.480890236754003,0.745319643521112,"LBP/FBXO3/XIAP/PTGFR/CDK19/LOXL1/CLDN1/ABCC8/NQO1",9
"GO:0051169","nuclear transport","9/459","350/18860",0.0257142857142857,1.05658263305322,0.168755884858626,0.480890236754003,0.480890236754003,0.745319643521112,"MDM2/PPP1CC/ANGPT1/CDK1/FGF9/PRICKLE1/NXF2/SMG1/IWS1",9
"GO:0030336","negative regulation of cell migration","10/459","391/18860",0.0255754475703325,1.05087786748686,0.160561178905287,0.481734563223412,0.481734563223412,0.745319643521112,"STC1/LRCH1/APOH/HMOX1/BCL2/ACVR1C/MIA3/ATP2B4/ABCC8/CLDN19",10
"GO:0030183","B cell differentiation","4/459","147/18860",0.0272108843537415,1.11807686037378,0.226984768698782,0.481993605861424,0.481993605861424,0.745319643521112,"RBPJ/BCL2/ZFP36L2/MYB",4
"GO:0030518","nuclear receptor-mediated steroid hormone signaling pathway","4/459","147/18860",0.0272108843537415,1.11807686037378,0.226984768698782,0.481993605861424,0.481993605861424,0.745319643521112,"TCF7L2/STRN3/KDM4C/RHOXF1",4
"GO:0043401","steroid hormone receptor signaling pathway","4/459","147/18860",0.0272108843537415,1.11807686037378,0.226984768698782,0.481993605861424,0.481993605861424,0.745319643521112,"TCF7L2/STRN3/KDM4C/RHOXF1",4
"GO:0008585","female gonad development","3/459","107/18860",0.0280373831775701,1.15203713884308,0.249087056470446,0.484879847000384,0.484879847000384,0.745319643521112,"UMODL1/BCL2/HYAL3",3
"GO:0019395","fatty acid oxidation","3/459","107/18860",0.0280373831775701,1.15203713884308,0.249087056470446,0.484879847000384,0.484879847000384,0.745319643521112,"HAO2/PRKAA1/SCP2",3
"GO:1903432","regulation of TORC1 signaling","3/459","107/18860",0.0280373831775701,1.15203713884308,0.249087056470446,0.484879847000384,0.484879847000384,0.745319643521112,"AKT1S1/ATXN3L/PRKAA1",3
"GO:0043410","positive regulation of MAPK cascade","12/459","474/18860",0.0253164556962025,1.04023606629712,0.140121900263861,0.485983542409095,0.485983542409095,0.745319643521112,"PDGFB/CASR/XIAP/NRG1/TMEM106A/ANGPT1/CDC42/FGF9/MT3/MYOC/RASGRF1/GCNT2",12
"GO:0001783","B cell apoptotic process","1/459","27/18860",0.037037037037037,1.52182683773098,0.42854210692609,0.486085239554826,0.486085239554826,0.745319643521112,"BCL2",1
"GO:0002066","columnar/cuboidal epithelial cell development","1/459","27/18860",0.037037037037037,1.52182683773098,0.42854210692609,0.486085239554826,0.486085239554826,0.745319643521112,"RARB",1
"GO:0003181","atrioventricular valve morphogenesis","1/459","27/18860",0.037037037037037,1.52182683773098,0.42854210692609,0.486085239554826,0.486085239554826,0.745319643521112,"MDM2",1
"GO:0016082","synaptic vesicle priming","1/459","27/18860",0.037037037037037,1.52182683773098,0.42854210692609,0.486085239554826,0.486085239554826,0.745319643521112,"UNC13B",1
"GO:0016226","iron-sulfur cluster assembly","1/459","27/18860",0.037037037037037,1.52182683773098,0.42854210692609,0.486085239554826,0.486085239554826,0.745319643521112,"BOLA3",1
"GO:0021697","cerebellar cortex formation","1/459","27/18860",0.037037037037037,1.52182683773098,0.42854210692609,0.486085239554826,0.486085239554826,0.745319643521112,"CBLN1",1
"GO:0030325","adrenal gland development","1/459","27/18860",0.037037037037037,1.52182683773098,0.42854210692609,0.486085239554826,0.486085239554826,0.745319643521112,"CDKN1C",1
"GO:0031163","metallo-sulfur cluster assembly","1/459","27/18860",0.037037037037037,1.52182683773098,0.42854210692609,0.486085239554826,0.486085239554826,0.745319643521112,"BOLA3",1
"GO:0032410","negative regulation of transporter activity","1/459","27/18860",0.037037037037037,1.52182683773098,0.42854210692609,0.486085239554826,0.486085239554826,0.745319643521112,"WWP2",1
"GO:0032753","positive regulation of interleukin-4 production","1/459","27/18860",0.037037037037037,1.52182683773098,0.42854210692609,0.486085239554826,0.486085239554826,0.745319643521112,"PRKCQ",1
"GO:0033617","mitochondrial cytochrome c oxidase assembly","1/459","27/18860",0.037037037037037,1.52182683773098,0.42854210692609,0.486085239554826,0.486085239554826,0.745319643521112,"COA5",1
"GO:0034377","plasma lipoprotein particle assembly","1/459","27/18860",0.037037037037037,1.52182683773098,0.42854210692609,0.486085239554826,0.486085239554826,0.745319643521112,"LPCAT3",1
"GO:0039694","viral RNA genome replication","1/459","27/18860",0.037037037037037,1.52182683773098,0.42854210692609,0.486085239554826,0.486085239554826,0.745319643521112,"APOBEC3H",1
"GO:0042745","circadian sleep/wake cycle","1/459","27/18860",0.037037037037037,1.52182683773098,0.42854210692609,0.486085239554826,0.486085239554826,0.745319643521112,"GABRB3",1
"GO:0044346","fibroblast apoptotic process","1/459","27/18860",0.037037037037037,1.52182683773098,0.42854210692609,0.486085239554826,0.486085239554826,0.745319643521112,"BCL2L11",1
"GO:0044872","lipoprotein localization","1/459","27/18860",0.037037037037037,1.52182683773098,0.42854210692609,0.486085239554826,0.486085239554826,0.745319643521112,"MIA3",1
"GO:0050995","negative regulation of lipid catabolic process","1/459","27/18860",0.037037037037037,1.52182683773098,0.42854210692609,0.486085239554826,0.486085239554826,0.745319643521112,"PRKAA1",1
"GO:0050996","positive regulation of lipid catabolic process","1/459","27/18860",0.037037037037037,1.52182683773098,0.42854210692609,0.486085239554826,0.486085239554826,0.745319643521112,"ENPP7",1
"GO:0051875","pigment granule localization","1/459","27/18860",0.037037037037037,1.52182683773098,0.42854210692609,0.486085239554826,0.486085239554826,0.745319643521112,"CDH3",1
"GO:0060669","embryonic placenta morphogenesis","1/459","27/18860",0.037037037037037,1.52182683773098,0.42854210692609,0.486085239554826,0.486085239554826,0.745319643521112,"CDKN1C",1
"GO:0071624","positive regulation of granulocyte chemotaxis","1/459","27/18860",0.037037037037037,1.52182683773098,0.42854210692609,0.486085239554826,0.486085239554826,0.745319643521112,"LBP",1
"GO:0097186","amelogenesis","1/459","27/18860",0.037037037037037,1.52182683773098,0.42854210692609,0.486085239554826,0.486085239554826,0.745319643521112,"AMTN",1
"GO:1901659","glycosyl compound biosynthetic process","1/459","27/18860",0.037037037037037,1.52182683773098,0.42854210692609,0.486085239554826,0.486085239554826,0.745319643521112,"CDK1",1
"GO:1902894","negative regulation of miRNA transcription","1/459","27/18860",0.037037037037037,1.52182683773098,0.42854210692609,0.486085239554826,0.486085239554826,0.745319643521112,"PDGFB",1
"GO:1903319","positive regulation of protein maturation","1/459","27/18860",0.037037037037037,1.52182683773098,0.42854210692609,0.486085239554826,0.486085239554826,0.745319643521112,"MYH9",1
"GO:0016072","rRNA metabolic process","7/459","270/18860",0.0259259259259259,1.06527878641168,0.170631504262162,0.486358924811508,0.486358924811508,0.745437246998517,"YBEY/SLFN12/MPHOSPH6/POLR2E/TAF1B/METTL15/PIH1D2",7
"GO:0051896","regulation of phosphatidylinositol 3-kinase/protein kinase B signal transduction","8/459","311/18860",0.0257234726688103,1.05696011880994,0.159968985567257,0.487115176933162,0.487115176933162,0.746203408482846,"TCF7L2/PDGFB/USP49/ANGPT1/CDC42/F2/MYOC/GCNT2",8
"GO:0061008","hepaticobiliary system development","4/459","148/18860",0.027027027027027,1.11052228699288,0.213189384958555,0.48725318254327,0.48725318254327,0.746203408482846,"MAN2A1/CA3/CLDN1/FGL1",4
"GO:0016042","lipid catabolic process","9/459","352/18860",0.0255681818181818,1.05057932263815,0.151289767558697,0.487711423170092,0.487711423170092,0.746320810150991,"ENPP7/PNLIP/AIG1/NEU4/GALC/PRKAA1/ENPP2/GM2A/SCP2",9
"GO:0001756","somitogenesis","2/459","67/18860",0.0298507462686567,1.22654700354437,0.293388189518216,0.48772428242788,0.48772428242788,0.746320810150991,"TCF15/RBPJ",2
"GO:0005976","polysaccharide metabolic process","3/459","108/18860",0.0277777777777778,1.14137012829823,0.232696951136256,0.491050010262649,0.491050010262649,0.750802673851876,"PDGFB/PPP1CC/EPM2AIP1",3
"GO:0010586","miRNA metabolic process","3/459","108/18860",0.0277777777777778,1.14137012829823,0.232696951136256,0.491050010262649,0.491050010262649,0.750802673851876,"PDGFB/ATOH8/MYB",3
"GO:0043491","phosphatidylinositol 3-kinase/protein kinase B signal transduction","9/459","354/18860",0.0254237288135593,1.04464384623906,0.13392199681099,0.494510481738138,0.494510481738138,0.752331272081612,"TCF7L2/PDGFB/USP49/GAB2/ANGPT1/CDC42/F2/MYOC/GCNT2",9
"GO:0016925","protein sumoylation","2/459","68/18860",0.0294117647058824,1.20850954760989,0.272043817702555,0.495545696616642,0.495545696616642,0.752331272081612,"BCL11A/MDM2",2
"GO:0043470","regulation of carbohydrate catabolic process","2/459","68/18860",0.0294117647058824,1.20850954760989,0.272043817702555,0.495545696616642,0.495545696616642,0.752331272081612,"SLC4A4/PRKAA1",2
"GO:0051123","RNA polymerase II preinitiation complex assembly","2/459","68/18860",0.0294117647058824,1.20850954760989,0.272043817702555,0.495545696616642,0.495545696616642,0.752331272081612,"MED20/TAF4B",2
"GO:0098930","axonal transport","2/459","68/18860",0.0294117647058824,1.20850954760989,0.272043817702555,0.495545696616642,0.495545696616642,0.752331272081612,"ARMCX3/AGBL4",2
"GO:2001244","positive regulation of intrinsic apoptotic signaling pathway","2/459","68/18860",0.0294117647058824,1.20850954760989,0.272043817702555,0.495545696616642,0.495545696616642,0.752331272081612,"PMAIP1/BCL2L11",2
"GO:0009137","purine nucleoside diphosphate catabolic process","3/459","109/18860",0.0275229357798165,1.13089884271752,0.216462066080836,0.497183718345617,0.497183718345617,0.752331272081612,"SLC4A4/PRKAA1/PGAM4",3
"GO:0009181","purine ribonucleoside diphosphate catabolic process","3/459","109/18860",0.0275229357798165,1.13089884271752,0.216462066080836,0.497183718345617,0.497183718345617,0.752331272081612,"SLC4A4/PRKAA1/PGAM4",3
"GO:0031398","positive regulation of protein ubiquitination","3/459","109/18860",0.0275229357798165,1.13089884271752,0.216462066080836,0.497183718345617,0.497183718345617,0.752331272081612,"XIAP/ANGPT1/PRICKLE1",3
"GO:0072526","pyridine-containing compound catabolic process","3/459","109/18860",0.0275229357798165,1.13089884271752,0.216462066080836,0.497183718345617,0.497183718345617,0.752331272081612,"SLC4A4/PRKAA1/PGAM4",3
"GO:0150115","cell-substrate junction organization","3/459","109/18860",0.0275229357798165,1.13089884271752,0.216462066080836,0.497183718345617,0.497183718345617,0.752331272081612,"BCL2/PRICKLE1/MYOC",3
"GO:0045861","negative regulation of proteolysis","4/459","150/18860",0.0266666666666667,1.0957153231663,0.185881071012499,0.497706538059236,0.497706538059236,0.752331272081612,"UCHL5/MDM2/F2/CHAC1",4
"GO:0046488","phosphatidylinositol metabolic process","4/459","150/18860",0.0266666666666667,1.0957153231663,0.185881071012499,0.497706538059236,0.497706538059236,0.752331272081612,"PDGFB/IP6K3/INPP5A/SMG1",4
"GO:0090090","negative regulation of canonical Wnt signaling pathway","4/459","150/18860",0.0266666666666667,1.0957153231663,0.185881071012499,0.497706538059236,0.497706538059236,0.752331272081612,"TCF7L2/SFRP4/PRICKLE1/WNT5B",4
"GO:0001702","gastrulation with mouth forming second","1/459","28/18860",0.0357142857142857,1.46747587924059,0.390962371523364,0.498610428056091,0.498610428056091,0.752331272081612,"PRICKLE1",1
"GO:0002675","positive regulation of acute inflammatory response","1/459","28/18860",0.0357142857142857,1.46747587924059,0.390962371523364,0.498610428056091,0.498610428056091,0.752331272081612,"C2CD4B",1
"GO:0003272","endocardial cushion formation","1/459","28/18860",0.0357142857142857,1.46747587924059,0.390962371523364,0.498610428056091,0.498610428056091,0.752331272081612,"RBPJ",1
"GO:0010592","positive regulation of lamellipodium assembly","1/459","28/18860",0.0357142857142857,1.46747587924059,0.390962371523364,0.498610428056091,0.498610428056091,0.752331272081612,"CDC42",1
"GO:0010640","regulation of platelet-derived growth factor receptor signaling pathway","1/459","28/18860",0.0357142857142857,1.46747587924059,0.390962371523364,0.498610428056091,0.498610428056091,0.752331272081612,"HIP1R",1
"GO:0032740","positive regulation of interleukin-17 production","1/459","28/18860",0.0357142857142857,1.46747587924059,0.390962371523364,0.498610428056091,0.498610428056091,0.752331272081612,"PRKCQ",1
"GO:0036119","response to platelet-derived growth factor","1/459","28/18860",0.0357142857142857,1.46747587924059,0.390962371523364,0.498610428056091,0.498610428056091,0.752331272081612,"PDGFB",1
"GO:0039529","RIG-I signaling pathway","1/459","28/18860",0.0357142857142857,1.46747587924059,0.390962371523364,0.498610428056091,0.498610428056091,0.752331272081612,"ANKRD17",1
"GO:0044342","type B pancreatic cell proliferation","1/459","28/18860",0.0357142857142857,1.46747587924059,0.390962371523364,0.498610428056091,0.498610428056091,0.752331272081612,"RASGRF1",1
"GO:0045662","negative regulation of myoblast differentiation","1/459","28/18860",0.0357142857142857,1.46747587924059,0.390962371523364,0.498610428056091,0.498610428056091,0.752331272081612,"PRICKLE1",1
"GO:0046629","gamma-delta T cell activation","1/459","28/18860",0.0357142857142857,1.46747587924059,0.390962371523364,0.498610428056091,0.498610428056091,0.752331272081612,"MICA",1
"GO:0052372","modulation by symbiont of entry into host","1/459","28/18860",0.0357142857142857,1.46747587924059,0.390962371523364,0.498610428056091,0.498610428056091,0.752331272081612,"TRIM11",1
"GO:0060065","uterus development","1/459","28/18860",0.0357142857142857,1.46747587924059,0.390962371523364,0.498610428056091,0.498610428056091,0.752331272081612,"CDKN1C",1
"GO:0070193","synaptonemal complex organization","1/459","28/18860",0.0357142857142857,1.46747587924059,0.390962371523364,0.498610428056091,0.498610428056091,0.752331272081612,"HORMAD1",1
"GO:0070536","protein K63-linked deubiquitination","1/459","28/18860",0.0357142857142857,1.46747587924059,0.390962371523364,0.498610428056091,0.498610428056091,0.752331272081612,"BRCC3",1
"GO:0071480","cellular response to gamma radiation","1/459","28/18860",0.0357142857142857,1.46747587924059,0.390962371523364,0.498610428056091,0.498610428056091,0.752331272081612,"MDM2",1
"GO:0072010","glomerular epithelium development","1/459","28/18860",0.0357142857142857,1.46747587924059,0.390962371523364,0.498610428056091,0.498610428056091,0.752331272081612,"PODXL",1
"GO:0090103","cochlea morphogenesis","1/459","28/18860",0.0357142857142857,1.46747587924059,0.390962371523364,0.498610428056091,0.498610428056091,0.752331272081612,"FZD2",1
"GO:0141162","negative regulation of cAMP/PKA signal transduction","1/459","28/18860",0.0357142857142857,1.46747587924059,0.390962371523364,0.498610428056091,0.498610428056091,0.752331272081612,"PRKAR1B",1
"GO:0110053","regulation of actin filament organization","7/459","274/18860",0.0255474452554745,1.04972727128159,0.130954945426188,0.501826035017676,0.501826035017676,0.756677929668925,"S1PR1/HIP1R/CDC42/ARHGEF10L/MYOC/SSH1/OAZ3",7
"GO:0000819","sister chromatid segregation","6/459","233/18860",0.0257510729613734,1.05809419619064,0.140923756276349,0.502145229357102,0.502145229357102,0.756677929668925,"PPP1CC/CDK1/PRICKLE1/TTN/CCDC66/SMARCA5",6
"GO:0001938","positive regulation of endothelial cell proliferation","3/459","110/18860",0.0272727272727273,1.12061794414736,0.200379177143664,0.503280123243744,0.503280123243744,0.756677929668925,"PDGFB/HMOX1/VASH2",3
"GO:0002707","negative regulation of lymphocyte mediated immunity","2/459","69/18860",0.0289855072463768,1.19099491648511,0.251024648535893,0.503290801537649,0.503290801537649,0.756677929668925,"PRKAA1/MICA",2
"GO:0043525","positive regulation of neuron apoptotic process","2/459","69/18860",0.0289855072463768,1.19099491648511,0.251024648535893,0.503290801537649,0.503290801537649,0.756677929668925,"MYB/BCL2L11",2
"GO:0045744","negative regulation of G protein-coupled receptor signaling pathway","2/459","69/18860",0.0289855072463768,1.19099491648511,0.251024648535893,0.503290801537649,0.503290801537649,0.756677929668925,"INPP5A/ATP2B4",2
"GO:0046503","glycerolipid catabolic process","2/459","69/18860",0.0289855072463768,1.19099491648511,0.251024648535893,0.503290801537649,0.503290801537649,0.756677929668925,"PNLIP/ENPP2",2
"GO:0051058","negative regulation of small GTPase mediated signal transduction","2/459","69/18860",0.0289855072463768,1.19099491648511,0.251024648535893,0.503290801537649,0.503290801537649,0.756677929668925,"ARHGAP22/MYOC",2
"GO:0080164","regulation of nitric oxide metabolic process","2/459","69/18860",0.0289855072463768,1.19099491648511,0.251024648535893,0.503290801537649,0.503290801537649,0.756677929668925,"TMEM106A/ATP2B4",2
"GO:0042063","gliogenesis","9/459","357/18860",0.0252100840336134,1.03586532652277,0.10805199332089,0.5046637729111,0.5046637729111,0.758264779789664,"NFIA/PPP1CC/SYNE2/CDK1/CNTN1/F2/MYOC/MYB/ABCC8",9
"GO:0032200","telomere organization","5/459","193/18860",0.0259067357512953,1.0644902750968,0.142226518950328,0.507089373360796,0.507089373360796,0.758264779789664,"PRKCQ/UCHL5/INO80C/PTGES3/SMG1",5
"GO:0019216","regulation of lipid metabolic process","9/459","358/18860",0.0251396648044693,1.03297184795706,0.0994764833525092,0.508035273585002,0.508035273585002,0.758264779789664,"ENPP7/PDGFB/TPK1/APOH/ERLIN2/PDK1/PRKAA1/LPCAT3/SCP2",9
"GO:0021549","cerebellum development","3/459","111/18860",0.027027027027027,1.11052228699288,0.184445157784246,0.50933841432162,0.50933841432162,0.758264779789664,"CBLN1/GABRB3/CNTN1",3
"GO:0046545","development of primary female sexual characteristics","3/459","111/18860",0.027027027027027,1.11052228699288,0.184445157784246,0.50933841432162,0.50933841432162,0.758264779789664,"UMODL1/BCL2/HYAL3",3
"GO:0050769","positive regulation of neurogenesis","6/459","235/18860",0.025531914893617,1.04908913920178,0.119595865865175,0.510462579685874,0.510462579685874,0.758264779789664,"BCL11A/MAP6/PPP1CC/MAN2A1/SHOX2/MYB",6
"GO:0001963","synaptic transmission, dopaminergic","1/459","29/18860",0.0344827586206897,1.41687326271505,0.354822628673199,0.510831000142023,0.510831000142023,0.758264779789664,"CRHBP",1
"GO:0006304","DNA modification","1/459","29/18860",0.0344827586206897,1.41687326271505,0.354822628673199,0.510831000142023,0.510831000142023,0.758264779789664,"APOBEC3H",1
"GO:0006833","water transport","1/459","29/18860",0.0344827586206897,1.41687326271505,0.354822628673199,0.510831000142023,0.510831000142023,0.758264779789664,"MLLT6",1
"GO:0007141","male meiosis I","1/459","29/18860",0.0344827586206897,1.41687326271505,0.354822628673199,0.510831000142023,0.510831000142023,0.758264779789664,"TDRD9",1
"GO:0009649","entrainment of circadian clock","1/459","29/18860",0.0344827586206897,1.41687326271505,0.354822628673199,0.510831000142023,0.510831000142023,0.758264779789664,"PPP1CC",1
"GO:0010971","positive regulation of G2/M transition of mitotic cell cycle","1/459","29/18860",0.0344827586206897,1.41687326271505,0.354822628673199,0.510831000142023,0.510831000142023,0.758264779789664,"CDK1",1
"GO:0019359","nicotinamide nucleotide biosynthetic process","1/459","29/18860",0.0344827586206897,1.41687326271505,0.354822628673199,0.510831000142023,0.510831000142023,0.758264779789664,"HAAO",1
"GO:0019363","pyridine nucleotide biosynthetic process","1/459","29/18860",0.0344827586206897,1.41687326271505,0.354822628673199,0.510831000142023,0.510831000142023,0.758264779789664,"HAAO",1
"GO:0030262","apoptotic nuclear changes","1/459","29/18860",0.0344827586206897,1.41687326271505,0.354822628673199,0.510831000142023,0.510831000142023,0.758264779789664,"ACVR1C",1
"GO:0035025","positive regulation of Rho protein signal transduction","1/459","29/18860",0.0344827586206897,1.41687326271505,0.354822628673199,0.510831000142023,0.510831000142023,0.758264779789664,"MCF2L",1
"GO:0042026","protein refolding","1/459","29/18860",0.0344827586206897,1.41687326271505,0.354822628673199,0.510831000142023,0.510831000142023,0.758264779789664,"DNAJA2",1
"GO:0042178","xenobiotic catabolic process","1/459","29/18860",0.0344827586206897,1.41687326271505,0.354822628673199,0.510831000142023,0.510831000142023,0.758264779789664,"CYP2B6",1
"GO:0042634","regulation of hair cycle","1/459","29/18860",0.0344827586206897,1.41687326271505,0.354822628673199,0.510831000142023,0.510831000142023,0.758264779789664,"CDH3",1
"GO:0043304","regulation of mast cell degranulation","1/459","29/18860",0.0344827586206897,1.41687326271505,0.354822628673199,0.510831000142023,0.510831000142023,0.758264779789664,"GAB2",1
"GO:0045686","negative regulation of glial cell differentiation","1/459","29/18860",0.0344827586206897,1.41687326271505,0.354822628673199,0.510831000142023,0.510831000142023,0.758264779789664,"F2",1
"GO:0045717","negative regulation of fatty acid biosynthetic process","1/459","29/18860",0.0344827586206897,1.41687326271505,0.354822628673199,0.510831000142023,0.510831000142023,0.758264779789664,"ERLIN2",1
"GO:0045907","positive regulation of vasoconstriction","1/459","29/18860",0.0344827586206897,1.41687326271505,0.354822628673199,0.510831000142023,0.510831000142023,0.758264779789664,"CASR",1
"GO:0046618","xenobiotic export from cell","1/459","29/18860",0.0344827586206897,1.41687326271505,0.354822628673199,0.510831000142023,0.510831000142023,0.758264779789664,"OSCP1",1
"GO:0050482","arachidonate secretion","1/459","29/18860",0.0344827586206897,1.41687326271505,0.354822628673199,0.510831000142023,0.510831000142023,0.758264779789664,"ACE",1
"GO:0060561","apoptotic process involved in morphogenesis","1/459","29/18860",0.0344827586206897,1.41687326271505,0.354822628673199,0.510831000142023,0.510831000142023,0.758264779789664,"BCL2L11",1
"GO:1902914","regulation of protein polyubiquitination","1/459","29/18860",0.0344827586206897,1.41687326271505,0.354822628673199,0.510831000142023,0.510831000142023,0.758264779789664,"XIAP",1
"GO:1903421","regulation of synaptic vesicle recycling","1/459","29/18860",0.0344827586206897,1.41687326271505,0.354822628673199,0.510831000142023,0.510831000142023,0.758264779789664,"VAMP4",1
"GO:1903963","arachidonate transport","1/459","29/18860",0.0344827586206897,1.41687326271505,0.354822628673199,0.510831000142023,0.510831000142023,0.758264779789664,"ACE",1
"GO:2000629","negative regulation of miRNA metabolic process","1/459","29/18860",0.0344827586206897,1.41687326271505,0.354822628673199,0.510831000142023,0.510831000142023,0.758264779789664,"PDGFB",1
"GO:0014015","positive regulation of gliogenesis","2/459","70/18860",0.0285714285714286,1.17398070339247,0.230320011021192,0.510958672890253,0.510958672890253,0.758264779789664,"PPP1CC/MYB",2
"GO:0045576","mast cell activation","2/459","70/18860",0.0285714285714286,1.17398070339247,0.230320011021192,0.510958672890253,0.510958672890253,0.758264779789664,"ENPP3/GAB2",2
"GO:1902808","positive regulation of cell cycle G1/S phase transition","2/459","70/18860",0.0285714285714286,1.17398070339247,0.230320011021192,0.510958672890253,0.510958672890253,0.758264779789664,"ANKRD17/MDM2",2
"GO:0055088","lipid homeostasis","5/459","194/18860",0.0257731958762887,1.0590032118231,0.130465549432149,0.511657895418093,0.511657895418093,0.759004779974022,"ENPP7/PNLIP/OR10J5/PRKAA1/ABCB4",5
"GO:0051402","neuron apoptotic process","8/459","318/18860",0.0251572327044025,1.03369370110029,0.0957037490327479,0.512281056929934,0.512281056929934,0.759631413819136,"BARHL1/AKT1S1/XIAP/ANGPT1/BCL2/MT3/MYB/BCL2L11",8
"GO:0002526","acute inflammatory response","3/459","112/18860",0.0267857142857143,1.10060690943044,0.168656975246851,0.515357817619126,0.515357817619126,0.762997839692265,"LBP/C2CD4B/F2",3
"GO:0006641","triglyceride metabolic process","3/459","112/18860",0.0267857142857143,1.10060690943044,0.168656975246851,0.515357817619126,0.515357817619126,0.762997839692265,"PNLIP/APOH/GPR82",3
"GO:0009191","ribonucleoside diphosphate catabolic process","3/459","112/18860",0.0267857142857143,1.10060690943044,0.168656975246851,0.515357817619126,0.515357817619126,0.762997839692265,"SLC4A4/PRKAA1/PGAM4",3
"GO:0046031","ADP metabolic process","3/459","112/18860",0.0267857142857143,1.10060690943044,0.168656975246851,0.515357817619126,0.515357817619126,0.762997839692265,"SLC4A4/PRKAA1/PGAM4",3
"GO:0007269","neurotransmitter secretion","4/459","154/18860",0.025974025974026,1.06725518490224,0.132355083631725,0.518332748099638,0.518332748099638,0.763199270011687,"PPFIA2/PTPRN2/ABCC8/UNC13B",4
"GO:0008584","male gonad development","4/459","154/18860",0.025974025974026,1.06725518490224,0.132355083631725,0.518332748099638,0.518332748099638,0.763199270011687,"ACE/BCL2/FGF9/BCL2L11",4
"GO:0099643","signal release from synapse","4/459","154/18860",0.025974025974026,1.06725518490224,0.132355083631725,0.518332748099638,0.518332748099638,0.763199270011687,"PPFIA2/PTPRN2/ABCC8/UNC13B",4
"GO:0007566","embryo implantation","2/459","71/18860",0.028169014084507,1.15744576390807,0.209919741022629,0.518548476274346,0.518548476274346,0.763199270011687,"STC1/ACVR1C",2
"GO:0030199","collagen fibril organization","2/459","71/18860",0.028169014084507,1.15744576390807,0.209919741022629,0.518548476274346,0.518548476274346,0.763199270011687,"LOXL1/ADAMTS7",2
"GO:0044773","mitotic DNA damage checkpoint signaling","2/459","71/18860",0.028169014084507,1.15744576390807,0.209919741022629,0.518548476274346,0.518548476274346,0.763199270011687,"CDK1/BRCC3",2
"GO:1901657","glycosyl compound metabolic process","2/459","71/18860",0.028169014084507,1.15744576390807,0.209919741022629,0.518548476274346,0.518548476274346,0.763199270011687,"CDK1/UPP1",2
"GO:0032640","tumor necrosis factor production","5/459","196/18860",0.0255102040816327,1.04819705660042,0.107125077662494,0.520742678830795,0.520742678830795,0.763199270011687,"LBP/TMEM106A/ANGPT1/OAS1/ABCC8",5
"GO:0032680","regulation of tumor necrosis factor production","5/459","196/18860",0.0255102040816327,1.04819705660042,0.107125077662494,0.520742678830795,0.520742678830795,0.763199270011687,"LBP/TMEM106A/ANGPT1/OAS1/ABCC8",5
"GO:0048675","axon extension","3/459","113/18860",0.0265486725663717,1.09086702527619,0.153011686909372,0.521337595153319,0.521337595153319,0.763199270011687,"NRCAM/BCL11A/MT3",3
"GO:0002218","activation of innate immune response","9/459","362/18860",0.0248618784530387,1.02155779438847,0.0654095533436108,0.521451123194271,0.521451123194271,0.763199270011687,"ANKRD17/LBP/CASR/XIAP/TRIM11/KCNK6/SMPDL3A/BRCC3/OAS1",9
"GO:0003338","metanephros morphogenesis","1/459","30/18860",0.0333333333333333,1.36964415395788,0.320010530518538,0.522754348394097,0.522754348394097,0.763199270011687,"FRAS1",1
"GO:0006359","regulation of transcription by RNA polymerase III","1/459","30/18860",0.0333333333333333,1.36964415395788,0.320010530518538,0.522754348394097,0.522754348394097,0.763199270011687,"SMARCA5",1
"GO:0006783","heme biosynthetic process","1/459","30/18860",0.0333333333333333,1.36964415395788,0.320010530518538,0.522754348394097,0.522754348394097,0.763199270011687,"TMEM14B",1
"GO:0009226","nucleotide-sugar biosynthetic process","1/459","30/18860",0.0333333333333333,1.36964415395788,0.320010530518538,0.522754348394097,0.522754348394097,0.763199270011687,"CMAS",1
"GO:0009264","deoxyribonucleotide catabolic process","1/459","30/18860",0.0333333333333333,1.36964415395788,0.320010530518538,0.522754348394097,0.522754348394097,0.763199270011687,"UPP1",1
"GO:0010165","response to X-ray","1/459","30/18860",0.0333333333333333,1.36964415395788,0.320010530518538,0.522754348394097,0.522754348394097,0.763199270011687,"BRCC3",1
"GO:0010447","response to acidic pH","1/459","30/18860",0.0333333333333333,1.36964415395788,0.320010530518538,0.522754348394097,0.522754348394097,0.763199270011687,"GNAS",1
"GO:0017121","plasma membrane phospholipid scrambling","1/459","30/18860",0.0333333333333333,1.36964415395788,0.320010530518538,0.522754348394097,0.522754348394097,0.763199270011687,"ANO4",1
"GO:0022011","myelination in peripheral nervous system","1/459","30/18860",0.0333333333333333,1.36964415395788,0.320010530518538,0.522754348394097,0.522754348394097,0.763199270011687,"MYOC",1
"GO:0032292","peripheral nervous system axon ensheathment","1/459","30/18860",0.0333333333333333,1.36964415395788,0.320010530518538,0.522754348394097,0.522754348394097,0.763199270011687,"MYOC",1
"GO:0043032","positive regulation of macrophage activation","1/459","30/18860",0.0333333333333333,1.36964415395788,0.320010530518538,0.522754348394097,0.522754348394097,0.763199270011687,"LBP",1
"GO:0045606","positive regulation of epidermal cell differentiation","1/459","30/18860",0.0333333333333333,1.36964415395788,0.320010530518538,0.522754348394097,0.522754348394097,0.763199270011687,"SFRP4",1
"GO:0046386","deoxyribose phosphate catabolic process","1/459","30/18860",0.0333333333333333,1.36964415395788,0.320010530518538,0.522754348394097,0.522754348394097,0.763199270011687,"UPP1",1
"GO:0046685","response to arsenic-containing substance","1/459","30/18860",0.0333333333333333,1.36964415395788,0.320010530518538,0.522754348394097,0.522754348394097,0.763199270011687,"HMOX1",1
"GO:0051894","positive regulation of focal adhesion assembly","1/459","30/18860",0.0333333333333333,1.36964415395788,0.320010530518538,0.522754348394097,0.522754348394097,0.763199270011687,"MYOC",1
"GO:0051984","positive regulation of chromosome segregation","1/459","30/18860",0.0333333333333333,1.36964415395788,0.320010530518538,0.522754348394097,0.522754348394097,0.763199270011687,"CDK1",1
"GO:0060384","innervation","1/459","30/18860",0.0333333333333333,1.36964415395788,0.320010530518538,0.522754348394097,0.522754348394097,0.763199270011687,"GABRB3",1
"GO:0060479","lung cell differentiation","1/459","30/18860",0.0333333333333333,1.36964415395788,0.320010530518538,0.522754348394097,0.522754348394097,0.763199270011687,"RBPJ",1
"GO:0060487","lung epithelial cell differentiation","1/459","30/18860",0.0333333333333333,1.36964415395788,0.320010530518538,0.522754348394097,0.522754348394097,0.763199270011687,"RBPJ",1
"GO:0065005","protein-lipid complex assembly","1/459","30/18860",0.0333333333333333,1.36964415395788,0.320010530518538,0.522754348394097,0.522754348394097,0.763199270011687,"LPCAT3",1
"GO:0071467","cellular response to pH","1/459","30/18860",0.0333333333333333,1.36964415395788,0.320010530518538,0.522754348394097,0.522754348394097,0.763199270011687,"GNAS",1
"GO:0090594","inflammatory response to wounding","1/459","30/18860",0.0333333333333333,1.36964415395788,0.320010530518538,0.522754348394097,0.522754348394097,0.763199270011687,"HMOX1",1
"GO:1901381","positive regulation of potassium ion transmembrane transport","1/459","30/18860",0.0333333333333333,1.36964415395788,0.320010530518538,0.522754348394097,0.522754348394097,0.763199270011687,"KCNH2",1
"GO:1903077","negative regulation of protein localization to plasma membrane","1/459","30/18860",0.0333333333333333,1.36964415395788,0.320010530518538,0.522754348394097,0.522754348394097,0.763199270011687,"ANXA13",1
"GO:2000042","negative regulation of double-strand break repair via homologous recombination","1/459","30/18860",0.0333333333333333,1.36964415395788,0.320010530518538,0.522754348394097,0.522754348394097,0.763199270011687,"RECQL5",1
"GO:0032368","regulation of lipid transport","4/459","155/18860",0.0258064516129032,1.06036966758029,0.119192996391766,0.523427471794915,0.523427471794915,0.763395812719919,"ABCB4/MYB/LPCAT3/SCP2",4
"GO:0046546","development of primary male sexual characteristics","4/459","155/18860",0.0258064516129032,1.06036966758029,0.119192996391766,0.523427471794915,0.523427471794915,0.763395812719919,"ACE/BCL2/FGF9/BCL2L11",4
"GO:0140694","membraneless organelle assembly","11/459","446/18860",0.0246636771300448,1.01341383588812,0.0452784247241542,0.525110212186749,0.525110212186749,0.763395812719919,"MYH11/STARD9/CETN2/PRICKLE1/TTN/PRKAA1/MYH6/CEP44/CCDC66/MYBPC3/NEB",11
"GO:0001764","neuron migration","5/459","197/18860",0.0253807106598985,1.04287625935879,0.0955441793915862,0.525258090407253,0.525258090407253,0.763395812719919,"NRCAM/BARHL1/NTNG1/GPM6A/ACAP3",5
"GO:0045814","negative regulation of gene expression, epigenetic","5/459","197/18860",0.0253807106598985,1.04287625935879,0.0955441793915862,0.525258090407253,0.525258090407253,0.763395812719919,"TDRD9/MPHOSPH8/SPTY2D1/LMNB1/SMARCA5",5
"GO:0060538","skeletal muscle organ development","5/459","197/18860",0.0253807106598985,1.04287625935879,0.0955441793915862,0.525258090407253,0.525258090407253,0.763395812719919,"RYR1/MED20/BCL2/SHOX2/PRKAA1",5
"GO:0018105","peptidyl-serine phosphorylation","2/459","72/18860",0.0277777777777778,1.14137012829823,0.189814150209618,0.526059463379446,0.526059463379446,0.763395812719919,"ARAF/SMG1",2
"GO:0034142","toll-like receptor 4 signaling pathway","2/459","72/18860",0.0277777777777778,1.14137012829823,0.189814150209618,0.526059463379446,0.526059463379446,0.763395812719919,"LBP/OAS1",2
"GO:0045600","positive regulation of fat cell differentiation","2/459","72/18860",0.0277777777777778,1.14137012829823,0.189814150209618,0.526059463379446,0.526059463379446,0.763395812719919,"WIF1/WNT5B",2
"GO:2000401","regulation of lymphocyte migration","2/459","72/18860",0.0277777777777778,1.14137012829823,0.189814150209618,0.526059463379446,0.526059463379446,0.763395812719919,"LRCH1/MIA3",2
"GO:0006029","proteoglycan metabolic process","3/459","114/18860",0.0263157894736842,1.08129801628254,0.137506436805878,0.527277044217941,0.527277044217941,0.763395812719919,"TCF7L2/ANGPT1/ADAMTS7",3
"GO:0009134","nucleoside diphosphate catabolic process","3/459","114/18860",0.0263157894736842,1.08129801628254,0.137506436805878,0.527277044217941,0.527277044217941,0.763395812719919,"SLC4A4/PRKAA1/PGAM4",3
"GO:0072676","lymphocyte migration","3/459","114/18860",0.0263157894736842,1.08129801628254,0.137506436805878,0.527277044217941,0.527277044217941,0.763395812719919,"LRCH1/S1PR1/MIA3",3
"GO:0007188","adenylate cyclase-modulating G protein-coupled receptor signaling pathway","7/459","281/18860",0.0249110320284698,1.02357748160553,0.0628904015468161,0.528515341056855,0.528515341056855,0.763395812719919,"GNAS/AKAP5/CASR/S1PR1/PRKAR1B/PTGFR/ATP2B4",7
"GO:0042593","glucose homeostasis","7/459","281/18860",0.0249110320284698,1.02357748160553,0.0628904015468161,0.528515341056855,0.528515341056855,0.763395812719919,"TCF7L2/CASR/PTPRN2/PRKAA1/OAS1/ABCC8/UNC13B",7
"GO:2000146","negative regulation of cell motility","10/459","406/18860",0.0246305418719212,1.01205233051075,0.0387733880637167,0.529655648691077,0.529655648691077,0.763395812719919,"STC1/LRCH1/APOH/HMOX1/BCL2/ACVR1C/MIA3/ATP2B4/ABCC8/CLDN19",10
"GO:2001233","regulation of apoptotic signaling pathway","10/459","406/18860",0.0246305418719212,1.01205233051075,0.0387733880637167,0.529655648691077,0.529655648691077,0.763395812719919,"TCF7L2/MDM2/NRG1/SGK3/IVNS1ABP/HMOX1/PMAIP1/CA3/BCL2/BCL2L11",10
"GO:0098813","nuclear chromosome segregation","8/459","323/18860",0.0247678018575851,1.01769225061886,0.0506535140128063,0.53000859511399,0.53000859511399,0.763395812719919,"PPP1CC/CDC42/CDK1/PRICKLE1/TTN/HORMAD1/CCDC66/SMARCA5",8
"GO:0033500","carbohydrate homeostasis","7/459","282/18860",0.024822695035461,1.01994777422395,0.0533045742971072,0.532284282385338,0.532284282385338,0.763395812719919,"TCF7L2/CASR/PTPRN2/PRKAA1/OAS1/ABCC8/UNC13B",7
"GO:0019217","regulation of fatty acid metabolic process","3/459","115/18860",0.0260869565217391,1.0718954248366,0.122138452313159,0.533175496681456,0.533175496681456,0.763395812719919,"TPK1/ERLIN2/PDK1",3
"GO:0034440","lipid oxidation","3/459","115/18860",0.0260869565217391,1.0718954248366,0.122138452313159,0.533175496681456,0.533175496681456,0.763395812719919,"HAO2/PRKAA1/SCP2",3
"GO:0042116","macrophage activation","3/459","115/18860",0.0260869565217391,1.0718954248366,0.122138452313159,0.533175496681456,0.533175496681456,0.763395812719919,"LBP/TMEM106A/CALHM2",3
"GO:0010972","negative regulation of G2/M transition of mitotic cell cycle","2/459","73/18860",0.0273972602739726,1.12573492106127,0.16999399731346,0.533490968305349,0.533490968305349,0.763395812719919,"CDK1/BRCC3",2
"GO:0032272","negative regulation of protein polymerization","2/459","73/18860",0.0273972602739726,1.12573492106127,0.16999399731346,0.533490968305349,0.533490968305349,0.763395812719919,"HIP1R/SSH1",2
"GO:2000144","positive regulation of DNA-templated transcription initiation","2/459","73/18860",0.0273972602739726,1.12573492106127,0.16999399731346,0.533490968305349,0.533490968305349,0.763395812719919,"MED20/TAF4B",2
"GO:0007224","smoothened signaling pathway","4/459","157/18860",0.0254777070063694,1.04686177372577,0.0931231959399138,0.533538940528595,0.533538940528595,0.763395812719919,"UCHL5/FGF9/HHAT/SHOX2",4
"GO:0042552","myelination","4/459","157/18860",0.0254777070063694,1.04686177372577,0.0931231959399138,0.533538940528595,0.533538940528595,0.763395812719919,"GALC/CNTN1/RARB/MYOC",4
"GO:0001516","prostaglandin biosynthetic process","1/459","31/18860",0.032258064516129,1.32546208447537,0.286426094416301,0.534387686370045,0.534387686370045,0.763395812719919,"PTGES3",1
"GO:0001911","negative regulation of leukocyte mediated cytotoxicity","1/459","31/18860",0.032258064516129,1.32546208447537,0.286426094416301,0.534387686370045,0.534387686370045,0.763395812719919,"MICA",1
"GO:0001958","endochondral ossification","1/459","31/18860",0.032258064516129,1.32546208447537,0.286426094416301,0.534387686370045,0.534387686370045,0.763395812719919,"MMP16",1
"GO:0001975","response to amphetamine","1/459","31/18860",0.032258064516129,1.32546208447537,0.286426094416301,0.534387686370045,0.534387686370045,0.763395812719919,"GRIN2A",1
"GO:0002837","regulation of immune response to tumor cell","1/459","31/18860",0.032258064516129,1.32546208447537,0.286426094416301,0.534387686370045,0.534387686370045,0.763395812719919,"PRKAA1",1
"GO:0003171","atrioventricular valve development","1/459","31/18860",0.032258064516129,1.32546208447537,0.286426094416301,0.534387686370045,0.534387686370045,0.763395812719919,"MDM2",1
"GO:0006921","cellular component disassembly involved in execution phase of apoptosis","1/459","31/18860",0.032258064516129,1.32546208447537,0.286426094416301,0.534387686370045,0.534387686370045,0.763395812719919,"ACVR1C",1
"GO:0007064","mitotic sister chromatid cohesion","1/459","31/18860",0.032258064516129,1.32546208447537,0.286426094416301,0.534387686370045,0.534387686370045,0.763395812719919,"CDCA5",1
"GO:0008535","respiratory chain complex IV assembly","1/459","31/18860",0.032258064516129,1.32546208447537,0.286426094416301,0.534387686370045,0.534387686370045,0.763395812719919,"COA5",1
"GO:0010894","negative regulation of steroid biosynthetic process","1/459","31/18860",0.032258064516129,1.32546208447537,0.286426094416301,0.534387686370045,0.534387686370045,0.763395812719919,"ERLIN2",1
"GO:0014047","glutamate secretion","1/459","31/18860",0.032258064516129,1.32546208447537,0.286426094416301,0.534387686370045,0.534387686370045,0.763395812719919,"ABCC8",1
"GO:0021522","spinal cord motor neuron differentiation","1/459","31/18860",0.032258064516129,1.32546208447537,0.286426094416301,0.534387686370045,0.534387686370045,0.763395812719919,"MDGA2",1
"GO:0021801","cerebral cortex radial glia-guided migration","1/459","31/18860",0.032258064516129,1.32546208447537,0.286426094416301,0.534387686370045,0.534387686370045,0.763395812719919,"SYNE2",1
"GO:0022030","telencephalon glial cell migration","1/459","31/18860",0.032258064516129,1.32546208447537,0.286426094416301,0.534387686370045,0.534387686370045,0.763395812719919,"SYNE2",1
"GO:0033135","regulation of peptidyl-serine phosphorylation","1/459","31/18860",0.032258064516129,1.32546208447537,0.286426094416301,0.534387686370045,0.534387686370045,0.763395812719919,"ARAF",1
"GO:0033688","regulation of osteoblast proliferation","1/459","31/18860",0.032258064516129,1.32546208447537,0.286426094416301,0.534387686370045,0.534387686370045,0.763395812719919,"BCL2",1
"GO:0034250","positive regulation of amide metabolic process","1/459","31/18860",0.032258064516129,1.32546208447537,0.286426094416301,0.534387686370045,0.534387686370045,0.763395812719919,"ENPP7",1
"GO:0034315","regulation of Arp2/3 complex-mediated actin nucleation","1/459","31/18860",0.032258064516129,1.32546208447537,0.286426094416301,0.534387686370045,0.534387686370045,0.763395812719919,"HIP1R",1
"GO:0035601","protein deacylation","1/459","31/18860",0.032258064516129,1.32546208447537,0.286426094416301,0.534387686370045,0.534387686370045,0.763395812719919,"PRKAA1",1
"GO:0035872","nucleotide-binding domain, leucine rich repeat containing receptor signaling pathway","1/459","31/18860",0.032258064516129,1.32546208447537,0.286426094416301,0.534387686370045,0.534387686370045,0.763395812719919,"XIAP",1
"GO:0036075","replacement ossification","1/459","31/18860",0.032258064516129,1.32546208447537,0.286426094416301,0.534387686370045,0.534387686370045,0.763395812719919,"MMP16",1
"GO:0042403","thyroid hormone metabolic process","1/459","31/18860",0.032258064516129,1.32546208447537,0.286426094416301,0.534387686370045,0.534387686370045,0.763395812719919,"DUOXA2",1
"GO:0045070","positive regulation of viral genome replication","1/459","31/18860",0.032258064516129,1.32546208447537,0.286426094416301,0.534387686370045,0.534387686370045,0.763395812719919,"PKN2",1
"GO:0046823","negative regulation of nucleocytoplasmic transport","1/459","31/18860",0.032258064516129,1.32546208447537,0.286426094416301,0.534387686370045,0.534387686370045,0.763395812719919,"ANGPT1",1
"GO:0048679","regulation of axon regeneration","1/459","31/18860",0.032258064516129,1.32546208447537,0.286426094416301,0.534387686370045,0.534387686370045,0.763395812719919,"RTN4RL1",1
"GO:0071577","zinc ion transmembrane transport","1/459","31/18860",0.032258064516129,1.32546208447537,0.286426094416301,0.534387686370045,0.534387686370045,0.763395812719919,"SLC30A8",1
"GO:0086010","membrane depolarization during action potential","1/459","31/18860",0.032258064516129,1.32546208447537,0.286426094416301,0.534387686370045,0.534387686370045,0.763395812719919,"KCNH2",1
"GO:0090205","positive regulation of cholesterol metabolic process","1/459","31/18860",0.032258064516129,1.32546208447537,0.286426094416301,0.534387686370045,0.534387686370045,0.763395812719919,"PRKAA1",1
"GO:0090382","phagosome maturation","1/459","31/18860",0.032258064516129,1.32546208447537,0.286426094416301,0.534387686370045,0.534387686370045,0.763395812719919,"RAB31",1
"GO:1902230","negative regulation of intrinsic apoptotic signaling pathway in response to DNA damage","1/459","31/18860",0.032258064516129,1.32546208447537,0.286426094416301,0.534387686370045,0.534387686370045,0.763395812719919,"BCL2",1
"GO:0015931","nucleobase-containing compound transport","6/459","241/18860",0.024896265560166,1.02297073739593,0.056682662613427,0.535093726909937,0.535093726909937,0.764115967523823,"CETN2/CALHM2/NXF2/SMG1/SLC28A3/IWS1",6
"GO:0007030","Golgi organization","4/459","158/18860",0.0253164556962025,1.04023606629712,0.0802130430588945,0.538554675459365,0.538554675459365,0.766587856165012,"VAMP4/CDC42/CDK1/GOLGA6C",4
"GO:0042770","signal transduction in response to DNA damage","5/459","200/18860",0.025,1.02723311546841,0.0611507046650629,0.538691526816873,0.538691526816873,0.766587856165012,"MDM2/PMAIP1/CDK1/BRCC3/GML",5
"GO:0050954","sensory perception of mechanical stimulus","5/459","200/18860",0.025,1.02723311546841,0.0611507046650629,0.538691526816873,0.538691526816873,0.766587856165012,"BARHL1/ATP2B2/ESPNL/MYH1/LHFPL3",5
"GO:0032963","collagen metabolic process","3/459","116/18860",0.0258620689655172,1.06265494703629,0.106905040992148,0.539032318284434,0.539032318284434,0.766587856165012,"F2/MMP16/MYB",3
"GO:0015800","acidic amino acid transport","2/459","74/18860",0.027027027027027,1.11052228699288,0.150450461494941,0.540842404010226,0.540842404010226,0.766587856165012,"SLC38A6/ABCC8",2
"GO:0018209","peptidyl-serine modification","2/459","74/18860",0.027027027027027,1.11052228699288,0.150450461494941,0.540842404010226,0.540842404010226,0.766587856165012,"ARAF/SMG1",2
"GO:0046530","photoreceptor cell differentiation","2/459","74/18860",0.027027027027027,1.11052228699288,0.150450461494941,0.540842404010226,0.540842404010226,0.766587856165012,"CDHR1/RORB",2
"GO:0051148","negative regulation of muscle cell differentiation","2/459","74/18860",0.027027027027027,1.11052228699288,0.150450461494941,0.540842404010226,0.540842404010226,0.766587856165012,"PDGFB/FGF9",2
"GO:0060260","regulation of transcription initiation by RNA polymerase II","2/459","74/18860",0.027027027027027,1.11052228699288,0.150450461494941,0.540842404010226,0.540842404010226,0.766587856165012,"MED20/TAF4B",2
"GO:0070830","bicellular tight junction assembly","2/459","74/18860",0.027027027027027,1.11052228699288,0.150450461494941,0.540842404010226,0.540842404010226,0.766587856165012,"CLDN1/CLDN19",2
"GO:1902475","L-alpha-amino acid transmembrane transport","2/459","74/18860",0.027027027027027,1.11052228699288,0.150450461494941,0.540842404010226,0.540842404010226,0.766587856165012,"SLC38A1/SLC38A6",2
"GO:0032102","negative regulation of response to external stimulus","11/459","452/18860",0.0243362831858407,0.999961439836505,-0.000131053837246483,0.543068930527264,0.543068930527264,0.766587856165012,"PDGFB/GNAS/CNTNAP2/APOH/ENPP3/ANGPT1/RTN4RL1/F2/OAS1/MICA/LPCAT3",11
"GO:0002262","myeloid cell homeostasis","5/459","201/18860",0.0248756218905473,1.02212250295364,0.0498004272253723,0.54313044547426,0.54313044547426,0.766587856165012,"ETV2/HMOX1/MB/MYB/BCL2L11",5
"GO:0071706","tumor necrosis factor superfamily cytokine production","5/459","201/18860",0.0248756218905473,1.02212250295364,0.0498004272253723,0.54313044547426,0.54313044547426,0.766587856165012,"LBP/TMEM106A/ANGPT1/OAS1/ABCC8",5
"GO:1903555","regulation of tumor necrosis factor superfamily cytokine production","5/459","201/18860",0.0248756218905473,1.02212250295364,0.0498004272253723,0.54313044547426,0.54313044547426,0.766587856165012,"LBP/TMEM106A/ANGPT1/OAS1/ABCC8",5
"GO:0008406","gonad development","6/459","243/18860",0.0246913580246914,1.01455122515398,0.0360572672213811,0.543188384637524,0.543188384637524,0.766587856165012,"UMODL1/ACE/BCL2/FGF9/HYAL3/BCL2L11",6
"GO:0007272","ensheathment of neurons","4/459","159/18860",0.0251572327044025,1.03369370110029,0.0673844714641497,0.543543099748821,0.543543099748821,0.766587856165012,"GALC/CNTN1/RARB/MYOC",4
"GO:0008366","axon ensheathment","4/459","159/18860",0.0251572327044025,1.03369370110029,0.0673844714641497,0.543543099748821,0.543543099748821,0.766587856165012,"GALC/CNTN1/RARB/MYOC",4
"GO:0043535","regulation of blood vessel endothelial cell migration","4/459","159/18860",0.0251572327044025,1.03369370110029,0.0673844714641497,0.543543099748821,0.543543099748821,0.766587856165012,"PDGFB/HMOX1/ANGPT1/ATP2B4",4
"GO:0006892","post-Golgi vesicle-mediated transport","3/459","117/18860",0.0256410256410256,1.05357242612145,0.0918035875756901,0.544846907937043,0.544846907937043,0.766587856165012,"RAB31/VAMP4/ANXA13",3
"GO:0007229","integrin-mediated signaling pathway","3/459","117/18860",0.0256410256410256,1.05357242612145,0.0918035875756901,0.544846907937043,0.544846907937043,0.766587856165012,"MYH9/CDC42/ITGAD",3
"GO:1901800","positive regulation of proteasomal protein catabolic process","3/459","117/18860",0.0256410256410256,1.05357242612145,0.0918035875756901,0.544846907937043,0.544846907937043,0.766587856165012,"MDM2/ATXN3L/PRICKLE1",3
"GO:0000289","nuclear-transcribed mRNA poly(A) tail shortening","1/459","32/18860",0.03125,1.28404139433551,0.253979983474603,0.545738052929934,0.545738052929934,0.766587856165012,"CPEB3",1
"GO:0001773","myeloid dendritic cell activation","1/459","32/18860",0.03125,1.28404139433551,0.253979983474603,0.545738052929934,0.545738052929934,0.766587856165012,"RBPJ",1
"GO:0002834","regulation of response to tumor cell","1/459","32/18860",0.03125,1.28404139433551,0.253979983474603,0.545738052929934,0.545738052929934,0.766587856165012,"PRKAA1",1
"GO:0005979","regulation of glycogen biosynthetic process","1/459","32/18860",0.03125,1.28404139433551,0.253979983474603,0.545738052929934,0.545738052929934,0.766587856165012,"EPM2AIP1",1
"GO:0007212","G protein-coupled dopamine receptor signaling pathway","1/459","32/18860",0.03125,1.28404139433551,0.253979983474603,0.545738052929934,0.545738052929934,0.766587856165012,"GNAS",1
"GO:0009069","serine family amino acid metabolic process","1/459","32/18860",0.03125,1.28404139433551,0.253979983474603,0.545738052929934,0.545738052929934,0.766587856165012,"AMT",1
"GO:0010962","regulation of glucan biosynthetic process","1/459","32/18860",0.03125,1.28404139433551,0.253979983474603,0.545738052929934,0.545738052929934,0.766587856165012,"EPM2AIP1",1
"GO:0019433","triglyceride catabolic process","1/459","32/18860",0.03125,1.28404139433551,0.253979983474603,0.545738052929934,0.545738052929934,0.766587856165012,"PNLIP",1
"GO:0032682","negative regulation of chemokine production","1/459","32/18860",0.03125,1.28404139433551,0.253979983474603,0.545738052929934,0.545738052929934,0.766587856165012,"OAS1",1
"GO:0045742","positive regulation of epidermal growth factor receptor signaling pathway","1/459","32/18860",0.03125,1.28404139433551,0.253979983474603,0.545738052929934,0.545738052929934,0.766587856165012,"HIP1R",1
"GO:0048668","collateral sprouting","1/459","32/18860",0.03125,1.28404139433551,0.253979983474603,0.545738052929934,0.545738052929934,0.766587856165012,"BCL11A",1
"GO:0051291","protein heterooligomerization","1/459","32/18860",0.03125,1.28404139433551,0.253979983474603,0.545738052929934,0.545738052929934,0.766587856165012,"GRIA3",1
"GO:0051968","positive regulation of synaptic transmission, glutamatergic","1/459","32/18860",0.03125,1.28404139433551,0.253979983474603,0.545738052929934,0.545738052929934,0.766587856165012,"GRIN2A",1
"GO:0060295","regulation of cilium movement involved in cell motility","1/459","32/18860",0.03125,1.28404139433551,0.253979983474603,0.545738052929934,0.545738052929934,0.766587856165012,"PGAM4",1
"GO:0072525","pyridine-containing compound biosynthetic process","1/459","32/18860",0.03125,1.28404139433551,0.253979983474603,0.545738052929934,0.545738052929934,0.766587856165012,"HAAO",1
"GO:0099170","postsynaptic modulation of chemical synaptic transmission","1/459","32/18860",0.03125,1.28404139433551,0.253979983474603,0.545738052929934,0.545738052929934,0.766587856165012,"MDM2",1
"GO:0099560","synaptic membrane adhesion","1/459","32/18860",0.03125,1.28404139433551,0.253979983474603,0.545738052929934,0.545738052929934,0.766587856165012,"NTNG1",1
"GO:1902019","regulation of cilium-dependent cell motility","1/459","32/18860",0.03125,1.28404139433551,0.253979983474603,0.545738052929934,0.545738052929934,0.766587856165012,"PGAM4",1
"GO:1902042","negative regulation of extrinsic apoptotic signaling pathway via death domain receptors","1/459","32/18860",0.03125,1.28404139433551,0.253979983474603,0.545738052929934,0.545738052929934,0.766587856165012,"HMOX1",1
"GO:1902751","positive regulation of cell cycle G2/M phase transition","1/459","32/18860",0.03125,1.28404139433551,0.253979983474603,0.545738052929934,0.545738052929934,0.766587856165012,"CDK1",1
"GO:1904376","negative regulation of protein localization to cell periphery","1/459","32/18860",0.03125,1.28404139433551,0.253979983474603,0.545738052929934,0.545738052929934,0.766587856165012,"ANXA13",1
"GO:1905606","regulation of presynapse assembly","1/459","32/18860",0.03125,1.28404139433551,0.253979983474603,0.545738052929934,0.545738052929934,0.766587856165012,"CBLN1",1
"GO:0009583","detection of light stimulus","2/459","75/18860",0.0266666666666667,1.0957153231663,0.131175117641269,0.548113258882162,0.548113258882162,0.768497948823687,"PDC/CCDC66",2
"GO:0035773","insulin secretion involved in cellular response to glucose stimulus","2/459","75/18860",0.0266666666666667,1.0957153231663,0.131175117641269,0.548113258882162,0.548113258882162,0.768497948823687,"PTPRN2/ABCC8",2
"GO:0044774","mitotic DNA integrity checkpoint signaling","2/459","75/18860",0.0266666666666667,1.0957153231663,0.131175117641269,0.548113258882162,0.548113258882162,0.768497948823687,"CDK1/BRCC3",2
"GO:0071479","cellular response to ionizing radiation","2/459","75/18860",0.0266666666666667,1.0957153231663,0.131175117641269,0.548113258882162,0.548113258882162,0.768497948823687,"MDM2/BRCC3",2
"GO:1902750","negative regulation of cell cycle G2/M phase transition","2/459","75/18860",0.0266666666666667,1.0957153231663,0.131175117641269,0.548113258882162,0.548113258882162,0.768497948823687,"CDK1/BRCC3",2
"GO:0072006","nephron development","4/459","160/18860",0.025,1.02723311546841,0.0546363245168426,0.54850375163501,0.54850375163501,0.768760618763298,"PDGFB/PODXL/ANGPT1/BCL2",4
"GO:0048732","gland development","11/459","454/18860",0.0242290748898678,0.995556323361454,-0.015136854146331,0.549002760253125,0.549002760253125,0.76917512933221,"NRG1/COA5/MAN2A1/RBPJ/CA3/BCL2/CDKN1C/MYB/BCL2L11/CLDN1/FGL1",11
"GO:0002444","myeloid leukocyte mediated immunity","3/459","118/18860",0.0254237288135593,1.04464384623906,0.0768315510946807,0.550618697017414,0.550618697017414,0.769574517575745,"GAB2/ACE/F2",3
"GO:0048477","oogenesis","3/459","118/18860",0.0254237288135593,1.04464384623906,0.0768315510946807,0.550618697017414,0.550618697017414,0.769574517575745,"BCL2/HORMAD1/TAF4B",3
"GO:0006402","mRNA catabolic process","9/459","371/18860",0.0242587601078167,0.996776068918133,-0.00990514763982997,0.551173002243174,0.551173002243174,0.769574517575745,"CPEB3/DND1/GSPT2/HBS1L/TRIM71/SMG1/ZFP36L2/FTO/SUPV3L1",9
"GO:0030317","flagellated sperm motility","5/459","203/18860",0.0246305418719212,1.01205233051075,0.0272673609019017,0.551947721894826,0.551947721894826,0.769574517575745,"EFHC2/SORD/PGAM4/ARMC3/ATP2B4",5
"GO:0030324","lung development","5/459","203/18860",0.0246305418719212,1.01205233051075,0.0272673609019017,0.551947721894826,0.551947721894826,0.769574517575745,"MAN2A1/RBPJ/CDC42/FGF9/HOPX",5
"GO:0051650","establishment of vesicle localization","5/459","203/18860",0.0246305418719212,1.01205233051075,0.0272673609019017,0.551947721894826,0.551947721894826,0.769574517575745,"CDH3/PPFIA2/ATP9A/AP1M2/UNC13B",5
"GO:0006469","negative regulation of protein kinase activity","2/459","76/18860",0.0263157894736842,1.08129801628254,0.112159913428611,0.555303093430259,0.555303093430259,0.769574517575745,"AKT1S1/CDKN1C",2
"GO:0033363","secretory granule organization","2/459","76/18860",0.0263157894736842,1.08129801628254,0.112159913428611,0.555303093430259,0.555303093430259,0.769574517575745,"CCDC136/AP1S3",2
"GO:0090307","mitotic spindle assembly","2/459","76/18860",0.0263157894736842,1.08129801628254,0.112159913428611,0.555303093430259,0.555303093430259,0.769574517575745,"PRICKLE1/CCDC66",2
"GO:1903053","regulation of extracellular matrix organization","2/459","76/18860",0.0263157894736842,1.08129801628254,0.112159913428611,0.555303093430259,0.555303093430259,0.769574517575745,"TCF15/PRDM5",2
"GO:0097722","sperm motility","5/459","204/18860",0.0245098039215686,1.00709128967491,0.0160833311475631,0.556325375289568,0.556325375289568,0.769574517575745,"EFHC2/SORD/PGAM4/ARMC3/ATP2B4",5
"GO:0060840","artery development","3/459","119/18860",0.0252100840336134,1.03586532652277,0.0619864621350872,0.556347148671541,0.556347148671541,0.769574517575745,"RBPJ/PRICKLE1/LOXL1",3
"GO:0001945","lymph vessel development","1/459","33/18860",0.0303030303030303,1.24513104905262,0.222592072347883,0.556812316457933,0.556812316457933,0.769574517575745,"SVEP1",1
"GO:0003081","regulation of systemic arterial blood pressure by renin-angiotensin","1/459","33/18860",0.0303030303030303,1.24513104905262,0.222592072347883,0.556812316457933,0.556812316457933,0.769574517575745,"ACE",1
"GO:0007271","synaptic transmission, cholinergic","1/459","33/18860",0.0303030303030303,1.24513104905262,0.222592072347883,0.556812316457933,0.556812316457933,0.769574517575745,"NQO1",1
"GO:0009218","pyrimidine ribonucleotide metabolic process","1/459","33/18860",0.0303030303030303,1.24513104905262,0.222592072347883,0.556812316457933,0.556812316457933,0.769574517575745,"UPP1",1
"GO:0014850","response to muscle activity","1/459","33/18860",0.0303030303030303,1.24513104905262,0.222592072347883,0.556812316457933,0.556812316457933,0.769574517575745,"POSTN",1
"GO:0032367","intracellular cholesterol transport","1/459","33/18860",0.0303030303030303,1.24513104905262,0.222592072347883,0.556812316457933,0.556812316457933,0.769574517575745,"SCP2",1
"GO:0035115","embryonic forelimb morphogenesis","1/459","33/18860",0.0303030303030303,1.24513104905262,0.222592072347883,0.556812316457933,0.556812316457933,0.769574517575745,"SHOX2",1
"GO:0035751","regulation of lysosomal lumen pH","1/459","33/18860",0.0303030303030303,1.24513104905262,0.222592072347883,0.556812316457933,0.556812316457933,0.769574517575745,"CREG1",1
"GO:0036336","dendritic cell migration","1/459","33/18860",0.0303030303030303,1.24513104905262,0.222592072347883,0.556812316457933,0.556812316457933,0.769574517575745,"CDC42",1
"GO:0046457","prostanoid biosynthetic process","1/459","33/18860",0.0303030303030303,1.24513104905262,0.222592072347883,0.556812316457933,0.556812316457933,0.769574517575745,"PTGES3",1
"GO:0048710","regulation of astrocyte differentiation","1/459","33/18860",0.0303030303030303,1.24513104905262,0.222592072347883,0.556812316457933,0.556812316457933,0.769574517575745,"F2",1
"GO:0051450","myoblast proliferation","1/459","33/18860",0.0303030303030303,1.24513104905262,0.222592072347883,0.556812316457933,0.556812316457933,0.769574517575745,"ATOH8",1
"GO:0051642","centrosome localization","1/459","33/18860",0.0303030303030303,1.24513104905262,0.222592072347883,0.556812316457933,0.556812316457933,0.769574517575745,"SYNE2",1
"GO:0060219","camera-type eye photoreceptor cell differentiation","1/459","33/18860",0.0303030303030303,1.24513104905262,0.222592072347883,0.556812316457933,0.556812316457933,0.769574517575745,"RORB",1
"GO:0060292","long-term synaptic depression","1/459","33/18860",0.0303030303030303,1.24513104905262,0.222592072347883,0.556812316457933,0.556812316457933,0.769574517575745,"CBLN1",1
"GO:0060325","face morphogenesis","1/459","33/18860",0.0303030303030303,1.24513104905262,0.222592072347883,0.556812316457933,0.556812316457933,0.769574517575745,"PRICKLE1",1
"GO:0061036","positive regulation of cartilage development","1/459","33/18860",0.0303030303030303,1.24513104905262,0.222592072347883,0.556812316457933,0.556812316457933,0.769574517575745,"SOX5",1
"GO:0061842","microtubule organizing center localization","1/459","33/18860",0.0303030303030303,1.24513104905262,0.222592072347883,0.556812316457933,0.556812316457933,0.769574517575745,"SYNE2",1
"GO:0070570","regulation of neuron projection regeneration","1/459","33/18860",0.0303030303030303,1.24513104905262,0.222592072347883,0.556812316457933,0.556812316457933,0.769574517575745,"RTN4RL1",1
"GO:0090022","regulation of neutrophil chemotaxis","1/459","33/18860",0.0303030303030303,1.24513104905262,0.222592072347883,0.556812316457933,0.556812316457933,0.769574517575745,"LBP",1
"GO:0097345","mitochondrial outer membrane permeabilization","1/459","33/18860",0.0303030303030303,1.24513104905262,0.222592072347883,0.556812316457933,0.556812316457933,0.769574517575745,"HIP1R",1
"GO:1903955","positive regulation of protein targeting to mitochondrion","1/459","33/18860",0.0303030303030303,1.24513104905262,0.222592072347883,0.556812316457933,0.556812316457933,0.769574517575745,"PRKAA1",1
"GO:1905207","regulation of cardiocyte differentiation","1/459","33/18860",0.0303030303030303,1.24513104905262,0.222592072347883,0.556812316457933,0.556812316457933,0.769574517575745,"PRICKLE1",1
"GO:1905476","negative regulation of protein localization to membrane","1/459","33/18860",0.0303030303030303,1.24513104905262,0.222592072347883,0.556812316457933,0.556812316457933,0.769574517575745,"ANXA13",1
"GO:2000108","positive regulation of leukocyte apoptotic process","1/459","33/18860",0.0303030303030303,1.24513104905262,0.222592072347883,0.556812316457933,0.556812316457933,0.769574517575745,"BCL2L11",1
"GO:0032006","regulation of TOR signaling","4/459","162/18860",0.0246913580246914,1.01455122515398,0.0293767975680926,0.558339975756456,0.558339975756456,0.771404167039242,"AKT1S1/ATXN3L/PRKAA1/ARAF",4
"GO:0006081","aldehyde metabolic process","2/459","77/18860",0.025974025974026,1.06725518490224,0.0933971480023184,0.562411537091522,0.562411537091522,0.77217488696072,"RDH11/DHRS4L1",2
"GO:0032732","positive regulation of interleukin-1 production","2/459","77/18860",0.025974025974026,1.06725518490224,0.0933971480023184,0.562411537091522,0.562411537091522,0.77217488696072,"NLRP2/TMEM106A",2
"GO:0044788","host-mediated perturbation of viral process","2/459","77/18860",0.025974025974026,1.06725518490224,0.0933971480023184,0.562411537091522,0.562411537091522,0.77217488696072,"CDC42/APOBEC3H",2
"GO:0045685","regulation of glial cell differentiation","2/459","77/18860",0.025974025974026,1.06725518490224,0.0933971480023184,0.562411537091522,0.562411537091522,0.77217488696072,"CDK1/F2",2
"GO:0046626","regulation of insulin receptor signaling pathway","2/459","77/18860",0.025974025974026,1.06725518490224,0.0933971480023184,0.562411537091522,0.562411537091522,0.77217488696072,"PRKCQ/PRKAA1",2
"GO:0050709","negative regulation of protein secretion","2/459","77/18860",0.025974025974026,1.06725518490224,0.0933971480023184,0.562411537091522,0.562411537091522,0.77217488696072,"ACVR1C/ABCC8",2
"GO:0045137","development of primary sexual characteristics","6/459","248/18860",0.0241935483870968,0.994096563356525,-0.0147801617040345,0.563148909241384,0.563148909241384,0.77217488696072,"UMODL1/ACE/BCL2/FGF9/HYAL3/BCL2L11",6
"GO:1903050","regulation of proteolysis involved in protein catabolic process","6/459","248/18860",0.0241935483870968,0.994096563356525,-0.0147801617040345,0.563148909241384,0.563148909241384,0.77217488696072,"UCHL5/MDM2/ATXN3L/PRICKLE1/ARAF/AGBL4",6
"GO:0016525","negative regulation of angiogenesis","4/459","163/18860",0.0245398773006135,1.00832698450887,0.0168632219159813,0.563214708458236,0.563214708458236,0.77217488696072,"KLK3/APOH/ATP2B4/ABCC8",4
"GO:0072523","purine-containing compound catabolic process","4/459","163/18860",0.0245398773006135,1.00832698450887,0.0168632219159813,0.563214708458236,0.563214708458236,0.77217488696072,"SLC4A4/NUDT4/PRKAA1/PGAM4",4
"GO:0002237","response to molecule of bacterial origin","9/459","375/18860",0.024,0.986143790849673,-0.0428050784056596,0.56414951958301,0.56414951958301,0.77217488696072,"LBP/FBXO3/XIAP/PTGFR/CDK19/LOXL1/CLDN1/ABCC8/NQO1",9
"GO:0031401","positive regulation of protein modification process","9/459","375/18860",0.024,0.986143790849673,-0.0428050784056596,0.56414951958301,0.56414951958301,0.77217488696072,"PDGFB/DOK7/XIAP/NRG1/ANGPT1/MT3/PRICKLE1/ENPP2/ARAF",9
"GO:0061157","mRNA destabilization","5/459","206/18860",0.0242718446601942,0.997313704338262,-0.00612274813997986,0.565017027459845,0.565017027459845,0.77217488696072,"CPEB3/DND1/TRIM71/ZFP36L2/FTO",5
"GO:1902806","regulation of cell cycle G1/S phase transition","5/459","206/18860",0.0242718446601942,0.997313704338262,-0.00612274813997986,0.565017027459845,0.565017027459845,0.77217488696072,"ANKRD17/MDM2/BCL2/TMEM14B/ATP2B4",5
"GO:0022604","regulation of cell morphogenesis","6/459","249/18860",0.0240963855421687,0.990104207680395,-0.0248262058246017,0.567091444709414,0.567091444709414,0.77217488696072,"NTNG1/BCL11A/MYH9/ENPP2/F2/SYT17",6
"GO:0000460","maturation of 5.8S rRNA","1/459","34/18860",0.0294117647058824,1.20850954760989,0.192190243813516,0.567617178982276,0.567617178982276,0.77217488696072,"MPHOSPH6",1
"GO:0002363","alpha-beta T cell lineage commitment","1/459","34/18860",0.0294117647058824,1.20850954760989,0.192190243813516,0.567617178982276,0.567617178982276,0.77217488696072,"BCL2",1
"GO:0002862","negative regulation of inflammatory response to antigenic stimulus","1/459","34/18860",0.0294117647058824,1.20850954760989,0.192190243813516,0.567617178982276,0.567617178982276,0.77217488696072,"GNAS",1
"GO:0006221","pyrimidine nucleotide biosynthetic process","1/459","34/18860",0.0294117647058824,1.20850954760989,0.192190243813516,0.567617178982276,0.567617178982276,0.77217488696072,"UPP1",1
"GO:0006779","porphyrin-containing compound biosynthetic process","1/459","34/18860",0.0294117647058824,1.20850954760989,0.192190243813516,0.567617178982276,0.567617178982276,0.77217488696072,"TMEM14B",1
"GO:0015012","heparan sulfate proteoglycan biosynthetic process","1/459","34/18860",0.0294117647058824,1.20850954760989,0.192190243813516,0.567617178982276,0.567617178982276,0.77217488696072,"TCF7L2",1
"GO:0015813","L-glutamate transmembrane transport","1/459","34/18860",0.0294117647058824,1.20850954760989,0.192190243813516,0.567617178982276,0.567617178982276,0.77217488696072,"SLC38A6",1
"GO:0030511","positive regulation of transforming growth factor beta receptor signaling pathway","1/459","34/18860",0.0294117647058824,1.20850954760989,0.192190243813516,0.567617178982276,0.567617178982276,0.77217488696072,"CDKN1C",1
"GO:0031069","hair follicle morphogenesis","1/459","34/18860",0.0294117647058824,1.20850954760989,0.192190243813516,0.567617178982276,0.567617178982276,0.77217488696072,"BCL2",1
"GO:0032228","regulation of synaptic transmission, GABAergic","1/459","34/18860",0.0294117647058824,1.20850954760989,0.192190243813516,0.567617178982276,0.567617178982276,0.77217488696072,"SLC38A1",1
"GO:0033014","tetrapyrrole biosynthetic process","1/459","34/18860",0.0294117647058824,1.20850954760989,0.192190243813516,0.567617178982276,0.567617178982276,0.77217488696072,"TMEM14B",1
"GO:0034505","tooth mineralization","1/459","34/18860",0.0294117647058824,1.20850954760989,0.192190243813516,0.567617178982276,0.567617178982276,0.77217488696072,"AMTN",1
"GO:0040018","positive regulation of multicellular organism growth","1/459","34/18860",0.0294117647058824,1.20850954760989,0.192190243813516,0.567617178982276,0.567617178982276,0.77217488696072,"BCL2",1
"GO:0043406","positive regulation of MAP kinase activity","1/459","34/18860",0.0294117647058824,1.20850954760989,0.192190243813516,0.567617178982276,0.567617178982276,0.77217488696072,"PDGFB",1
"GO:0046475","glycerophospholipid catabolic process","1/459","34/18860",0.0294117647058824,1.20850954760989,0.192190243813516,0.567617178982276,0.567617178982276,0.77217488696072,"ENPP2",1
"GO:0048026","positive regulation of mRNA splicing, via spliceosome","1/459","34/18860",0.0294117647058824,1.20850954760989,0.192190243813516,0.567617178982276,0.567617178982276,0.77217488696072,"DAZAP1",1
"GO:0048240","sperm capacitation","1/459","34/18860",0.0294117647058824,1.20850954760989,0.192190243813516,0.567617178982276,0.567617178982276,0.77217488696072,"SLC26A3",1
"GO:0048261","negative regulation of receptor-mediated endocytosis","1/459","34/18860",0.0294117647058824,1.20850954760989,0.192190243813516,0.567617178982276,0.567617178982276,0.77217488696072,"SH3GL3",1
"GO:0060914","heart formation","1/459","34/18860",0.0294117647058824,1.20850954760989,0.192190243813516,0.567617178982276,0.567617178982276,0.77217488696072,"RBPJ",1
"GO:0070972","protein localization to endoplasmic reticulum","1/459","34/18860",0.0294117647058824,1.20850954760989,0.192190243813516,0.567617178982276,0.567617178982276,0.77217488696072,"MIA3",1
"GO:0120255","olefinic compound biosynthetic process","1/459","34/18860",0.0294117647058824,1.20850954760989,0.192190243813516,0.567617178982276,0.567617178982276,0.77217488696072,"SCP2",1
"GO:0140896","cGAS/STING signaling pathway","1/459","34/18860",0.0294117647058824,1.20850954760989,0.192190243813516,0.567617178982276,0.567617178982276,0.77217488696072,"SMPDL3A",1
"GO:1902624","positive regulation of neutrophil migration","1/459","34/18860",0.0294117647058824,1.20850954760989,0.192190243813516,0.567617178982276,0.567617178982276,0.77217488696072,"LBP",1
"GO:1903846","positive regulation of cellular response to transforming growth factor beta stimulus","1/459","34/18860",0.0294117647058824,1.20850954760989,0.192190243813516,0.567617178982276,0.567617178982276,0.77217488696072,"CDKN1C",1
"GO:0006661","phosphatidylinositol biosynthetic process","3/459","121/18860",0.0247933884297521,1.01874358558851,0.0326675913019505,0.567672046939773,0.567672046939773,0.77217488696072,"PDGFB/IP6K3/SMG1",3
"GO:0030148","sphingolipid biosynthetic process","3/459","121/18860",0.0247933884297521,1.01874358558851,0.0326675913019505,0.567672046939773,0.567672046939773,0.77217488696072,"ENPP7/B4GALNT1/PRKAA1",3
"GO:0038202","TORC1 signaling","3/459","121/18860",0.0247933884297521,1.01874358558851,0.0326675913019505,0.567672046939773,0.567672046939773,0.77217488696072,"AKT1S1/ATXN3L/PRKAA1",3
"GO:0140888","interferon-mediated signaling pathway","3/459","121/18860",0.0247933884297521,1.01874358558851,0.0326675913019505,0.567672046939773,0.567672046939773,0.77217488696072,"IFITM3/OAS1/IFITM2",3
"GO:0030323","respiratory tube development","5/459","207/18860",0.0241545893719807,0.992495763737594,-0.0171459789745183,0.569330382309325,0.569330382309325,0.772499054062304,"MAN2A1/RBPJ/CDC42/FGF9/HOPX",5
"GO:0001937","negative regulation of endothelial cell proliferation","2/459","78/18860",0.0256410256410256,1.05357242612145,0.0748794521411237,0.569438285149882,0.569438285149882,0.772499054062304,"APOH/ATOH8",2
"GO:0019731","antibacterial humoral response","2/459","78/18860",0.0256410256410256,1.05357242612145,0.0748794521411237,0.569438285149882,0.569438285149882,0.772499054062304,"KLK3/SPRR2A",2
"GO:0035019","somatic stem cell population maintenance","2/459","78/18860",0.0256410256410256,1.05357242612145,0.0748794521411237,0.569438285149882,0.569438285149882,0.772499054062304,"RBPJ/ZFP36L2",2
"GO:0071806","protein transmembrane transport","2/459","78/18860",0.0256410256410256,1.05357242612145,0.0748794521411237,0.569438285149882,0.569438285149882,0.772499054062304,"PEX5L/PEX12",2
"GO:1901184","regulation of ERBB signaling pathway","2/459","78/18860",0.0256410256410256,1.05357242612145,0.0748794521411237,0.569438285149882,0.569438285149882,0.772499054062304,"RBPJ/HIP1R",2
"GO:0006869","lipid transport","11/459","461/18860",0.0238611713665944,0.980439416065293,-0.067155274528669,0.569543461138286,0.569543461138286,0.772499054062304,"LBP/OSBPL10/APOH/ATP9A/ACE/ANO4/ABCB4/GM2A/MYB/LPCAT3/SCP2",11
"GO:0044772","mitotic cell cycle phase transition","11/459","461/18860",0.0238611713665944,0.980439416065293,-0.067155274528669,0.569543461138286,0.569543461138286,0.772499054062304,"ANKRD17/MDM2/NFIA/BCL2/CDKN1C/CDK1/BRCC3/TMEM14B/TRIM71/ZFP36L2/MYB",11
"GO:0050821","protein stabilization","6/459","250/18860",0.024,0.986143790849673,-0.0348326253169106,0.571016840319382,0.571016840319382,0.773942671146199,"POLR2E/HIP1R/MT3/PRKAA1/PTGES3/PIH1D2",6
"GO:1903313","positive regulation of mRNA metabolic process","6/459","250/18860",0.024,0.986143790849673,-0.0348326253169106,0.571016840319382,0.571016840319382,0.773942671146199,"DAZAP1/CPEB3/DND1/TRIM71/ZFP36L2/FTO",6
"GO:0021915","neural tube development","4/459","165/18860",0.0242424242424242,0.996104839242094,-0.00793687579335112,0.57287543915979,0.57287543915979,0.774195348755599,"PRICKLE1/MTHFR/TRIM71/MARCKS",4
"GO:0030902","hindbrain development","4/459","165/18860",0.0242424242424242,0.996104839242094,-0.00793687579335112,0.57287543915979,0.57287543915979,0.774195348755599,"CBLN1/BCL2/GABRB3/CNTN1",4
"GO:1903038","negative regulation of leukocyte cell-cell adhesion","4/459","165/18860",0.0242424242424242,0.996104839242094,-0.00793687579335112,0.57287543915979,0.57287543915979,0.774195348755599,"DAPL1/PRKAA1/MIA3/FGL1",4
"GO:2000181","negative regulation of blood vessel morphogenesis","4/459","165/18860",0.0242424242424242,0.996104839242094,-0.00793687579335112,0.57287543915979,0.57287543915979,0.774195348755599,"KLK3/APOH/ATP2B4/ABCC8",4
"GO:0045833","negative regulation of lipid metabolic process","3/459","122/18860",0.0245901639344262,1.01039322832958,0.0181892053838245,0.573267572418688,0.573267572418688,0.774195348755599,"PDGFB/ERLIN2/PRKAA1",3
"GO:0002437","inflammatory response to antigenic stimulus","2/459","79/18860",0.0253164556962025,1.04023606629712,0.0565997697841866,0.576383095763815,0.576383095763815,0.774195348755599,"GNAS/RBPJ",2
"GO:0032371","regulation of sterol transport","2/459","79/18860",0.0253164556962025,1.04023606629712,0.0565997697841866,0.576383095763815,0.576383095763815,0.774195348755599,"ABCB4/SCP2",2
"GO:0032374","regulation of cholesterol transport","2/459","79/18860",0.0253164556962025,1.04023606629712,0.0565997697841866,0.576383095763815,0.576383095763815,0.774195348755599,"ABCB4/SCP2",2
"GO:0050766","positive regulation of phagocytosis","2/459","79/18860",0.0253164556962025,1.04023606629712,0.0565997697841866,0.576383095763815,0.576383095763815,0.774195348755599,"RAB31/GNAS",2
"GO:0072678","T cell migration","2/459","79/18860",0.0253164556962025,1.04023606629712,0.0565997697841866,0.576383095763815,0.576383095763815,0.774195348755599,"LRCH1/S1PR1",2
"GO:0140374","antiviral innate immune response","2/459","79/18860",0.0253164556962025,1.04023606629712,0.0565997697841866,0.576383095763815,0.576383095763815,0.774195348755599,"OAS1/SMARCA5",2
"GO:1903578","regulation of ATP metabolic process","2/459","79/18860",0.0253164556962025,1.04023606629712,0.0565997697841866,0.576383095763815,0.576383095763815,0.774195348755599,"SLC4A4/PRKAA1",2
"GO:0006865","amino acid transport","4/459","166/18860",0.0240963855421687,0.990104207680395,-0.0202254623133643,0.577660695001336,0.577660695001336,0.774195348755599,"SLC38A1/SLC6A8/SLC38A6/ABCC8",4
"GO:0061136","regulation of proteasomal protein catabolic process","5/459","209/18860",0.0239234449760766,0.982998196620488,-0.0390357054013198,0.57789061397112,0.57789061397112,0.774195348755599,"UCHL5/MDM2/ATXN3L/PRICKLE1/ARAF",5
"GO:0001778","plasma membrane repair","1/459","35/18860",0.0285714285714286,1.17398070339247,0.162709373338949,0.578159180195871,0.578159180195871,0.774195348755599,"MYH9",1
"GO:0002719","negative regulation of cytokine production involved in immune response","1/459","35/18860",0.0285714285714286,1.17398070339247,0.162709373338949,0.578159180195871,0.578159180195871,0.774195348755599,"ANGPT1",1
"GO:0006654","phosphatidic acid biosynthetic process","1/459","35/18860",0.0285714285714286,1.17398070339247,0.162709373338949,0.578159180195871,0.578159180195871,0.774195348755599,"AGPAT4",1
"GO:0009156","ribonucleoside monophosphate biosynthetic process","1/459","35/18860",0.0285714285714286,1.17398070339247,0.162709373338949,0.578159180195871,0.578159180195871,0.774195348755599,"UPP1",1
"GO:0010667","negative regulation of cardiac muscle cell apoptotic process","1/459","35/18860",0.0285714285714286,1.17398070339247,0.162709373338949,0.578159180195871,0.578159180195871,0.774195348755599,"NRG1",1
"GO:0010882","regulation of cardiac muscle contraction by calcium ion signaling","1/459","35/18860",0.0285714285714286,1.17398070339247,0.162709373338949,0.578159180195871,0.578159180195871,0.774195348755599,"JPH4",1
"GO:0010996","response to auditory stimulus","1/459","35/18860",0.0285714285714286,1.17398070339247,0.162709373338949,0.578159180195871,0.578159180195871,0.774195348755599,"CNTNAP2",1
"GO:0015868","purine ribonucleotide transport","1/459","35/18860",0.0285714285714286,1.17398070339247,0.162709373338949,0.578159180195871,0.578159180195871,0.774195348755599,"CALHM2",1
"GO:0018107","peptidyl-threonine phosphorylation","1/459","35/18860",0.0285714285714286,1.17398070339247,0.162709373338949,0.578159180195871,0.578159180195871,0.774195348755599,"CDK1",1
"GO:0018210","peptidyl-threonine modification","1/459","35/18860",0.0285714285714286,1.17398070339247,0.162709373338949,0.578159180195871,0.578159180195871,0.774195348755599,"CDK1",1
"GO:0032633","interleukin-4 production","1/459","35/18860",0.0285714285714286,1.17398070339247,0.162709373338949,0.578159180195871,0.578159180195871,0.774195348755599,"PRKCQ",1
"GO:0032673","regulation of interleukin-4 production","1/459","35/18860",0.0285714285714286,1.17398070339247,0.162709373338949,0.578159180195871,0.578159180195871,0.774195348755599,"PRKCQ",1
"GO:0040020","regulation of meiotic nuclear division","1/459","35/18860",0.0285714285714286,1.17398070339247,0.162709373338949,0.578159180195871,0.578159180195871,0.774195348755599,"HORMAD1",1
"GO:0043173","nucleotide salvage","1/459","35/18860",0.0285714285714286,1.17398070339247,0.162709373338949,0.578159180195871,0.578159180195871,0.774195348755599,"UPP1",1
"GO:0045684","positive regulation of epidermis development","1/459","35/18860",0.0285714285714286,1.17398070339247,0.162709373338949,0.578159180195871,0.578159180195871,0.774195348755599,"SFRP4",1
"GO:0048265","response to pain","1/459","35/18860",0.0285714285714286,1.17398070339247,0.162709373338949,0.578159180195871,0.578159180195871,0.774195348755599,"PIRT",1
"GO:0050931","pigment cell differentiation","1/459","35/18860",0.0285714285714286,1.17398070339247,0.162709373338949,0.578159180195871,0.578159180195871,0.774195348755599,"BCL2",1
"GO:0051281","positive regulation of release of sequestered calcium ion into cytosol","1/459","35/18860",0.0285714285714286,1.17398070339247,0.162709373338949,0.578159180195871,0.578159180195871,0.774195348755599,"F2",1
"GO:0062125","regulation of mitochondrial gene expression","1/459","35/18860",0.0285714285714286,1.17398070339247,0.162709373338949,0.578159180195871,0.578159180195871,0.774195348755599,"PRKAA1",1
"GO:0071634","regulation of transforming growth factor beta production","1/459","35/18860",0.0285714285714286,1.17398070339247,0.162709373338949,0.578159180195871,0.578159180195871,0.774195348755599,"MYB",1
"GO:1901796","regulation of signal transduction by p53 class mediator","3/459","123/18860",0.024390243902439,1.00217864923747,0.00382855422170963,0.578817916821449,0.578817916821449,0.774803273313019,"MDM2/PMAIP1/BCL2",3
"GO:0002833","positive regulation of response to biotic stimulus","11/459","465/18860",0.0236559139784946,0.972005528615269,-0.0965370029853045,0.581109824894527,0.581109824894527,0.776336562423393,"ANKRD17/LBP/CASR/KLK3/XIAP/TRIM11/KCNK6/SMPDL3A/BRCC3/PRKAA1/OAS1",11
"GO:0045862","positive regulation of proteolysis","5/459","210/18860",0.0238095238095238,0.978317252827057,-0.04990332642199,0.58213690591542,0.58213690591542,0.776336562423393,"MDM2/MYH9/ATXN3L/PRICKLE1/AGBL4",5
"GO:0050779","RNA destabilization","5/459","210/18860",0.0238095238095238,0.978317252827057,-0.04990332642199,0.58213690591542,0.58213690591542,0.776336562423393,"CPEB3/DND1/TRIM71/ZFP36L2/FTO",5
"GO:0008277","regulation of G protein-coupled receptor signaling pathway","4/459","167/18860",0.0239520958083832,0.984175439969734,-0.0324410824797807,0.58241540934976,0.58241540934976,0.776336562423393,"PDC/INPP5A/F2/ATP2B4",4
"GO:0034101","erythrocyte homeostasis","4/459","167/18860",0.0239520958083832,0.984175439969734,-0.0324410824797807,0.58241540934976,0.58241540934976,0.776336562423393,"ETV2/HMOX1/MB/MYB",4
"GO:0050657","nucleic acid transport","4/459","167/18860",0.0239520958083832,0.984175439969734,-0.0324410824797807,0.58241540934976,0.58241540934976,0.776336562423393,"CETN2/NXF2/SMG1/IWS1",4
"GO:0050658","RNA transport","4/459","167/18860",0.0239520958083832,0.984175439969734,-0.0324410824797807,0.58241540934976,0.58241540934976,0.776336562423393,"CETN2/NXF2/SMG1/IWS1",4
"GO:0062013","positive regulation of small molecule metabolic process","4/459","167/18860",0.0239520958083832,0.984175439969734,-0.0324410824797807,0.58241540934976,0.58241540934976,0.776336562423393,"SLC4A4/PMAIP1/PRKAA1/EPM2AIP1",4
"GO:1901343","negative regulation of vasculature development","4/459","167/18860",0.0239520958083832,0.984175439969734,-0.0324410824797807,0.58241540934976,0.58241540934976,0.776336562423393,"KLK3/APOH/ATP2B4/ABCC8",4
"GO:0002704","negative regulation of leukocyte mediated immunity","2/459","80/18860",0.025,1.02723311546841,0.0385513408111907,0.583245787099088,0.583245787099088,0.776336562423393,"PRKAA1/MICA",2
"GO:0006809","nitric oxide biosynthetic process","2/459","80/18860",0.025,1.02723311546841,0.0385513408111907,0.583245787099088,0.583245787099088,0.776336562423393,"ATP2B4/NQO1",2
"GO:0009247","glycolipid biosynthetic process","2/459","80/18860",0.025,1.02723311546841,0.0385513408111907,0.583245787099088,0.583245787099088,0.776336562423393,"B4GALNT1/PRKAA1",2
"GO:0051145","smooth muscle cell differentiation","2/459","80/18860",0.025,1.02723311546841,0.0385513408111907,0.583245787099088,0.583245787099088,0.776336562423393,"PDGFB/FGF9",2
"GO:0051298","centrosome duplication","2/459","80/18860",0.025,1.02723311546841,0.0385513408111907,0.583245787099088,0.583245787099088,0.776336562423393,"CETN2/CEP44",2
"GO:0120192","tight junction assembly","2/459","80/18860",0.025,1.02723311546841,0.0385513408111907,0.583245787099088,0.583245787099088,0.776336562423393,"CLDN1/CLDN19",2
"GO:0140895","cell surface toll-like receptor signaling pathway","2/459","80/18860",0.025,1.02723311546841,0.0385513408111907,0.583245787099088,0.583245787099088,0.776336562423393,"LBP/OAS1",2
"GO:0071482","cellular response to light stimulus","3/459","124/18860",0.0241935483870968,0.994096563356525,-0.0104165108549414,0.584322691729322,0.584322691729322,0.777496512238845,"MDM2/BMF/HYAL3",3
"GO:0040013","negative regulation of locomotion","10/459","424/18860",0.0235849056603774,0.969087844781519,-0.101677257671168,0.585054846152502,0.585054846152502,0.777513489216732,"STC1/LRCH1/APOH/HMOX1/BCL2/ACVR1C/MIA3/ATP2B4/ABCC8/CLDN19",10
"GO:0000154","rRNA modification","1/459","36/18860",0.0277777777777778,1.14137012829823,0.134090467768387,0.58844470137994,0.58844470137994,0.777513489216732,"METTL15",1
"GO:0002021","response to dietary excess","1/459","36/18860",0.0277777777777778,1.14137012829823,0.134090467768387,0.58844470137994,0.58844470137994,0.777513489216732,"ACVR1C",1
"GO:0002067","glandular epithelial cell differentiation","1/459","36/18860",0.0277777777777778,1.14137012829823,0.134090467768387,0.58844470137994,0.58844470137994,0.777513489216732,"RARB",1
"GO:0006536","glutamate metabolic process","1/459","36/18860",0.0277777777777778,1.14137012829823,0.134090467768387,0.58844470137994,0.58844470137994,0.777513489216732,"FTCD",1
"GO:0016180","snRNA processing","1/459","36/18860",0.0277777777777778,1.14137012829823,0.134090467768387,0.58844470137994,0.58844470137994,0.777513489216732,"FTO",1
"GO:0031342","negative regulation of cell killing","1/459","36/18860",0.0277777777777778,1.14137012829823,0.134090467768387,0.58844470137994,0.58844470137994,0.777513489216732,"MICA",1
"GO:0032366","intracellular sterol transport","1/459","36/18860",0.0277777777777778,1.14137012829823,0.134090467768387,0.58844470137994,0.58844470137994,0.777513489216732,"SCP2",1
"GO:0033687","osteoblast proliferation","1/459","36/18860",0.0277777777777778,1.14137012829823,0.134090467768387,0.58844470137994,0.58844470137994,0.777513489216732,"BCL2",1
"GO:0043045","epigenetic programming of gene expression","1/459","36/18860",0.0277777777777778,1.14137012829823,0.134090467768387,0.58844470137994,0.58844470137994,0.777513489216732,"CDKN1C",1
"GO:0043369","CD4-positive or CD8-positive, alpha-beta T cell lineage commitment","1/459","36/18860",0.0277777777777778,1.14137012829823,0.134090467768387,0.58844470137994,0.58844470137994,0.777513489216732,"BCL2",1
"GO:0045577","regulation of B cell differentiation","1/459","36/18860",0.0277777777777778,1.14137012829823,0.134090467768387,0.58844470137994,0.58844470137994,0.777513489216732,"ZFP36L2",1
"GO:0045943","positive regulation of transcription by RNA polymerase I","1/459","36/18860",0.0277777777777778,1.14137012829823,0.134090467768387,0.58844470137994,0.58844470137994,0.777513489216732,"SMARCA5",1
"GO:0046621","negative regulation of organ growth","1/459","36/18860",0.0277777777777778,1.14137012829823,0.134090467768387,0.58844470137994,0.58844470137994,0.777513489216732,"WWC3",1
"GO:0060317","cardiac epithelial to mesenchymal transition","1/459","36/18860",0.0277777777777778,1.14137012829823,0.134090467768387,0.58844470137994,0.58844470137994,0.777513489216732,"RBPJ",1
"GO:0071392","cellular response to estradiol stimulus","1/459","36/18860",0.0277777777777778,1.14137012829823,0.134090467768387,0.58844470137994,0.58844470137994,0.777513489216732,"CRHBP",1
"GO:0090075","relaxation of muscle","1/459","36/18860",0.0277777777777778,1.14137012829823,0.134090467768387,0.58844470137994,0.58844470137994,0.777513489216732,"ABCC8",1
"GO:0140058","neuron projection arborization","1/459","36/18860",0.0277777777777778,1.14137012829823,0.134090467768387,0.58844470137994,0.58844470137994,0.777513489216732,"NTNG1",1
"GO:1901798","positive regulation of signal transduction by p53 class mediator","1/459","36/18860",0.0277777777777778,1.14137012829823,0.134090467768387,0.58844470137994,0.58844470137994,0.777513489216732,"PMAIP1",1
"GO:1902176","negative regulation of oxidative stress-induced intrinsic apoptotic signaling pathway","1/459","36/18860",0.0277777777777778,1.14137012829823,0.134090467768387,0.58844470137994,0.58844470137994,0.777513489216732,"CA3",1
"GO:0042176","regulation of protein catabolic process","9/459","383/18860",0.0234986945169713,0.965545487124354,-0.107590699750646,0.589615839398569,0.589615839398569,0.778515860403424,"UCHL5/MDM2/ATXN3L/PRICKLE1/GRIN2A/UBR3/ARAF/OAZ3/NQO1",9
"GO:0071887","leukocyte apoptotic process","3/459","125/18860",0.024,0.986143790849673,-0.0245480810354702,0.589781536356992,0.589781536356992,0.778515860403424,"PRKCQ/BCL2/BCL2L11",3
"GO:0097120","receptor localization to synapse","2/459","81/18860",0.0246913580246914,1.01455122515398,0.0207276849757876,0.590026234563329,0.590026234563329,0.778515860403424,"VAMP4/RAB4A",2
"GO:1900076","regulation of cellular response to insulin stimulus","2/459","81/18860",0.0246913580246914,1.01455122515398,0.0207276849757876,0.590026234563329,0.590026234563329,0.778515860403424,"PRKCQ/PRKAA1",2
"GO:0002695","negative regulation of leukocyte activation","5/459","212/18860",0.0235849056603774,0.969087844781519,-0.0714868311209958,0.590560452233158,0.590560452233158,0.778949138991471,"ENPP3/DAPL1/PRKAA1/MICA/FGL1",5
"GO:0001667","ameboidal-type cell migration","6/459","256/18860",0.0234375,0.963031045751634,-0.0940586937903206,0.594195675848924,0.594195675848924,0.781226008748116,"MIXL1/CDC42/PKN2/ACVR1C/ENPP2/NRTN",6
"GO:0001838","embryonic epithelial tube formation","3/459","126/18860",0.0238095238095238,0.978317252827057,-0.0385681920291664,0.595194116879361,0.595194116879361,0.781226008748116,"PRICKLE1/MTHFR/TRIM71",3
"GO:0046660","female sex differentiation","3/459","126/18860",0.0238095238095238,0.978317252827057,-0.0385681920291664,0.595194116879361,0.595194116879361,0.781226008748116,"UMODL1/BCL2/HYAL3",3
"GO:1901989","positive regulation of cell cycle phase transition","3/459","126/18860",0.0238095238095238,0.978317252827057,-0.0385681920291664,0.595194116879361,0.595194116879361,0.781226008748116,"ANKRD17/MDM2/CDK1",3
"GO:0009259","ribonucleotide metabolic process","9/459","385/18860",0.0233766233766234,0.960529666412019,-0.12358162412863,0.59587393815899,0.59587393815899,0.781226008748116,"NT5DC4/SLC4A4/TJP2/ENPP3/NUDT4/PRKAA1/MYH6/PGAM4/UPP1",9
"GO:0051236","establishment of RNA localization","4/459","170/18860",0.0235294117647059,0.966807638087915,-0.0686598622097462,0.596493059503937,0.596493059503937,0.781226008748116,"CETN2/NXF2/SMG1/IWS1",4
"GO:0032436","positive regulation of proteasomal ubiquitin-dependent protein catabolic process","2/459","82/18860",0.024390243902439,1.00217864923747,0.00312258690175858,0.596724368139149,0.596724368139149,0.781226008748116,"MDM2/PRICKLE1",2
"GO:0140056","organelle localization by membrane tethering","2/459","82/18860",0.024390243902439,1.00217864923747,0.00312258690175858,0.596724368139149,0.596724368139149,0.781226008748116,"TSNARE1/UNC13B",2
"GO:0000132","establishment of mitotic spindle orientation","1/459","37/18860",0.027027027027027,1.11052228699288,0.106279931124796,0.598479969233032,0.598479969233032,0.781226008748116,"CCDC66",1
"GO:0002710","negative regulation of T cell mediated immunity","1/459","37/18860",0.027027027027027,1.11052228699288,0.106279931124796,0.598479969233032,0.598479969233032,0.781226008748116,"PRKAA1",1
"GO:0006910","phagocytosis, recognition","1/459","37/18860",0.027027027027027,1.11052228699288,0.106279931124796,0.598479969233032,0.598479969233032,0.781226008748116,"LBP",1
"GO:0007035","vacuolar acidification","1/459","37/18860",0.027027027027027,1.11052228699288,0.106279931124796,0.598479969233032,0.598479969233032,0.781226008748116,"CREG1",1
"GO:0010893","positive regulation of steroid biosynthetic process","1/459","37/18860",0.027027027027027,1.11052228699288,0.106279931124796,0.598479969233032,0.598479969233032,0.781226008748116,"PRKAA1",1
"GO:0032743","positive regulation of interleukin-2 production","1/459","37/18860",0.027027027027027,1.11052228699288,0.106279931124796,0.598479969233032,0.598479969233032,0.781226008748116,"PRKCQ",1
"GO:0035459","vesicle cargo loading","1/459","37/18860",0.027027027027027,1.11052228699288,0.106279931124796,0.598479969233032,0.598479969233032,0.781226008748116,"MIA3",1
"GO:0044273","sulfur compound catabolic process","1/459","37/18860",0.027027027027027,1.11052228699288,0.106279931124796,0.598479969233032,0.598479969233032,0.781226008748116,"CHAC1",1
"GO:0045777","positive regulation of blood pressure","1/459","37/18860",0.027027027027027,1.11052228699288,0.106279931124796,0.598479969233032,0.598479969233032,0.781226008748116,"ACE",1
"GO:0045939","negative regulation of steroid metabolic process","1/459","37/18860",0.027027027027027,1.11052228699288,0.106279931124796,0.598479969233032,0.598479969233032,0.781226008748116,"ERLIN2",1
"GO:0046825","regulation of protein export from nucleus","1/459","37/18860",0.027027027027027,1.11052228699288,0.106279931124796,0.598479969233032,0.598479969233032,0.781226008748116,"MDM2",1
"GO:0055075","potassium ion homeostasis","1/459","37/18860",0.027027027027027,1.11052228699288,0.106279931124796,0.598479969233032,0.598479969233032,0.781226008748116,"KCNH2",1
"GO:0061436","establishment of skin barrier","1/459","37/18860",0.027027027027027,1.11052228699288,0.106279931124796,0.598479969233032,0.598479969233032,0.781226008748116,"CLDN1",1
"GO:0071425","hematopoietic stem cell proliferation","1/459","37/18860",0.027027027027027,1.11052228699288,0.106279931124796,0.598479969233032,0.598479969233032,0.781226008748116,"ACE",1
"GO:0072344","rescue of stalled ribosome","1/459","37/18860",0.027027027027027,1.11052228699288,0.106279931124796,0.598479969233032,0.598479969233032,0.781226008748116,"HBS1L",1
"GO:0090050","positive regulation of cell migration involved in sprouting angiogenesis","1/459","37/18860",0.027027027027027,1.11052228699288,0.106279931124796,0.598479969233032,0.598479969233032,0.781226008748116,"HMOX1",1
"GO:0090317","negative regulation of intracellular protein transport","1/459","37/18860",0.027027027027027,1.11052228699288,0.106279931124796,0.598479969233032,0.598479969233032,0.781226008748116,"ANGPT1",1
"GO:0150117","positive regulation of cell-substrate junction organization","1/459","37/18860",0.027027027027027,1.11052228699288,0.106279931124796,0.598479969233032,0.598479969233032,0.781226008748116,"MYOC",1
"GO:1900101","regulation of endoplasmic reticulum unfolded protein response","1/459","37/18860",0.027027027027027,1.11052228699288,0.106279931124796,0.598479969233032,0.598479969233032,0.781226008748116,"BCL2L11",1
"GO:1900746","regulation of vascular endothelial growth factor signaling pathway","1/459","37/18860",0.027027027027027,1.11052228699288,0.106279931124796,0.598479969233032,0.598479969233032,0.781226008748116,"ANGPT1",1
"GO:1903749","positive regulation of establishment of protein localization to mitochondrion","1/459","37/18860",0.027027027027027,1.11052228699288,0.106279931124796,0.598479969233032,0.598479969233032,0.781226008748116,"PRKAA1",1
"GO:2000352","negative regulation of endothelial cell apoptotic process","1/459","37/18860",0.027027027027027,1.11052228699288,0.106279931124796,0.598479969233032,0.598479969233032,0.781226008748116,"ANGPT1",1
"GO:0061014","positive regulation of mRNA catabolic process","5/459","214/18860",0.0233644859813084,0.960030949035897,-0.0928715819930112,0.598890206303218,0.598890206303218,0.781491938896576,"CPEB3/DND1/TRIM71/ZFP36L2/FTO",5
"GO:0042177","negative regulation of protein catabolic process","3/459","127/18860",0.0236220472440945,0.970613967371726,-0.0524788259811272,0.600560125764048,0.600560125764048,0.782777354532794,"UCHL5/GRIN2A/NQO1",3
"GO:0006261","DNA-templated DNA replication","4/459","171/18860",0.0233918128654971,0.961153792251143,-0.0805932393318141,0.601122439189805,0.601122439189805,0.782777354532794,"MCM5/CDK1/MCM7/RECQL5",4
"GO:1990845","adaptive thermogenesis","4/459","171/18860",0.0233918128654971,0.961153792251143,-0.0805932393318141,0.601122439189805,0.601122439189805,0.782777354532794,"GNAS/MFAP2/RBPJ/BOLA3",4
"GO:0001932","regulation of protein phosphorylation","9/459","387/18860",0.0232558139534884,0.955565688807823,-0.13949228229057,0.602086388518077,0.602086388518077,0.782777354532794,"PDGFB/DOK7/AKT1S1/NRG1/ANGPT1/CDKN1C/MT3/ENPP2/ARAF",9
"GO:0021536","diencephalon development","2/459","83/18860",0.0240963855421687,0.990104207680395,-0.0142699179405927,0.603340169812694,0.603340169812694,0.782777354532794,"CNTNAP2/RBPJ",2
"GO:0033673","negative regulation of kinase activity","2/459","83/18860",0.0240963855421687,0.990104207680395,-0.0142699179405927,0.603340169812694,0.603340169812694,0.782777354532794,"AKT1S1/CDKN1C",2
"GO:0042325","regulation of phosphorylation","10/459","431/18860",0.0232018561484919,0.953348599042607,-0.154738150157992,0.605803553406603,0.605803553406603,0.782777354532794,"PDGFB/DOK7/AKT1S1/NRG1/ANGPT1/CDKN1C/MCM7/MT3/ENPP2/ARAF",10
"GO:0002532","production of molecular mediator involved in inflammatory response","3/459","128/18860",0.0234375,0.963031045751634,-0.0662819133071092,0.605879281109993,0.605879281109993,0.782777354532794,"LBP/HMOX1/F2",3
"GO:0006690","icosanoid metabolic process","3/459","128/18860",0.0234375,0.963031045751634,-0.0662819133071092,0.605879281109993,0.605879281109993,0.782777354532794,"CYP2B6/PTGES3/CYP2E1",3
"GO:0072329","monocarboxylic acid catabolic process","3/459","128/18860",0.0234375,0.963031045751634,-0.0662819133071092,0.605879281109993,0.605879281109993,0.782777354532794,"AIG1/SORD/SCP2",3
"GO:0006935","chemotaxis","11/459","474/18860",0.0232067510548523,0.95354972743903,-0.161762842593851,0.606632964767172,0.606632964767172,0.782777354532794,"PDGFB/LBP/PRKCQ/CASR/NRG1/OR10J5/S1PR1/CCL18/ANGPT1/ENPP2/ARHGEF16",11
"GO:0001675","acrosome assembly","1/459","38/18860",0.0263157894736842,1.08129801628254,0.0792289358513658,0.608271059607682,0.608271059607682,0.782777354532794,"CCDC136",1
"GO:0002474","antigen processing and presentation of peptide antigen via MHC class I","1/459","38/18860",0.0263157894736842,1.08129801628254,0.0792289358513658,0.608271059607682,0.608271059607682,0.782777354532794,"ACE",1
"GO:0006699","bile acid biosynthetic process","1/459","38/18860",0.0263157894736842,1.08129801628254,0.0792289358513658,0.608271059607682,0.608271059607682,0.782777354532794,"SCP2",1
"GO:0008207","C21-steroid hormone metabolic process","1/459","38/18860",0.0263157894736842,1.08129801628254,0.0792289358513658,0.608271059607682,0.608271059607682,0.782777354532794,"SCP2",1
"GO:0008340","determination of adult lifespan","1/459","38/18860",0.0263157894736842,1.08129801628254,0.0792289358513658,0.608271059607682,0.608271059607682,0.782777354532794,"B4GALNT1",1
"GO:0010092","specification of animal organ identity","1/459","38/18860",0.0263157894736842,1.08129801628254,0.0792289358513658,0.608271059607682,0.608271059607682,0.782777354532794,"RBPJ",1
"GO:0010469","regulation of signaling receptor activity","1/459","38/18860",0.0263157894736842,1.08129801628254,0.0792289358513658,0.608271059607682,0.608271059607682,0.782777354532794,"CRHBP",1
"GO:0010664","negative regulation of striated muscle cell apoptotic process","1/459","38/18860",0.0263157894736842,1.08129801628254,0.0792289358513658,0.608271059607682,0.608271059607682,0.782777354532794,"NRG1",1
"GO:0010804","negative regulation of tumor necrosis factor-mediated signaling pathway","1/459","38/18860",0.0263157894736842,1.08129801628254,0.0792289358513658,0.608271059607682,0.608271059607682,0.782777354532794,"XIAP",1
"GO:0010984","regulation of lipoprotein particle clearance","1/459","38/18860",0.0263157894736842,1.08129801628254,0.0792289358513658,0.608271059607682,0.608271059607682,0.782777354532794,"ABCC8",1
"GO:0019934","cGMP-mediated signaling","1/459","38/18860",0.0263157894736842,1.08129801628254,0.0792289358513658,0.608271059607682,0.608271059607682,0.782777354532794,"ATP2B4",1
"GO:0021696","cerebellar cortex morphogenesis","1/459","38/18860",0.0263157894736842,1.08129801628254,0.0792289358513658,0.608271059607682,0.608271059607682,0.782777354532794,"CBLN1",1
"GO:0031646","positive regulation of nervous system process","1/459","38/18860",0.0263157894736842,1.08129801628254,0.0792289358513658,0.608271059607682,0.608271059607682,0.782777354532794,"UNC13B",1
"GO:0032414","positive regulation of ion transmembrane transporter activity","1/459","38/18860",0.0263157894736842,1.08129801628254,0.0792289358513658,0.608271059607682,0.608271059607682,0.782777354532794,"WNK2",1
"GO:0033146","regulation of intracellular estrogen receptor signaling pathway","1/459","38/18860",0.0263157894736842,1.08129801628254,0.0792289358513658,0.608271059607682,0.608271059607682,0.782777354532794,"STRN3",1
"GO:0034063","stress granule assembly","1/459","38/18860",0.0263157894736842,1.08129801628254,0.0792289358513658,0.608271059607682,0.608271059607682,0.782777354532794,"PRKAA1",1
"GO:0035909","aorta morphogenesis","1/459","38/18860",0.0263157894736842,1.08129801628254,0.0792289358513658,0.608271059607682,0.608271059607682,0.782777354532794,"RBPJ",1
"GO:0045652","regulation of megakaryocyte differentiation","1/459","38/18860",0.0263157894736842,1.08129801628254,0.0792289358513658,0.608271059607682,0.608271059607682,0.782777354532794,"MYB",1
"GO:0046164","alcohol catabolic process","1/459","38/18860",0.0263157894736842,1.08129801628254,0.0792289358513658,0.608271059607682,0.608271059607682,0.782777354532794,"SORD",1
"GO:0048665","neuron fate specification","1/459","38/18860",0.0263157894736842,1.08129801628254,0.0792289358513658,0.608271059607682,0.608271059607682,0.782777354532794,"NFIA",1
"GO:0048730","epidermis morphogenesis","1/459","38/18860",0.0263157894736842,1.08129801628254,0.0792289358513658,0.608271059607682,0.608271059607682,0.782777354532794,"BCL2",1
"GO:0048854","brain morphogenesis","1/459","38/18860",0.0263157894736842,1.08129801628254,0.0792289358513658,0.608271059607682,0.608271059607682,0.782777354532794,"UCHL5",1
"GO:0050685","positive regulation of mRNA processing","1/459","38/18860",0.0263157894736842,1.08129801628254,0.0792289358513658,0.608271059607682,0.608271059607682,0.782777354532794,"DAZAP1",1
"GO:0051346","negative regulation of hydrolase activity","1/459","38/18860",0.0263157894736842,1.08129801628254,0.0792289358513658,0.608271059607682,0.608271059607682,0.782777354532794,"LRCH1",1
"GO:0051602","response to electrical stimulus","1/459","38/18860",0.0263157894736842,1.08129801628254,0.0792289358513658,0.608271059607682,0.608271059607682,0.782777354532794,"PRICKLE1",1
"GO:0086005","ventricular cardiac muscle cell action potential","1/459","38/18860",0.0263157894736842,1.08129801628254,0.0792289358513658,0.608271059607682,0.608271059607682,0.782777354532794,"KCNH2",1
"GO:1902932","positive regulation of alcohol biosynthetic process","1/459","38/18860",0.0263157894736842,1.08129801628254,0.0792289358513658,0.608271059607682,0.608271059607682,0.782777354532794,"PRKAA1",1
"GO:1905332","positive regulation of morphogenesis of an epithelium","1/459","38/18860",0.0263157894736842,1.08129801628254,0.0792289358513658,0.608271059607682,0.608271059607682,0.782777354532794,"WNT5B",1
"GO:2000765","regulation of cytoplasmic translation","1/459","38/18860",0.0263157894736842,1.08129801628254,0.0792289358513658,0.608271059607682,0.608271059607682,0.782777354532794,"CPEB3",1
"GO:0009101","glycoprotein biosynthetic process","7/459","303/18860",0.0231023102310231,0.949258324525263,-0.140629746574657,0.608356269734882,0.608356269734882,0.782777354532794,"TCF7L2/MAN2A1/TMEM106A/GALNT1/ANGPT1/BCL2/GCNT2",7
"GO:0042246","tissue regeneration","2/459","84/18860",0.0238095238095238,0.978317252827057,-0.0314555563529803,0.609873671094573,0.609873671094573,0.783930151453444,"POSTN/HOPX",2
"GO:0070534","protein K63-linked ubiquitination","2/459","84/18860",0.0238095238095238,0.978317252827057,-0.0314555563529803,0.609873671094573,0.609873671094573,0.783930151453444,"XIAP/WWP2",2
"GO:2000142","regulation of DNA-templated transcription initiation","2/459","84/18860",0.0238095238095238,0.978317252827057,-0.0314555563529803,0.609873671094573,0.609873671094573,0.783930151453444,"MED20/TAF4B",2
"GO:0009451","RNA modification","4/459","173/18860",0.023121387283237,0.950042187716448,-0.10425613746784,0.610284786221581,0.610284786221581,0.784029413201733,"ADARB2/METTL15/TRIT1/APOBEC3H",4
"GO:0006368","transcription elongation by RNA polymerase II","3/459","129/18860",0.0232558139534884,0.955565688807823,-0.0799793344514146,0.611151325992496,0.611151325992496,0.784029413201733,"MED20/RECQL5/IWS1",3
"GO:0045732","positive regulation of protein catabolic process","5/459","217/18860",0.0230414746543779,0.946758631768119,-0.124585108635714,0.611204729976489,0.611204729976489,0.784029413201733,"MDM2/ATXN3L/PRICKLE1/UBR3/OAZ3",5
"GO:0051338","regulation of transferase activity","7/459","304/18860",0.0230263157894737,0.946135764247219,-0.149534041930307,0.611814656512711,0.611814656512711,0.784029413201733,"PDGFB/DOK7/AKT1S1/NRG1/ANGPT1/CDKN1C/MT3",7
"GO:0042330","taxis","11/459","476/18860",0.023109243697479,0.949543215979202,-0.176095394310216,0.61220457530467,0.61220457530467,0.784029413201733,"PDGFB/LBP/PRKCQ/CASR/NRG1/OR10J5/S1PR1/CCL18/ANGPT1/ENPP2/ARHGEF16",11
"GO:0007059","chromosome segregation","10/459","434/18860",0.0230414746543779,0.946758631768119,-0.177224393768581,0.614541685985742,0.614541685985742,0.784029413201733,"STARD9/PPP1CC/CDC42/CDK1/PRICKLE1/TTN/HORMAD1/RECQL5/CCDC66/SMARCA5",10
"GO:0015980","energy derivation by oxidation of organic compounds","10/459","434/18860",0.0230414746543779,0.946758631768119,-0.177224393768581,0.614541685985742,0.614541685985742,0.784029413201733,"TPK1/PPP1CC/SLC4A4/CDK1/MT3/PDK1/PRKAA1/OAS1/PGAM4/EPM2AIP1",10
"GO:0051168","nuclear export","4/459","174/18860",0.0229885057471264,0.944582175143365,-0.115987419955064,0.614817251375254,0.614817251375254,0.784029413201733,"MDM2/NXF2/SMG1/IWS1",4
"GO:0008088","axo-dendritic transport","2/459","85/18860",0.0235294117647059,0.966807638087915,-0.0484398296911828,0.616324950630195,0.616324950630195,0.784029413201733,"ARMCX3/AGBL4",2
"GO:0019233","sensory perception of pain","2/459","85/18860",0.0235294117647059,0.966807638087915,-0.0484398296911828,0.616324950630195,0.616324950630195,0.784029413201733,"GRIN2A/PIRT",2
"GO:0042157","lipoprotein metabolic process","2/459","85/18860",0.0235294117647059,0.966807638087915,-0.0484398296911828,0.616324950630195,0.616324950630195,0.784029413201733,"ZDHHC22/HHAT",2
"GO:0045921","positive regulation of exocytosis","2/459","85/18860",0.0235294117647059,0.966807638087915,-0.0484398296911828,0.616324950630195,0.616324950630195,0.784029413201733,"GAB2/HYAL3",2
"GO:0051279","regulation of release of sequestered calcium ion into cytosol","2/459","85/18860",0.0235294117647059,0.966807638087915,-0.0484398296911828,0.616324950630195,0.616324950630195,0.784029413201733,"JPH4/F2",2
"GO:0061053","somite development","2/459","85/18860",0.0235294117647059,0.966807638087915,-0.0484398296911828,0.616324950630195,0.616324950630195,0.784029413201733,"TCF15/RBPJ",2
"GO:2000278","regulation of DNA biosynthetic process","2/459","85/18860",0.0235294117647059,0.966807638087915,-0.0484398296911828,0.616324950630195,0.616324950630195,0.784029413201733,"PDGFB/PTGES3",2
"GO:0043200","response to amino acid","3/459","130/18860",0.0230769230769231,0.948215183509301,-0.0935729215716115,0.616376027815016,0.616376027815016,0.784029413201733,"BCL11A/CPEB3/MTHFR",3
"GO:0019693","ribose phosphate metabolic process","9/459","392/18860",0.0229591836734694,0.943377350940376,-0.178923854168126,0.617410999012675,0.617410999012675,0.784029413201733,"NT5DC4/SLC4A4/TJP2/ENPP3/NUDT4/PRKAA1/MYH6/PGAM4/UPP1",9
"GO:0006516","glycoprotein catabolic process","1/459","39/18860",0.0256410256410256,1.05357242612145,0.0528928819821737,0.617823901156937,0.617823901156937,0.784029413201733,"NEU4",1
"GO:0006958","complement activation, classical pathway","1/459","39/18860",0.0256410256410256,1.05357242612145,0.0528928819821737,0.617823901156937,0.617823901156937,0.784029413201733,"C6",1
"GO:0009595","detection of biotic stimulus","1/459","39/18860",0.0256410256410256,1.05357242612145,0.0528928819821737,0.617823901156937,0.617823901156937,0.784029413201733,"LBP",1
"GO:0010880","regulation of release of sequestered calcium ion into cytosol by sarcoplasmic reticulum","1/459","39/18860",0.0256410256410256,1.05357242612145,0.0528928819821737,0.617823901156937,0.617823901156937,0.784029413201733,"JPH4",1
"GO:0016266","protein O-linked glycosylation via N-acetyl-galactosamine","1/459","39/18860",0.0256410256410256,1.05357242612145,0.0528928819821737,0.617823901156937,0.617823901156937,0.784029413201733,"GALNT1",1
"GO:0019081","viral translation","1/459","39/18860",0.0256410256410256,1.05357242612145,0.0528928819821737,0.617823901156937,0.617823901156937,0.784029413201733,"OAZ3",1
"GO:0019228","neuronal action potential","1/459","39/18860",0.0256410256410256,1.05357242612145,0.0528928819821737,0.617823901156937,0.617823901156937,0.784029413201733,"GPRIN3",1
"GO:0032438","melanosome organization","1/459","39/18860",0.0256410256410256,1.05357242612145,0.0528928819821737,0.617823901156937,0.617823901156937,0.784029413201733,"AP1S3",1
"GO:0034249","negative regulation of amide metabolic process","1/459","39/18860",0.0256410256410256,1.05357242612145,0.0528928819821737,0.617823901156937,0.617823901156937,0.784029413201733,"PRKAA1",1
"GO:0034391","regulation of smooth muscle cell apoptotic process","1/459","39/18860",0.0256410256410256,1.05357242612145,0.0528928819821737,0.617823901156937,0.617823901156937,0.784029413201733,"APOH",1
"GO:0038179","neurotrophin signaling pathway","1/459","39/18860",0.0256410256410256,1.05357242612145,0.0528928819821737,0.617823901156937,0.617823901156937,0.784029413201733,"AKT1S1",1
"GO:0042044","fluid transport","1/459","39/18860",0.0256410256410256,1.05357242612145,0.0528928819821737,0.617823901156937,0.617823901156937,0.784029413201733,"MLLT6",1
"GO:0042462","eye photoreceptor cell development","1/459","39/18860",0.0256410256410256,1.05357242612145,0.0528928819821737,0.617823901156937,0.617823901156937,0.784029413201733,"RORB",1
"GO:0046473","phosphatidic acid metabolic process","1/459","39/18860",0.0256410256410256,1.05357242612145,0.0528928819821737,0.617823901156937,0.617823901156937,0.784029413201733,"AGPAT4",1
"GO:0046839","phospholipid dephosphorylation","1/459","39/18860",0.0256410256410256,1.05357242612145,0.0528928819821737,0.617823901156937,0.617823901156937,0.784029413201733,"INPP5A",1
"GO:0048384","retinoic acid receptor signaling pathway","1/459","39/18860",0.0256410256410256,1.05357242612145,0.0528928819821737,0.617823901156937,0.617823901156937,0.784029413201733,"RARB",1
"GO:0051125","regulation of actin nucleation","1/459","39/18860",0.0256410256410256,1.05357242612145,0.0528928819821737,0.617823901156937,0.617823901156937,0.784029413201733,"HIP1R",1
"GO:0071604","transforming growth factor beta production","1/459","39/18860",0.0256410256410256,1.05357242612145,0.0528928819821737,0.617823901156937,0.617823901156937,0.784029413201733,"MYB",1
"GO:0072530","purine-containing compound transmembrane transport","1/459","39/18860",0.0256410256410256,1.05357242612145,0.0528928819821737,0.617823901156937,0.617823901156937,0.784029413201733,"SLC28A3",1
"GO:0120009","intermembrane lipid transfer","1/459","39/18860",0.0256410256410256,1.05357242612145,0.0528928819821737,0.617823901156937,0.617823901156937,0.784029413201733,"SCP2",1
"GO:2000316","regulation of T-helper 17 type immune response","1/459","39/18860",0.0256410256410256,1.05357242612145,0.0528928819821737,0.617823901156937,0.617823901156937,0.784029413201733,"PRKCQ",1
"GO:0001952","regulation of cell-matrix adhesion","3/459","131/18860",0.0229007633587786,0.940976899665719,-0.107064460153686,0.621553177668032,0.621553177668032,0.78849751176547,"POSTN/BCL2/MYOC",3
"GO:0006959","humoral immune response","7/459","307/18860",0.0228013029315961,0.936890137886497,-0.176077679916403,0.622091369846996,0.622091369846996,0.788715846362685,"KLK3/CCL18/RBPJ/SPRR2A/BCL2/F2/C6",7
"GO:0010569","regulation of double-strand break repair via homologous recombination","2/459","86/18860",0.0232558139534884,0.955565688807823,-0.065228025373223,0.622694131896665,0.622694131896665,0.788715846362685,"RECQL5/ING3",2
"GO:0022408","negative regulation of cell-cell adhesion","5/459","220/18860",0.0227272727272727,0.933848286789463,-0.155874273697357,0.623297846573257,0.623297846573257,0.788715846362685,"PODXL/DAPL1/PRKAA1/MIA3/FGL1",5
"GO:0050680","negative regulation of epithelial cell proliferation","4/459","176/18860",0.0227272727272727,0.933848286789463,-0.139253930151918,0.623783613599269,0.623783613599269,0.788715846362685,"APOH/CDKN1C/ATOH8/KLF9",4
"GO:0007127","meiosis I","3/459","132/18860",0.0227272727272727,0.933848286789463,-0.12045569056101,0.626682589695231,0.626682589695231,0.788715846362685,"TDRD9/HORMAD1/BCL2L11",3
"GO:0030512","negative regulation of transforming growth factor beta receptor signaling pathway","3/459","132/18860",0.0227272727272727,0.933848286789463,-0.12045569056101,0.626682589695231,0.626682589695231,0.788715846362685,"CDH3/PBLD/HTRA3",3
"GO:1903322","positive regulation of protein modification by small protein conjugation or removal","3/459","132/18860",0.0227272727272727,0.933848286789463,-0.12045569056101,0.626682589695231,0.626682589695231,0.788715846362685,"XIAP/ANGPT1/PRICKLE1",3
"GO:0003382","epithelial cell morphogenesis","1/459","40/18860",0.025,1.02723311546841,0.0272309300114584,0.627144278892921,0.627144278892921,0.788715846362685,"STC1",1
"GO:0010591","regulation of lamellipodium assembly","1/459","40/18860",0.025,1.02723311546841,0.0272309300114584,0.627144278892921,0.627144278892921,0.788715846362685,"CDC42",1
"GO:0010614","negative regulation of cardiac muscle hypertrophy","1/459","40/18860",0.025,1.02723311546841,0.0272309300114584,0.627144278892921,0.627144278892921,0.788715846362685,"ATP2B4",1
"GO:0016242","negative regulation of macroautophagy","1/459","40/18860",0.025,1.02723311546841,0.0272309300114584,0.627144278892921,0.627144278892921,0.788715846362685,"HMOX1",1
"GO:0030513","positive regulation of BMP signaling pathway","1/459","40/18860",0.025,1.02723311546841,0.0272309300114584,0.627144278892921,0.627144278892921,0.788715846362685,"RBPJ",1
"GO:0034143","regulation of toll-like receptor 4 signaling pathway","1/459","40/18860",0.025,1.02723311546841,0.0272309300114584,0.627144278892921,0.627144278892921,0.788715846362685,"LBP",1
"GO:0034390","smooth muscle cell apoptotic process","1/459","40/18860",0.025,1.02723311546841,0.0272309300114584,0.627144278892921,0.627144278892921,0.788715846362685,"APOH",1
"GO:0035136","forelimb morphogenesis","1/459","40/18860",0.025,1.02723311546841,0.0272309300114584,0.627144278892921,0.627144278892921,0.788715846362685,"SHOX2",1
"GO:0035640","exploration behavior","1/459","40/18860",0.025,1.02723311546841,0.0272309300114584,0.627144278892921,0.627144278892921,0.788715846362685,"GABRB3",1
"GO:0035774","positive regulation of insulin secretion involved in cellular response to glucose stimulus","1/459","40/18860",0.025,1.02723311546841,0.0272309300114584,0.627144278892921,0.627144278892921,0.788715846362685,"ABCC8",1
"GO:0042307","positive regulation of protein import into nucleus","1/459","40/18860",0.025,1.02723311546841,0.0272309300114584,0.627144278892921,0.627144278892921,0.788715846362685,"CDK1",1
"GO:0045124","regulation of bone resorption","1/459","40/18860",0.025,1.02723311546841,0.0272309300114584,0.627144278892921,0.627144278892921,0.788715846362685,"S1PR1",1
"GO:0045730","respiratory burst","1/459","40/18860",0.025,1.02723311546841,0.0272309300114584,0.627144278892921,0.627144278892921,0.788715846362685,"LBP",1
"GO:0051503","adenine nucleotide transport","1/459","40/18860",0.025,1.02723311546841,0.0272309300114584,0.627144278892921,0.627144278892921,0.788715846362685,"CALHM2",1
"GO:0060323","head morphogenesis","1/459","40/18860",0.025,1.02723311546841,0.0272309300114584,0.627144278892921,0.627144278892921,0.788715846362685,"PRICKLE1",1
"GO:0071025","RNA surveillance","1/459","40/18860",0.025,1.02723311546841,0.0272309300114584,0.627144278892921,0.627144278892921,0.788715846362685,"SUPV3L1",1
"GO:0072210","metanephric nephron development","1/459","40/18860",0.025,1.02723311546841,0.0272309300114584,0.627144278892921,0.627144278892921,0.788715846362685,"PDGFB",1
"GO:0098732","macromolecule deacylation","1/459","40/18860",0.025,1.02723311546841,0.0272309300114584,0.627144278892921,0.627144278892921,0.788715846362685,"PRKAA1",1
"GO:1904385","cellular response to angiotensin","1/459","40/18860",0.025,1.02723311546841,0.0272309300114584,0.627144278892921,0.627144278892921,0.788715846362685,"ACE",1
"GO:0006694","steroid biosynthetic process","4/459","177/18860",0.0225988700564972,0.928572307768054,-0.150790820832263,0.628217090780783,0.628217090780783,0.789540261622093,"ERLIN2/PRKAA1/LPCAT3/SCP2",4
"GO:0030856","regulation of epithelial cell differentiation","4/459","177/18860",0.0225988700564972,0.928572307768054,-0.150790820832263,0.628217090780783,0.628217090780783,0.789540261622093,"ETV2/SFRP4/CDKN1C/ATOH8",4
"GO:0005977","glycogen metabolic process","2/459","87/18860",0.0229885057471264,0.944582175143365,-0.0818252276709488,0.628981380983438,0.628981380983438,0.789976091196206,"PPP1CC/EPM2AIP1",2
"GO:0032412","regulation of monoatomic ion transmembrane transporter activity","2/459","87/18860",0.0229885057471264,0.944582175143365,-0.0818252276709488,0.628981380983438,0.628981380983438,0.789976091196206,"WNK2/CRHBP",2
"GO:0090257","regulation of muscle system process","6/459","266/18860",0.0225563909774436,0.926826871099317,-0.18982394346525,0.631307065685796,0.631307065685796,0.792419078268707,"STC1/GNAS/JPH4/ATP2B4/MYBPC3/ABCC8",6
"GO:0010876","lipid localization","11/459","483/18860",0.0227743271221532,0.935781720095446,-0.225808292535121,0.63139961976107,0.63139961976107,0.792419078268707,"LBP/OSBPL10/APOH/ATP9A/ACE/ANO4/ABCB4/GM2A/MYB/LPCAT3/SCP2",11
"GO:0062014","negative regulation of small molecule metabolic process","3/459","133/18860",0.0225563909774436,0.926826871099317,-0.133748309520322,0.631764100467275,0.631764100467275,0.792419078268707,"TCF7L2/ERLIN2/ATP2B4",3
"GO:1901875","positive regulation of post-translational protein modification","3/459","133/18860",0.0225563909774436,0.926826871099317,-0.133748309520322,0.631764100467275,0.631764100467275,0.792419078268707,"XIAP/ANGPT1/PRICKLE1",3
"GO:0006606","protein import into nucleus","4/459","178/18860",0.0224719101123595,0.923355609409806,-0.162264551260794,0.632617174114714,0.632617174114714,0.792700850799023,"ANGPT1/CDK1/FGF9/PRICKLE1",4
"GO:0046661","male sex differentiation","4/459","178/18860",0.0224719101123595,0.923355609409806,-0.162264551260794,0.632617174114714,0.632617174114714,0.792700850799023,"ACE/BCL2/FGF9/BCL2L11",4
"GO:2000045","regulation of G1/S transition of mitotic cell cycle","4/459","178/18860",0.0224719101123595,0.923355609409806,-0.162264551260794,0.632617174114714,0.632617174114714,0.792700850799023,"ANKRD17/MDM2/BCL2/TMEM14B",4
"GO:0051648","vesicle localization","5/459","223/18860",0.0224215246636771,0.921285305352834,-0.186751975401289,0.635164274468903,0.635164274468903,0.79329750329875,"CDH3/PPFIA2/ATP9A/AP1M2/UNC13B",5
"GO:0022898","regulation of transmembrane transporter activity","2/459","88/18860",0.0227272727272727,0.933848286789463,-0.0982363278374227,0.635186904454046,0.635186904454046,0.79329750329875,"WNK2/CRHBP",2
"GO:0048041","focal adhesion assembly","2/459","88/18860",0.0227272727272727,0.933848286789463,-0.0982363278374227,0.635186904454046,0.635186904454046,0.79329750329875,"BCL2/MYOC",2
"GO:0086001","cardiac muscle cell action potential","2/459","88/18860",0.0227272727272727,0.933848286789463,-0.0982363278374227,0.635186904454046,0.635186904454046,0.79329750329875,"KCNH2/KCNH6",2
"GO:0030162","regulation of proteolysis","9/459","398/18860",0.0226130653266332,0.929155581830722,-0.225607098911427,0.635393996816299,0.635393996816299,0.79329750329875,"UCHL5/MDM2/MYH9/ATXN3L/PRICKLE1/F2/ARAF/AGBL4/CHAC1",9
"GO:0006473","protein acetylation","1/459","41/18860",0.024390243902439,1.00217864923747,0.0022055958302667,0.636237837659561,0.636237837659561,0.79329750329875,"AANAT",1
"GO:0015865","purine nucleotide transport","1/459","41/18860",0.024390243902439,1.00217864923747,0.0022055958302667,0.636237837659561,0.636237837659561,0.79329750329875,"CALHM2",1
"GO:0021799","cerebral cortex radially oriented cell migration","1/459","41/18860",0.024390243902439,1.00217864923747,0.0022055958302667,0.636237837659561,0.636237837659561,0.79329750329875,"SYNE2",1
"GO:0032728","positive regulation of interferon-beta production","1/459","41/18860",0.024390243902439,1.00217864923747,0.0022055958302667,0.636237837659561,0.636237837659561,0.79329750329875,"OAS1",1
"GO:0034389","lipid droplet organization","1/459","41/18860",0.024390243902439,1.00217864923747,0.0022055958302667,0.636237837659561,0.636237837659561,0.79329750329875,"PRKAA1",1
"GO:0070873","regulation of glycogen metabolic process","1/459","41/18860",0.024390243902439,1.00217864923747,0.0022055958302667,0.636237837659561,0.636237837659561,0.79329750329875,"EPM2AIP1",1
"GO:0071459","protein localization to chromosome, centromeric region","1/459","41/18860",0.024390243902439,1.00217864923747,0.0022055958302667,0.636237837659561,0.636237837659561,0.79329750329875,"CDK1",1
"GO:0071711","basement membrane organization","1/459","41/18860",0.024390243902439,1.00217864923747,0.0022055958302667,0.636237837659561,0.636237837659561,0.79329750329875,"PRICKLE1",1
"GO:0072337","modified amino acid transport","1/459","41/18860",0.024390243902439,1.00217864923747,0.0022055958302667,0.636237837659561,0.636237837659561,0.79329750329875,"SLC6A8",1
"GO:1902229","regulation of intrinsic apoptotic signaling pathway in response to DNA damage","1/459","41/18860",0.024390243902439,1.00217864923747,0.0022055958302667,0.636237837659561,0.636237837659561,0.79329750329875,"BCL2",1
"GO:0021987","cerebral cortex development","3/459","134/18860",0.0223880597014925,0.919910252658277,-0.146943971547747,0.636797568363378,0.636797568363378,0.793704435616933,"CNTNAP2/SYNE2/TMEM14B",3
"GO:0046496","nicotinamide nucleotide metabolic process","4/459","179/18860",0.0223463687150838,0.918197198184053,-0.173675914563708,0.636983686347759,0.636983686347759,0.793704435616933,"SLC4A4/PRKAA1/PGAM4/HAAO",4
"GO:0009952","anterior/posterior pattern specification","5/459","224/18860",0.0223214285714286,0.917172424525366,-0.196955252615354,0.639068562461594,0.639068562461594,0.79604015177902,"TCF15/WNT8A/RBPJ/BARX1/PRICKLE1",5
"GO:0002752","cell surface pattern recognition receptor signaling pathway","2/459","89/18860",0.0224719101123595,0.923355609409806,-0.114466033618151,0.641310947286271,0.641310947286271,0.79700377980625,"LBP/OAS1",2
"GO:0006140","regulation of nucleotide metabolic process","2/459","89/18860",0.0224719101123595,0.923355609409806,-0.114466033618151,0.641310947286271,0.641310947286271,0.79700377980625,"SLC4A4/PRKAA1",2
"GO:0033077","T cell differentiation in thymus","2/459","89/18860",0.0224719101123595,0.923355609409806,-0.114466033618151,0.641310947286271,0.641310947286271,0.79700377980625,"BCL2/ZFP36L2",2
"GO:0044042","glucan metabolic process","2/459","89/18860",0.0224719101123595,0.923355609409806,-0.114466033618151,0.641310947286271,0.641310947286271,0.79700377980625,"PPP1CC/EPM2AIP1",2
"GO:1900542","regulation of purine nucleotide metabolic process","2/459","89/18860",0.0224719101123595,0.923355609409806,-0.114466033618151,0.641310947286271,0.641310947286271,0.79700377980625,"SLC4A4/PRKAA1",2
"GO:2000243","positive regulation of reproductive process","2/459","89/18860",0.0224719101123595,0.923355609409806,-0.114466033618151,0.641310947286271,0.641310947286271,0.79700377980625,"PGAM4/HYAL3",2
"GO:0030216","keratinocyte differentiation","4/459","180/18860",0.0222222222222222,0.913096102638586,-0.185025689192964,0.641316462874695,0.641316462874695,0.79700377980625,"CDH3/RBPJ/SPRR2F/SPRR2E",4
"GO:0061844","antimicrobial humoral immune response mediated by antimicrobial peptide","3/459","135/18860",0.0222222222222222,0.913096102638586,-0.160044290317705,0.64178287296089,0.64178287296089,0.797321570409649,"KLK3/CCL18/F2",3
"GO:0003341","cilium movement","6/459","269/18860",0.0223048327137546,0.916490511942075,-0.217874069958229,0.642047408812392,0.642047408812392,0.797388435451798,"EFHC2/SORD/PGAM4/ARMC3/ATP2B4/DNAH6",6
"GO:1901990","regulation of mitotic cell cycle phase transition","8/459","357/18860",0.0224089635854342,0.920769179131347,-0.238699851843647,0.64298500787608,0.64298500787608,0.797631214201446,"ANKRD17/MDM2/BCL2/CDKN1C/CDK1/BRCC3/TMEM14B/ZFP36L2",8
"GO:0002360","T cell lineage commitment","1/459","42/18860",0.0238095238095238,0.978317252827057,-0.02221760182757,0.645110085521522,0.645110085521522,0.797631214201446,"BCL2",1
"GO:0006904","vesicle docking involved in exocytosis","1/459","42/18860",0.0238095238095238,0.978317252827057,-0.02221760182757,0.645110085521522,0.645110085521522,0.797631214201446,"UNC13B",1
"GO:0014741","negative regulation of muscle hypertrophy","1/459","42/18860",0.0238095238095238,0.978317252827057,-0.02221760182757,0.645110085521522,0.645110085521522,0.797631214201446,"ATP2B4",1
"GO:0032411","positive regulation of transporter activity","1/459","42/18860",0.0238095238095238,0.978317252827057,-0.02221760182757,0.645110085521522,0.645110085521522,0.797631214201446,"WNK2",1
"GO:0040001","establishment of mitotic spindle localization","1/459","42/18860",0.0238095238095238,0.978317252827057,-0.02221760182757,0.645110085521522,0.645110085521522,0.797631214201446,"CCDC66",1
"GO:0043903","regulation of biological process involved in symbiotic interaction","1/459","42/18860",0.0238095238095238,0.978317252827057,-0.02221760182757,0.645110085521522,0.645110085521522,0.797631214201446,"TRIM11",1
"GO:0060391","positive regulation of SMAD protein signal transduction","1/459","42/18860",0.0238095238095238,0.978317252827057,-0.02221760182757,0.645110085521522,0.645110085521522,0.797631214201446,"ATOH8",1
"GO:0060999","positive regulation of dendritic spine development","1/459","42/18860",0.0238095238095238,0.978317252827057,-0.02221760182757,0.645110085521522,0.645110085521522,0.797631214201446,"CPEB3",1
"GO:0070286","axonemal dynein complex assembly","1/459","42/18860",0.0238095238095238,0.978317252827057,-0.02221760182757,0.645110085521522,0.645110085521522,0.797631214201446,"LRRC61",1
"GO:0071398","cellular response to fatty acid","1/459","42/18860",0.0238095238095238,0.978317252827057,-0.02221760182757,0.645110085521522,0.645110085521522,0.797631214201446,"CLDN1",1
"GO:0099171","presynaptic modulation of chemical synaptic transmission","1/459","42/18860",0.0238095238095238,0.978317252827057,-0.02221760182757,0.645110085521522,0.645110085521522,0.797631214201446,"NRN1",1
"GO:1901223","negative regulation of non-canonical NF-kappaB signal transduction","1/459","42/18860",0.0238095238095238,0.978317252827057,-0.02221760182757,0.645110085521522,0.645110085521522,0.797631214201446,"NLRP2",1
"GO:0006937","regulation of muscle contraction","4/459","181/18860",0.0220994475138122,0.908051372789754,-0.19631463928095,0.645615351500439,0.645615351500439,0.797631214201446,"STC1/GNAS/JPH4/MYBPC3",4
"GO:0017015","regulation of transforming growth factor beta receptor signaling pathway","4/459","181/18860",0.0220994475138122,0.908051372789754,-0.19631463928095,0.645615351500439,0.645615351500439,0.797631214201446,"CDH3/PBLD/HTRA3/CDKN1C",4
"GO:0043524","negative regulation of neuron apoptotic process","4/459","181/18860",0.0220994475138122,0.908051372789754,-0.19631463928095,0.645615351500439,0.645615351500439,0.797631214201446,"BARHL1/ANGPT1/BCL2/MT3",4
"GO:0008544","epidermis development","9/459","402/18860",0.0223880597014925,0.919910252658277,-0.256355470601074,0.647125432898898,0.647125432898898,0.798996421960106,"GNAS/CDH3/SVEP1/RBPJ/SFRP4/SPRR2F/BCL2/SPRR2E/CLDN1",9
"GO:0007492","endoderm development","2/459","90/18860",0.0222222222222222,0.913096102638586,-0.130518878190205,0.647353790888234,0.647353790888234,0.798996421960106,"MIXL1/MYH9",2
"GO:0035418","protein localization to synapse","2/459","90/18860",0.0222222222222222,0.913096102638586,-0.130518878190205,0.647353790888234,0.647353790888234,0.798996421960106,"VAMP4/GRIN2A",2
"GO:0008361","regulation of cell size","4/459","182/18860",0.021978021978022,0.903062079532668,-0.207543514984612,0.649880212202361,0.649880212202361,0.800806670037079,"NRCAM/BCL11A/AKT1S1/MT3",4
"GO:0051225","spindle assembly","3/459","137/18860",0.0218978102189781,0.899766232527074,-0.185965156409503,0.651608612955359,0.651608612955359,0.800806670037079,"STARD9/PRICKLE1/CCDC66",3
"GO:0008543","fibroblast growth factor receptor signaling pathway","2/459","91/18860",0.021978021978022,0.903062079532668,-0.14639922856967,0.653315751187927,0.653315751187927,0.800806670037079,"FGF9/TRIM71",2
"GO:0032481","positive regulation of type I interferon production","2/459","91/18860",0.021978021978022,0.903062079532668,-0.14639922856967,0.653315751187927,0.653315751187927,0.800806670037079,"XIAP/OAS1",2
"GO:0042475","odontogenesis of dentin-containing tooth","2/459","91/18860",0.021978021978022,0.903062079532668,-0.14639922856967,0.653315751187927,0.653315751187927,0.800806670037079,"AMTN/BCL2L11",2
"GO:1901568","fatty acid derivative metabolic process","2/459","91/18860",0.021978021978022,0.903062079532668,-0.14639922856967,0.653315751187927,0.653315751187927,0.800806670037079,"THEM5/SCP2",2
"GO:0001709","cell fate determination","1/459","43/18860",0.0232558139534884,0.955565688807823,-0.0460704493247492,0.653766397071401,0.653766397071401,0.800806670037079,"CDC42",1
"GO:0003352","regulation of cilium movement","1/459","43/18860",0.0232558139534884,0.955565688807823,-0.0460704493247492,0.653766397071401,0.653766397071401,0.800806670037079,"PGAM4",1
"GO:0007339","binding of sperm to zona pellucida","1/459","43/18860",0.0232558139534884,0.955565688807823,-0.0460704493247492,0.653766397071401,0.653766397071401,0.800806670037079,"OVGP1",1
"GO:0009124","nucleoside monophosphate biosynthetic process","1/459","43/18860",0.0232558139534884,0.955565688807823,-0.0460704493247492,0.653766397071401,0.653766397071401,0.800806670037079,"UPP1",1
"GO:0014044","Schwann cell development","1/459","43/18860",0.0232558139534884,0.955565688807823,-0.0460704493247492,0.653766397071401,0.653766397071401,0.800806670037079,"MYOC",1
"GO:0021983","pituitary gland development","1/459","43/18860",0.0232558139534884,0.955565688807823,-0.0460704493247492,0.653766397071401,0.653766397071401,0.800806670037079,"RBPJ",1
"GO:0033574","response to testosterone","1/459","43/18860",0.0232558139534884,0.955565688807823,-0.0460704493247492,0.653766397071401,0.653766397071401,0.800806670037079,"CA9",1
"GO:0046427","positive regulation of receptor signaling pathway via JAK-STAT","1/459","43/18860",0.0232558139534884,0.955565688807823,-0.0460704493247492,0.653766397071401,0.653766397071401,0.800806670037079,"F2",1
"GO:0046461","neutral lipid catabolic process","1/459","43/18860",0.0232558139534884,0.955565688807823,-0.0460704493247492,0.653766397071401,0.653766397071401,0.800806670037079,"PNLIP",1
"GO:0046464","acylglycerol catabolic process","1/459","43/18860",0.0232558139534884,0.955565688807823,-0.0460704493247492,0.653766397071401,0.653766397071401,0.800806670037079,"PNLIP",1
"GO:0046640","regulation of alpha-beta T cell proliferation","1/459","43/18860",0.0232558139534884,0.955565688807823,-0.0460704493247492,0.653766397071401,0.653766397071401,0.800806670037079,"PRKCQ",1
"GO:0048701","embryonic cranial skeleton morphogenesis","1/459","43/18860",0.0232558139534884,0.955565688807823,-0.0460704493247492,0.653766397071401,0.653766397071401,0.800806670037079,"MMP16",1
"GO:0090114","COPII-coated vesicle budding","1/459","43/18860",0.0232558139534884,0.955565688807823,-0.0460704493247492,0.653766397071401,0.653766397071401,0.800806670037079,"MIA3",1
"GO:1902742","apoptotic process involved in development","1/459","43/18860",0.0232558139534884,0.955565688807823,-0.0460704493247492,0.653766397071401,0.653766397071401,0.800806670037079,"BCL2L11",1
"GO:2000780","negative regulation of double-strand break repair","1/459","43/18860",0.0232558139534884,0.955565688807823,-0.0460704493247492,0.653766397071401,0.653766397071401,0.800806670037079,"RECQL5",1
"GO:0010970","transport along microtubule","4/459","183/18860",0.0218579234972678,0.898127314070741,-0.218713052819433,0.654110916893012,0.654110916893012,0.800806670037079,"ARMCX3/SYNE2/CDC42/AGBL4",4
"GO:0048284","organelle fusion","4/459","183/18860",0.0218579234972678,0.898127314070741,-0.218713052819433,0.654110916893012,0.654110916893012,0.800806670037079,"TSNARE1/VAMP4/ATL1/CDK1",4
"GO:0051250","negative regulation of lymphocyte activation","4/459","183/18860",0.0218579234972678,0.898127314070741,-0.218713052819433,0.654110916893012,0.654110916893012,0.800806670037079,"DAPL1/PRKAA1/MICA/FGL1",4
"GO:1905952","regulation of lipid localization","4/459","183/18860",0.0218579234972678,0.898127314070741,-0.218713052819433,0.654110916893012,0.654110916893012,0.800806670037079,"ABCB4/MYB/LPCAT3/SCP2",4
"GO:0032535","regulation of cellular component size","8/459","361/18860",0.0221606648199446,0.910566750553715,-0.270971394100348,0.655231840781747,0.655231840781747,0.801919543681616,"NRCAM/BCL11A/AKT1S1/KCNK6/HIP1R/MT3/SSH1/NEB",8
"GO:0006401","RNA catabolic process","10/459","449/18860",0.022271714922049,0.915129724248026,-0.287465052906798,0.656727498237319,0.656727498237319,0.803490175153798,"SLFN12/CPEB3/DND1/GSPT2/HBS1L/TRIM71/SMG1/ZFP36L2/FTO/SUPV3L1",10
"GO:0019730","antimicrobial humoral response","4/459","184/18860",0.0217391304347826,0.893246187363834,-0.229823975983611,0.658307349183402,0.658307349183402,0.804564331034857,"KLK3/CCL18/SPRR2A/F2",4
"GO:0051170","import into nucleus","4/459","184/18860",0.0217391304347826,0.893246187363834,-0.229823975983611,0.658307349183402,0.658307349183402,0.804564331034857,"ANGPT1/CDK1/FGF9/PRICKLE1",4
"GO:1903844","regulation of cellular response to transforming growth factor beta stimulus","4/459","184/18860",0.0217391304347826,0.893246187363834,-0.229823975983611,0.658307349183402,0.658307349183402,0.804564331034857,"CDH3/PBLD/HTRA3/CDKN1C",4
"GO:0048608","reproductive structure development","7/459","318/18860",0.0220125786163522,0.904481988462751,-0.271309814765061,0.65845589612078,0.65845589612078,0.804564331034857,"UMODL1/ACE/BCL2/CDKN1C/FGF9/HYAL3/BCL2L11",7
"GO:0010660","regulation of muscle cell apoptotic process","2/459","92/18860",0.0217391304347826,0.893246187363834,-0.162111293524604,0.659197176793817,0.659197176793817,0.804950272778578,"NRG1/APOH",2
"GO:0022406","membrane docking","2/459","92/18860",0.0217391304347826,0.893246187363834,-0.162111293524604,0.659197176793817,0.659197176793817,0.804950272778578,"TSNARE1/UNC13B",2
"GO:0006091","generation of precursor metabolites and energy","11/459","494/18860",0.0222672064777328,0.914944475315992,-0.302554539057416,0.660545993950483,0.660545993950483,0.806337130136498,"TPK1/PPP1CC/RBPJ/SLC4A4/CDK1/MT3/PDK1/PRKAA1/OAS1/PGAM4/EPM2AIP1",11
"GO:0006639","acylglycerol metabolic process","3/459","139/18860",0.0215827338129496,0.886819955800066,-0.211523049030581,0.661240758358677,0.661240758358677,0.806549624746261,"PNLIP/APOH/GPR82",3
"GO:0090174","organelle membrane fusion","3/459","139/18860",0.0215827338129496,0.886819955800066,-0.211523049030581,0.661240758358677,0.661240758358677,0.806549624746261,"TSNARE1/VAMP4/ATL1",3
"GO:0044092","negative regulation of molecular function","7/459","319/18860",0.0219435736677116,0.901646621727758,-0.279809855193889,0.661655513601596,0.661655513601596,0.806549624746261,"AKAP5/LRCH1/AKT1S1/CRHBP/CDKN1C/MT3/WWP2",7
"GO:0017004","cytochrome complex assembly","1/459","44/18860",0.0227272727272727,0.933848286789463,-0.0693823079974974,0.662212016657107,0.662212016657107,0.806549624746261,"COA5",1
"GO:0032309","icosanoid secretion","1/459","44/18860",0.0227272727272727,0.933848286789463,-0.0693823079974974,0.662212016657107,0.662212016657107,0.806549624746261,"ACE",1
"GO:0045745","positive regulation of G protein-coupled receptor signaling pathway","1/459","44/18860",0.0227272727272727,0.933848286789463,-0.0693823079974974,0.662212016657107,0.662212016657107,0.806549624746261,"F2",1
"GO:0071548","response to dexamethasone","1/459","44/18860",0.0227272727272727,0.933848286789463,-0.0693823079974974,0.662212016657107,0.662212016657107,0.806549624746261,"CLDN1",1
"GO:0009150","purine ribonucleotide metabolic process","8/459","364/18860",0.021978021978022,0.903062079532668,-0.294951386971246,0.664254982816049,0.664254982816049,0.808584127185928,"NT5DC4/SLC4A4/TJP2/ENPP3/NUDT4/PRKAA1/MYH6/PGAM4",8
"GO:0071230","cellular response to amino acid stimulus","2/459","93/18860",0.021505376344086,0.883641389650245,-0.177659131027694,0.664998447224191,0.664998447224191,0.808584127185928,"BCL11A/CPEB3",2
"GO:0060541","respiratory system development","5/459","231/18860",0.0216450216450216,0.88937932075187,-0.267172958641088,0.665667018742649,0.665667018742649,0.808584127185928,"MAN2A1/RBPJ/CDC42/FGF9/HOPX",5
"GO:0007018","microtubule-based movement","11/459","496/18860",0.0221774193548387,0.911255183076815,-0.316333476579844,0.665705111464729,0.665705111464729,0.808584127185928,"STARD9/ARMCX3/SYNE2/EFHC2/SORD/CDC42/PGAM4/AGBL4/ARMC3/ATP2B4/DNAH6",11
"GO:0006638","neutral lipid metabolic process","3/459","140/18860",0.0214285714285714,0.880485527544351,-0.224169516347095,0.66598414037637,0.66598414037637,0.808584127185928,"PNLIP/APOH/GPR82",3
"GO:0002699","positive regulation of immune effector process","6/459","276/18860",0.0217391304347826,0.893246187363834,-0.282171597875263,0.666369091554048,0.666369091554048,0.808584127185928,"ANKRD17/LBP/KLK3/ENPP3/GAB2/PRKAA1",6
"GO:0001659","temperature homeostasis","4/459","186/18860",0.021505376344086,0.883641389650245,-0.251872806385513,0.666596988084388,0.666596988084388,0.808584127185928,"GNAS/MFAP2/RBPJ/FTO",4
"GO:0072524","pyridine-containing compound metabolic process","4/459","186/18860",0.021505376344086,0.883641389650245,-0.251872806385513,0.666596988084388,0.666596988084388,0.808584127185928,"SLC4A4/PRKAA1/PGAM4/HAAO",4
"GO:0007281","germ cell development","9/459","409/18860",0.0220048899755501,0.904166067404957,-0.309468158004661,0.667139718298072,0.667139718298072,0.808584127185928,"CCDC136/DND1/BCL2/CDKN1C/HORMAD1/SLC26A3/TAF4B/ARMC3/RIMBP3",9
"GO:0003176","aortic valve development","1/459","45/18860",0.0222222222222222,0.913096102638586,-0.0921803514337811,0.670452061531384,0.670452061531384,0.808584127185928,"RBPJ",1
"GO:0005978","glycogen biosynthetic process","1/459","45/18860",0.0222222222222222,0.913096102638586,-0.0921803514337811,0.670452061531384,0.670452061531384,0.808584127185928,"EPM2AIP1",1
"GO:0009250","glucan biosynthetic process","1/459","45/18860",0.0222222222222222,0.913096102638586,-0.0921803514337811,0.670452061531384,0.670452061531384,0.808584127185928,"EPM2AIP1",1
"GO:0009409","response to cold","1/459","45/18860",0.0222222222222222,0.913096102638586,-0.0921803514337811,0.670452061531384,0.670452061531384,0.808584127185928,"PRKAA1",1
"GO:0021587","cerebellum morphogenesis","1/459","45/18860",0.0222222222222222,0.913096102638586,-0.0921803514337811,0.670452061531384,0.670452061531384,0.808584127185928,"CBLN1",1
"GO:0030574","collagen catabolic process","1/459","45/18860",0.0222222222222222,0.913096102638586,-0.0921803514337811,0.670452061531384,0.670452061531384,0.808584127185928,"MMP16",1
"GO:0032210","regulation of telomere maintenance via telomerase","1/459","45/18860",0.0222222222222222,0.913096102638586,-0.0921803514337811,0.670452061531384,0.670452061531384,0.808584127185928,"PTGES3",1
"GO:0032814","regulation of natural killer cell activation","1/459","45/18860",0.0222222222222222,0.913096102638586,-0.0921803514337811,0.670452061531384,0.670452061531384,0.808584127185928,"MICA",1
"GO:0035337","fatty-acyl-CoA metabolic process","1/459","45/18860",0.0222222222222222,0.913096102638586,-0.0921803514337811,0.670452061531384,0.670452061531384,0.808584127185928,"THEM5",1
"GO:0042092","type 2 immune response","1/459","45/18860",0.0222222222222222,0.913096102638586,-0.0921803514337811,0.670452061531384,0.670452061531384,0.808584127185928,"MYB",1
"GO:0042417","dopamine metabolic process","1/459","45/18860",0.0222222222222222,0.913096102638586,-0.0921803514337811,0.670452061531384,0.670452061531384,0.808584127185928,"GRIN2A",1
"GO:0043403","skeletal muscle tissue regeneration","1/459","45/18860",0.0222222222222222,0.913096102638586,-0.0921803514337811,0.670452061531384,0.670452061531384,0.808584127185928,"HOPX",1
"GO:0044060","regulation of endocrine process","1/459","45/18860",0.0222222222222222,0.913096102638586,-0.0921803514337811,0.670452061531384,0.670452061531384,0.808584127185928,"CRHBP",1
"GO:0045494","photoreceptor cell maintenance","1/459","45/18860",0.0222222222222222,0.913096102638586,-0.0921803514337811,0.670452061531384,0.670452061531384,0.808584127185928,"CDHR1",1
"GO:0045738","negative regulation of DNA repair","1/459","45/18860",0.0222222222222222,0.913096102638586,-0.0921803514337811,0.670452061531384,0.670452061531384,0.808584127185928,"RECQL5",1
"GO:0060338","regulation of type I interferon-mediated signaling pathway","1/459","45/18860",0.0222222222222222,0.913096102638586,-0.0921803514337811,0.670452061531384,0.670452061531384,0.808584127185928,"OAS1",1
"GO:1902622","regulation of neutrophil migration","1/459","45/18860",0.0222222222222222,0.913096102638586,-0.0921803514337811,0.670452061531384,0.670452061531384,0.808584127185928,"LBP",1
"GO:1904407","positive regulation of nitric oxide metabolic process","1/459","45/18860",0.0222222222222222,0.913096102638586,-0.0921803514337811,0.670452061531384,0.670452061531384,0.808584127185928,"TMEM106A",1
"GO:1990000","amyloid fibril formation","1/459","45/18860",0.0222222222222222,0.913096102638586,-0.0921803514337811,0.670452061531384,0.670452061531384,0.808584127185928,"MDM2",1
"GO:0030968","endoplasmic reticulum unfolded protein response","2/459","94/18860",0.0212765957446809,0.874240949334817,-0.193046655280098,0.670719971203003,0.670719971203003,0.808584127185928,"SERP2/BCL2L11",2
"GO:0034243","regulation of transcription elongation by RNA polymerase II","2/459","94/18860",0.0212765957446809,0.874240949334817,-0.193046655280098,0.670719971203003,0.670719971203003,0.808584127185928,"MED20/RECQL5",2
"GO:0048145","regulation of fibroblast proliferation","2/459","94/18860",0.0212765957446809,0.874240949334817,-0.193046655280098,0.670719971203003,0.670719971203003,0.808584127185928,"PDGFB/MYB",2
"GO:0048704","embryonic skeletal system morphogenesis","2/459","94/18860",0.0212765957446809,0.874240949334817,-0.193046655280098,0.670719971203003,0.670719971203003,0.808584127185928,"SHOX2/MMP16",2
"GO:0061458","reproductive system development","7/459","323/18860",0.021671826625387,0.890480719291501,-0.313557417852053,0.674271473725599,0.674271473725599,0.812606754288813,"UMODL1/ACE/BCL2/CDKN1C/FGF9/HYAL3/BCL2L11",7
"GO:0071478","cellular response to radiation","4/459","188/18860",0.0212765957446809,0.874240949334817,-0.273695537163258,0.674748422815253,0.674748422815253,0.812922662920234,"MDM2/BMF/BRCC3/HYAL3",4
"GO:0007498","mesoderm development","3/459","142/18860",0.0211267605633803,0.86808432293105,-0.249204466506091,0.675325494581618,0.675325494581618,0.813100173491942,"TCF15/MIXL1/ETV2",3
"GO:0061982","meiosis I cell cycle process","3/459","142/18860",0.0211267605633803,0.86808432293105,-0.249204466506091,0.675325494581618,0.675325494581618,0.813100173491942,"TDRD9/HORMAD1/BCL2L11",3
"GO:0071347","cellular response to interleukin-1","2/459","95/18860",0.0210526315789474,0.865038413026029,-0.208277643335486,0.676362185020052,0.676362185020052,0.813289442710955,"HYAL3/ADAMTS7",2
"GO:0002701","negative regulation of production of molecular mediator of immune response","1/459","46/18860",0.0217391304347826,0.893246187363834,-0.114489774728366,0.67849152492533,0.67849152492533,0.813289442710955,"ANGPT1",1
"GO:0009225","nucleotide-sugar metabolic process","1/459","46/18860",0.0217391304347826,0.893246187363834,-0.114489774728366,0.67849152492533,0.67849152492533,0.813289442710955,"CMAS",1
"GO:0030201","heparan sulfate proteoglycan metabolic process","1/459","46/18860",0.0217391304347826,0.893246187363834,-0.114489774728366,0.67849152492533,0.67849152492533,0.813289442710955,"TCF7L2",1
"GO:0032790","ribosome disassembly","1/459","46/18860",0.0217391304347826,0.893246187363834,-0.114489774728366,0.67849152492533,0.67849152492533,0.813289442710955,"HBS1L",1
"GO:0034314","Arp2/3 complex-mediated actin nucleation","1/459","46/18860",0.0217391304347826,0.893246187363834,-0.114489774728366,0.67849152492533,0.67849152492533,0.813289442710955,"HIP1R",1
"GO:0043300","regulation of leukocyte degranulation","1/459","46/18860",0.0217391304347826,0.893246187363834,-0.114489774728366,0.67849152492533,0.67849152492533,0.813289442710955,"GAB2",1
"GO:0050919","negative chemotaxis","1/459","46/18860",0.0217391304347826,0.893246187363834,-0.114489774728366,0.67849152492533,0.67849152492533,0.813289442710955,"NRG1",1
"GO:0071354","cellular response to interleukin-6","1/459","46/18860",0.0217391304347826,0.893246187363834,-0.114489774728366,0.67849152492533,0.67849152492533,0.813289442710955,"MYB",1
"GO:0099054","presynapse assembly","1/459","46/18860",0.0217391304347826,0.893246187363834,-0.114489774728366,0.67849152492533,0.67849152492533,0.813289442710955,"CBLN1",1
"GO:0150052","regulation of postsynapse assembly","1/459","46/18860",0.0217391304347826,0.893246187363834,-0.114489774728366,0.67849152492533,0.67849152492533,0.813289442710955,"CPEB3",1
"GO:0150077","regulation of neuroinflammatory response","1/459","46/18860",0.0217391304347826,0.893246187363834,-0.114489774728366,0.67849152492533,0.67849152492533,0.813289442710955,"CALHM2",1
"GO:1903214","regulation of protein targeting to mitochondrion","1/459","46/18860",0.0217391304347826,0.893246187363834,-0.114489774728366,0.67849152492533,0.67849152492533,0.813289442710955,"PRKAA1",1
"GO:1905168","positive regulation of double-strand break repair via homologous recombination","1/459","46/18860",0.0217391304347826,0.893246187363834,-0.114489774728366,0.67849152492533,0.67849152492533,0.813289442710955,"ING3",1
"GO:0048593","camera-type eye morphogenesis","3/459","143/18860",0.020979020979021,0.862013803190274,-0.261595641389837,0.679923506552542,0.679923506552542,0.814747843757337,"MAN2A1/VSX1/RORB",3
"GO:0071674","mononuclear cell migration","5/459","235/18860",0.0212765957446809,0.874240949334817,-0.306386764959602,0.680281120938979,0.680281120938979,0.814918321845897,"PDGFB/LRCH1/S1PR1/CDC42/MIA3",5
"GO:0008306","associative learning","2/459","96/18860",0.0208333333333333,0.856027596223675,-0.223355741351055,0.68192555095337,0.68192555095337,0.816227903065491,"GRIN2A/ABCC8",2
"GO:0097194","execution phase of apoptosis","2/459","96/18860",0.0208333333333333,0.856027596223675,-0.223355741351055,0.68192555095337,0.68192555095337,0.816227903065491,"XIAP/ACVR1C",2
"GO:0031929","TOR signaling","4/459","190/18860",0.0210526315789474,0.865038413026029,-0.295297505431652,0.682761119452613,0.682761119452613,0.816227903065491,"AKT1S1/ATXN3L/PRKAA1/ARAF",4
"GO:0006282","regulation of DNA repair","5/459","236/18860",0.0211864406779661,0.87053653853255,-0.316090683037961,0.683867248035187,0.683867248035187,0.816227903065491,"UCHL5/INO80C/BRCC3/RECQL5/ING3",5
"GO:0007163","establishment or maintenance of cell polarity","5/459","236/18860",0.0211864406779661,0.87053653853255,-0.316090683037961,0.683867248035187,0.683867248035187,0.816227903065491,"TCF15/MYH9/CDC42/PRICKLE1/CCDC66",5
"GO:0002832","negative regulation of response to biotic stimulus","3/459","144/18860",0.0208333333333333,0.856027596223675,-0.273904359045714,0.68447312879604,0.68447312879604,0.816227903065491,"PRKAA1/OAS1/MICA",3
"GO:0090288","negative regulation of cellular response to growth factor stimulus","3/459","144/18860",0.0208333333333333,0.856027596223675,-0.273904359045714,0.68447312879604,0.68447312879604,0.816227903065491,"HTRA3/ANGPT1/ATP2B4",3
"GO:0001504","neurotransmitter uptake","1/459","47/18860",0.0212765957446809,0.874240949334817,-0.136333979562841,0.686335279047753,0.686335279047753,0.816227903065491,"SLC38A1",1
"GO:0001990","regulation of systemic arterial blood pressure by hormone","1/459","47/18860",0.0212765957446809,0.874240949334817,-0.136333979562841,0.686335279047753,0.686335279047753,0.816227903065491,"ACE",1
"GO:0006862","nucleotide transport","1/459","47/18860",0.0212765957446809,0.874240949334817,-0.136333979562841,0.686335279047753,0.686335279047753,0.816227903065491,"CALHM2",1
"GO:0008089","anterograde axonal transport","1/459","47/18860",0.0212765957446809,0.874240949334817,-0.136333979562841,0.686335279047753,0.686335279047753,0.816227903065491,"AGBL4",1
"GO:0030890","positive regulation of B cell proliferation","1/459","47/18860",0.0212765957446809,0.874240949334817,-0.136333979562841,0.686335279047753,0.686335279047753,0.816227903065491,"BCL2",1
"GO:0043330","response to exogenous dsRNA","1/459","47/18860",0.0212765957446809,0.874240949334817,-0.136333979562841,0.686335279047753,0.686335279047753,0.816227903065491,"OAS1",1
"GO:0043457","regulation of cellular respiration","1/459","47/18860",0.0212765957446809,0.874240949334817,-0.136333979562841,0.686335279047753,0.686335279047753,0.816227903065491,"OAS1",1
"GO:0045840","positive regulation of mitotic nuclear division","1/459","47/18860",0.0212765957446809,0.874240949334817,-0.136333979562841,0.686335279047753,0.686335279047753,0.816227903065491,"PDGFB",1
"GO:0046633","alpha-beta T cell proliferation","1/459","47/18860",0.0212765957446809,0.874240949334817,-0.136333979562841,0.686335279047753,0.686335279047753,0.816227903065491,"PRKCQ",1
"GO:0046850","regulation of bone remodeling","1/459","47/18860",0.0212765957446809,0.874240949334817,-0.136333979562841,0.686335279047753,0.686335279047753,0.816227903065491,"S1PR1",1
"GO:0051294","establishment of spindle orientation","1/459","47/18860",0.0212765957446809,0.874240949334817,-0.136333979562841,0.686335279047753,0.686335279047753,0.816227903065491,"CCDC66",1
"GO:0055078","sodium ion homeostasis","1/459","47/18860",0.0212765957446809,0.874240949334817,-0.136333979562841,0.686335279047753,0.686335279047753,0.816227903065491,"MLLT6",1
"GO:0090207","regulation of triglyceride metabolic process","1/459","47/18860",0.0212765957446809,0.874240949334817,-0.136333979562841,0.686335279047753,0.686335279047753,0.816227903065491,"APOH",1
"GO:0120178","steroid hormone biosynthetic process","1/459","47/18860",0.0212765957446809,0.874240949334817,-0.136333979562841,0.686335279047753,0.686335279047753,0.816227903065491,"SCP2",1
"GO:0141161","regulation of cAMP/PKA signal transduction","1/459","47/18860",0.0212765957446809,0.874240949334817,-0.136333979562841,0.686335279047753,0.686335279047753,0.816227903065491,"PRKAR1B",1
"GO:1990776","response to angiotensin","1/459","47/18860",0.0212765957446809,0.874240949334817,-0.136333979562841,0.686335279047753,0.686335279047753,0.816227903065491,"ACE",1
"GO:0034764","positive regulation of transmembrane transport","4/459","191/18860",0.0209424083769634,0.860509416099191,-0.306017320650126,0.686715319388973,0.686715319388973,0.816423292558611,"AKAP5/KCNH2/WNK2/F2",4
"GO:0009791","post-embryonic development","2/459","97/18860",0.0206185567010309,0.847202569458482,-0.238284470490232,0.687410555751787,0.687410555751787,0.816736659647253,"BCL2/BCL2L11",2
"GO:0045666","positive regulation of neuron differentiation","2/459","97/18860",0.0206185567010309,0.847202569458482,-0.238284470490232,0.687410555751787,0.687410555751787,0.816736659647253,"NRCAM/SH3GL3",2
"GO:0001657","ureteric bud development","2/459","98/18860",0.0204081632653061,0.838557645280334,-0.253067232499894,0.69281770917567,0.69281770917567,0.818895226052765,"BCL2/RARB",2
"GO:0002534","cytokine production involved in inflammatory response","2/459","98/18860",0.0204081632653061,0.838557645280334,-0.253067232499894,0.69281770917567,0.69281770917567,0.818895226052765,"HMOX1/F2",2
"GO:0019319","hexose biosynthetic process","2/459","98/18860",0.0204081632653061,0.838557645280334,-0.253067232499894,0.69281770917567,0.69281770917567,0.818895226052765,"TCF7L2/SORD",2
"GO:0021954","central nervous system neuron development","2/459","98/18860",0.0204081632653061,0.838557645280334,-0.253067232499894,0.69281770917567,0.69281770917567,0.818895226052765,"GABRB1/AGBL4",2
"GO:0031503","protein-containing complex localization","2/459","98/18860",0.0204081632653061,0.838557645280334,-0.253067232499894,0.69281770917567,0.69281770917567,0.818895226052765,"VAMP4/LMNB1",2
"GO:0060993","kidney morphogenesis","2/459","98/18860",0.0204081632653061,0.838557645280334,-0.253067232499894,0.69281770917567,0.69281770917567,0.818895226052765,"BCL2/FRAS1",2
"GO:1900015","regulation of cytokine production involved in inflammatory response","2/459","98/18860",0.0204081632653061,0.838557645280334,-0.253067232499894,0.69281770917567,0.69281770917567,0.818895226052765,"HMOX1/F2",2
"GO:1990868","response to chemokine","2/459","98/18860",0.0204081632653061,0.838557645280334,-0.253067232499894,0.69281770917567,0.69281770917567,0.818895226052765,"LRCH1/CCL18",2
"GO:1990869","cellular response to chemokine","2/459","98/18860",0.0204081632653061,0.838557645280334,-0.253067232499894,0.69281770917567,0.69281770917567,0.818895226052765,"LRCH1/CCL18",2
"GO:0050868","negative regulation of T cell activation","3/459","146/18860",0.0205479452054795,0.844301190795953,-0.298279472751642,0.693427458594777,0.693427458594777,0.818895226052765,"DAPL1/PRKAA1/FGL1",3
"GO:0001662","behavioral fear response","1/459","48/18860",0.0208333333333333,0.856027596223675,-0.157734738359836,0.693988078012144,0.693988078012144,0.818895226052765,"BCL2",1
"GO:0001774","microglial cell activation","1/459","48/18860",0.0208333333333333,0.856027596223675,-0.157734738359836,0.693988078012144,0.693988078012144,0.818895226052765,"CALHM2",1
"GO:0006356","regulation of transcription by RNA polymerase I","1/459","48/18860",0.0208333333333333,0.856027596223675,-0.157734738359836,0.693988078012144,0.693988078012144,0.818895226052765,"SMARCA5",1
"GO:0007020","microtubule nucleation","1/459","48/18860",0.0208333333333333,0.856027596223675,-0.157734738359836,0.693988078012144,0.693988078012144,0.818895226052765,"CCDC66",1
"GO:0021575","hindbrain morphogenesis","1/459","48/18860",0.0208333333333333,0.856027596223675,-0.157734738359836,0.693988078012144,0.693988078012144,0.818895226052765,"CBLN1",1
"GO:0031641","regulation of myelination","1/459","48/18860",0.0208333333333333,0.856027596223675,-0.157734738359836,0.693988078012144,0.693988078012144,0.818895226052765,"RARB",1
"GO:0042398","modified amino acid biosynthetic process","1/459","48/18860",0.0208333333333333,0.856027596223675,-0.157734738359836,0.693988078012144,0.693988078012144,0.818895226052765,"CHAC1",1
"GO:0042771","intrinsic apoptotic signaling pathway in response to DNA damage by p53 class mediator","1/459","48/18860",0.0208333333333333,0.856027596223675,-0.157734738359836,0.693988078012144,0.693988078012144,0.818895226052765,"BCL2",1
"GO:0042789","mRNA transcription by RNA polymerase II","1/459","48/18860",0.0208333333333333,0.856027596223675,-0.157734738359836,0.693988078012144,0.693988078012144,0.818895226052765,"TAF4B",1
"GO:0120163","negative regulation of cold-induced thermogenesis","1/459","48/18860",0.0208333333333333,0.856027596223675,-0.157734738359836,0.693988078012144,0.693988078012144,0.818895226052765,"RBPJ",1
"GO:0140894","endolysosomal toll-like receptor signaling pathway","1/459","48/18860",0.0208333333333333,0.856027596223675,-0.157734738359836,0.693988078012144,0.693988078012144,0.818895226052765,"OAS1",1
"GO:1901976","regulation of cell cycle checkpoint","1/459","48/18860",0.0208333333333333,0.856027596223675,-0.157734738359836,0.693988078012144,0.693988078012144,0.818895226052765,"BRCC3",1
"GO:1901991","negative regulation of mitotic cell cycle phase transition","4/459","193/18860",0.0207253886010363,0.851592220077438,-0.327297749805699,0.694519266203793,0.694519266203793,0.819043835034427,"BCL2/CDK1/BRCC3/ZFP36L2",4
"GO:0030900","forebrain development","9/459","419/18860",0.0214797136038186,0.882586924984791,-0.383862953204161,0.694546893823144,0.694546893823144,0.819043835034427,"CNTNAP2/UCHL5/RBPJ/SYNE2/WDR89/RTN4RL1/TMEM14B/RARB/ATP2B4",9
"GO:0007266","Rho protein signal transduction","3/459","147/18860",0.0204081632653061,0.838557645280334,-0.310348322509832,0.697832330526722,0.697832330526722,0.820034517240254,"MCF2L/MYOC/ARHGEF16",3
"GO:0051783","regulation of nuclear division","3/459","147/18860",0.0204081632653061,0.838557645280334,-0.310348322509832,0.697832330526722,0.697832330526722,0.820034517240254,"PDGFB/CDC42/HORMAD1",3
"GO:0017148","negative regulation of translation","5/459","240/18860",0.0208333333333333,0.856027596223675,-0.35451939429139,0.697940249946327,0.697940249946327,0.820034517240254,"AKT1S1/CPEB3/TRIM71/DAPL1/PRKAA1",5
"GO:0007044","cell-substrate junction assembly","2/459","99/18860",0.0202020202020202,0.830087366035078,-0.267707314983238,0.698147542593935,0.698147542593935,0.820034517240254,"BCL2/MYOC",2
"GO:0010657","muscle cell apoptotic process","2/459","99/18860",0.0202020202020202,0.830087366035078,-0.267707314983238,0.698147542593935,0.698147542593935,0.820034517240254,"NRG1/APOH",2
"GO:0051348","negative regulation of transferase activity","2/459","99/18860",0.0202020202020202,0.830087366035078,-0.267707314983238,0.698147542593935,0.698147542593935,0.820034517240254,"AKT1S1/CDKN1C",2
"GO:0072163","mesonephric epithelium development","2/459","99/18860",0.0202020202020202,0.830087366035078,-0.267707314983238,0.698147542593935,0.698147542593935,0.820034517240254,"BCL2/RARB",2
"GO:0072164","mesonephric tubule development","2/459","99/18860",0.0202020202020202,0.830087366035078,-0.267707314983238,0.698147542593935,0.698147542593935,0.820034517240254,"BCL2/RARB",2
"GO:0046034","ATP metabolic process","5/459","241/18860",0.020746887966805,0.852475614496605,-0.364031629747547,0.701390388146251,0.701390388146251,0.820034517240254,"SLC4A4/ENPP3/PRKAA1/MYH6/PGAM4",5
"GO:0002209","behavioral defense response","1/459","49/18860",0.0204081632653061,0.838557645280334,-0.178712340265425,0.701454560693009,0.701454560693009,0.820034517240254,"BCL2",1
"GO:0002673","regulation of acute inflammatory response","1/459","49/18860",0.0204081632653061,0.838557645280334,-0.178712340265425,0.701454560693009,0.701454560693009,0.820034517240254,"C2CD4B",1
"GO:0002861","regulation of inflammatory response to antigenic stimulus","1/459","49/18860",0.0204081632653061,0.838557645280334,-0.178712340265425,0.701454560693009,0.701454560693009,0.820034517240254,"GNAS",1
"GO:0010883","regulation of lipid storage","1/459","49/18860",0.0204081632653061,0.838557645280334,-0.178712340265425,0.701454560693009,0.701454560693009,0.820034517240254,"FTO",1
"GO:0014003","oligodendrocyte development","1/459","49/18860",0.0204081632653061,0.838557645280334,-0.178712340265425,0.701454560693009,0.701454560693009,0.820034517240254,"CNTN1",1
"GO:0019098","reproductive behavior","1/459","49/18860",0.0204081632653061,0.838557645280334,-0.178712340265425,0.701454560693009,0.701454560693009,0.820034517240254,"GABRB3",1
"GO:0032435","negative regulation of proteasomal ubiquitin-dependent protein catabolic process","1/459","49/18860",0.0204081632653061,0.838557645280334,-0.178712340265425,0.701454560693009,0.701454560693009,0.820034517240254,"UCHL5",1
"GO:0032620","interleukin-17 production","1/459","49/18860",0.0204081632653061,0.838557645280334,-0.178712340265425,0.701454560693009,0.701454560693009,0.820034517240254,"PRKCQ",1
"GO:0032660","regulation of interleukin-17 production","1/459","49/18860",0.0204081632653061,0.838557645280334,-0.178712340265425,0.701454560693009,0.701454560693009,0.820034517240254,"PRKCQ",1
"GO:0033120","positive regulation of RNA splicing","1/459","49/18860",0.0204081632653061,0.838557645280334,-0.178712340265425,0.701454560693009,0.701454560693009,0.820034517240254,"DAZAP1",1
"GO:0033628","regulation of cell adhesion mediated by integrin","1/459","49/18860",0.0204081632653061,0.838557645280334,-0.178712340265425,0.701454560693009,0.701454560693009,0.820034517240254,"PODXL",1
"GO:0048512","circadian behavior","1/459","49/18860",0.0204081632653061,0.838557645280334,-0.178712340265425,0.701454560693009,0.701454560693009,0.820034517240254,"GABRB3",1
"GO:0060976","coronary vasculature development","1/459","49/18860",0.0204081632653061,0.838557645280334,-0.178712340265425,0.701454560693009,0.701454560693009,0.820034517240254,"PRICKLE1",1
"GO:0097028","dendritic cell differentiation","1/459","49/18860",0.0204081632653061,0.838557645280334,-0.178712340265425,0.701454560693009,0.701454560693009,0.820034517240254,"RBPJ",1
"GO:1902175","regulation of oxidative stress-induced intrinsic apoptotic signaling pathway","1/459","49/18860",0.0204081632653061,0.838557645280334,-0.178712340265425,0.701454560693009,0.701454560693009,0.820034517240254,"CA3",1
"GO:1903587","regulation of blood vessel endothelial cell proliferation involved in sprouting angiogenesis","1/459","49/18860",0.0204081632653061,0.838557645280334,-0.178712340265425,0.701454560693009,0.701454560693009,0.820034517240254,"HMOX1",1
"GO:1905145","cellular response to acetylcholine","1/459","49/18860",0.0204081632653061,0.838557645280334,-0.178712340265425,0.701454560693009,0.701454560693009,0.820034517240254,"ATP2B4",1
"GO:1905314","semi-lunar valve development","1/459","49/18860",0.0204081632653061,0.838557645280334,-0.178712340265425,0.701454560693009,0.701454560693009,0.820034517240254,"RBPJ",1
"GO:2000516","positive regulation of CD4-positive, alpha-beta T cell activation","1/459","49/18860",0.0204081632653061,0.838557645280334,-0.178712340265425,0.701454560693009,0.701454560693009,0.820034517240254,"PRKCQ",1
"GO:0000724","double-strand break repair via homologous recombination","4/459","195/18860",0.0205128205128205,0.842857940897157,-0.348369967898989,0.702183845003676,0.702183845003676,0.820127005454261,"MCM5/MCM7/RECQL5/ING3",4
"GO:0001837","epithelial to mesenchymal transition","4/459","195/18860",0.0205128205128205,0.842857940897157,-0.348369967898989,0.702183845003676,0.702183845003676,0.820127005454261,"TCF7L2/WNT8A/RBPJ/GCNT2",4
"GO:0019827","stem cell population maintenance","4/459","195/18860",0.0205128205128205,0.842857940897157,-0.348369967898989,0.702183845003676,0.702183845003676,0.820127005454261,"TCF15/RBPJ/KDM4C/ZFP36L2",4
"GO:0009141","nucleoside triphosphate metabolic process","6/459","287/18860",0.0209059233449477,0.859010270774977,-0.380130183971482,0.702428189631522,0.702428189631522,0.82015925615074,"SLC4A4/ENPP3/SMPDL3A/PRKAA1/MYH6/PGAM4",6
"GO:0046364","monosaccharide biosynthetic process","2/459","100/18860",0.02,0.821786492374728,-0.28220789638784,0.703400607635454,0.703400607635454,0.821041327461754,"TCF7L2/SORD",2
"GO:0010721","negative regulation of cell development","6/459","288/18860",0.0208333333333333,0.856027596223675,-0.38885807550244,0.705572571904939,0.705572571904939,0.822957515666802,"BCL11A/TRIM11/MCF2/MT3/F2/ABCC8",6
"GO:0009267","cellular response to starvation","4/459","196/18860",0.0204081632653061,0.838557645280334,-0.358829480620401,0.705963869298945,0.705963869298945,0.822957515666802,"PMAIP1/BCL2/PRKAA1/UPP1",4
"GO:0072331","signal transduction by p53 class mediator","4/459","196/18860",0.0204081632653061,0.838557645280334,-0.358829480620401,0.705963869298945,0.705963869298945,0.822957515666802,"MDM2/PMAIP1/BCL2/GML",4
"GO:1901987","regulation of cell cycle phase transition","10/459","468/18860",0.0213675213675214,0.877977021767872,-0.422177446171663,0.706238115685421,0.706238115685421,0.822957515666802,"ANKRD17/MDM2/BCL2/CDKN1C/CDK1/BRCC3/TMEM14B/HORMAD1/ZFP36L2/ATP2B4",10
"GO:0010565","regulation of ketone metabolic process","3/459","149/18860",0.0201342281879195,0.827301837961135,-0.33425453690458,0.706498005554574,0.706498005554574,0.822957515666802,"TPK1/ERLIN2/PDK1",3
"GO:0006302","double-strand break repair","7/459","334/18860",0.0209580838323353,0.861153509973517,-0.404354489482005,0.707426521582652,0.707426521582652,0.822957515666802,"MCM5/IFFO1/MCM7/BRCC3/RECQL5/CDCA5/ING3",7
"GO:0002920","regulation of humoral immune response","1/459","50/18860",0.02,0.821786492374728,-0.199285721302553,0.708739253513269,0.708739253513269,0.822957515666802,"KLK3",1
"GO:0006693","prostaglandin metabolic process","1/459","50/18860",0.02,0.821786492374728,-0.199285721302553,0.708739253513269,0.708739253513269,0.822957515666802,"PTGES3",1
"GO:0010634","positive regulation of epithelial cell migration","1/459","50/18860",0.02,0.821786492374728,-0.199285721302553,0.708739253513269,0.708739253513269,0.822957515666802,"ENPP2",1
"GO:0019674","NAD+ metabolic process","1/459","50/18860",0.02,0.821786492374728,-0.199285721302553,0.708739253513269,0.708739253513269,0.822957515666802,"HAAO",1
"GO:0032365","intracellular lipid transport","1/459","50/18860",0.02,0.821786492374728,-0.199285721302553,0.708739253513269,0.708739253513269,0.822957515666802,"SCP2",1
"GO:0032480","negative regulation of type I interferon production","1/459","50/18860",0.02,0.821786492374728,-0.199285721302553,0.708739253513269,0.708739253513269,0.822957515666802,"XIAP",1
"GO:0045747","positive regulation of Notch signaling pathway","1/459","50/18860",0.02,0.821786492374728,-0.199285721302553,0.708739253513269,0.708739253513269,0.822957515666802,"TSPAN14",1
"GO:0046636","negative regulation of alpha-beta T cell activation","1/459","50/18860",0.02,0.821786492374728,-0.199285721302553,0.708739253513269,0.708739253513269,0.822957515666802,"DAPL1",1
"GO:0070741","response to interleukin-6","1/459","50/18860",0.02,0.821786492374728,-0.199285721302553,0.708739253513269,0.708739253513269,0.822957515666802,"MYB",1
"GO:0071763","nuclear membrane organization","1/459","50/18860",0.02,0.821786492374728,-0.199285721302553,0.708739253513269,0.708739253513269,0.822957515666802,"CDK1",1
"GO:1904894","positive regulation of receptor signaling pathway via STAT","1/459","50/18860",0.02,0.821786492374728,-0.199285721302553,0.708739253513269,0.708739253513269,0.822957515666802,"F2",1
"GO:0048771","tissue remodeling","4/459","197/18860",0.0203045685279188,0.834301007487033,-0.369238699980433,0.709709066788928,0.709709066788928,0.823830834713011,"MDM2/S1PR1/RBPJ/ACE",4
"GO:0007098","centrosome cycle","3/459","150/18860",0.02,0.821786492374728,-0.346094194434502,0.710759055911622,0.710759055911622,0.824796657790565,"CETN2/CDK1/CEP44",3
"GO:0045930","negative regulation of mitotic cell cycle","5/459","244/18860",0.0204918032786885,0.841994356941319,-0.39234605134896,0.711576807627942,0.711576807627942,0.825385172881089,"BCL2/CDKN1C/CDK1/BRCC3/ZFP36L2",5
"GO:0045333","cellular respiration","7/459","336/18860",0.0208333333333333,0.856027596223675,-0.420558551910028,0.713207904392235,0.713207904392235,0.825385172881089,"TPK1/SLC4A4/CDK1/PDK1/PRKAA1/OAS1/PGAM4",7
"GO:0002042","cell migration involved in sprouting angiogenesis","2/459","102/18860",0.0196078431372549,0.805673031739929,-0.310802752051309,0.71367873267832,0.71367873267832,0.825385172881089,"HMOX1/MIA3",2
"GO:0010631","epithelial cell migration","2/459","102/18860",0.0196078431372549,0.805673031739929,-0.310802752051309,0.71367873267832,0.71367873267832,0.825385172881089,"PKN2/ENPP2",2
"GO:0046330","positive regulation of JNK cascade","2/459","102/18860",0.0196078431372549,0.805673031739929,-0.310802752051309,0.71367873267832,0.71367873267832,0.825385172881089,"XIAP/MYOC",2
"GO:0071229","cellular response to acid chemical","2/459","102/18860",0.0196078431372549,0.805673031739929,-0.310802752051309,0.71367873267832,0.71367873267832,0.825385172881089,"BCL11A/CPEB3",2
"GO:0120162","positive regulation of cold-induced thermogenesis","2/459","102/18860",0.0196078431372549,0.805673031739929,-0.310802752051309,0.71367873267832,0.71367873267832,0.825385172881089,"GNAS/MFAP2",2
"GO:0021953","central nervous system neuron differentiation","5/459","245/18860",0.0204081632653061,0.838557645280334,-0.401711223370497,0.714917552090512,0.714917552090512,0.825385172881089,"GABRB1/CBLN1/MDGA2/RORB/AGBL4",5
"GO:0065004","protein-DNA complex assembly","5/459","245/18860",0.0204081632653061,0.838557645280334,-0.401711223370497,0.714917552090512,0.714917552090512,0.825385172881089,"TAF1B/MED20/TAF4B/SPTY2D1/SMARCA5",5
"GO:0072073","kidney epithelium development","3/459","151/18860",0.0198675496688742,0.81634419772324,-0.357859705478266,0.714972434355954,0.714972434355954,0.825385172881089,"PODXL/BCL2/RARB",3
"GO:0120161","regulation of cold-induced thermogenesis","3/459","151/18860",0.0198675496688742,0.81634419772324,-0.357859705478266,0.714972434355954,0.714972434355954,0.825385172881089,"GNAS/MFAP2/RBPJ",3
"GO:0001881","receptor recycling","1/459","51/18860",0.0196078431372549,0.805673031739929,-0.219472580695423,0.71584657316438,0.71584657316438,0.825385172881089,"PEX12",1
"GO:0002269","leukocyte activation involved in inflammatory response","1/459","51/18860",0.0196078431372549,0.805673031739929,-0.219472580695423,0.71584657316438,0.71584657316438,0.825385172881089,"CALHM2",1
"GO:0007622","rhythmic behavior","1/459","51/18860",0.0196078431372549,0.805673031739929,-0.219472580695423,0.71584657316438,0.71584657316438,0.825385172881089,"GABRB3",1
"GO:0008206","bile acid metabolic process","1/459","51/18860",0.0196078431372549,0.805673031739929,-0.219472580695423,0.71584657316438,0.71584657316438,0.825385172881089,"SCP2",1
"GO:0010171","body morphogenesis","1/459","51/18860",0.0196078431372549,0.805673031739929,-0.219472580695423,0.71584657316438,0.71584657316438,0.825385172881089,"PRICKLE1",1
"GO:0042491","inner ear auditory receptor cell differentiation","1/459","51/18860",0.0196078431372549,0.805673031739929,-0.219472580695423,0.71584657316438,0.71584657316438,0.825385172881089,"RBPJ",1
"GO:0043368","positive T cell selection","1/459","51/18860",0.0196078431372549,0.805673031739929,-0.219472580695423,0.71584657316438,0.71584657316438,0.825385172881089,"BCL2",1
"GO:0045776","negative regulation of blood pressure","1/459","51/18860",0.0196078431372549,0.805673031739929,-0.219472580695423,0.71584657316438,0.71584657316438,0.825385172881089,"KCNK6",1
"GO:1903573","negative regulation of response to endoplasmic reticulum stress","1/459","51/18860",0.0196078431372549,0.805673031739929,-0.219472580695423,0.71584657316438,0.71584657316438,0.825385172881089,"LPCAT3",1
"GO:2000300","regulation of synaptic vesicle exocytosis","1/459","51/18860",0.0196078431372549,0.805673031739929,-0.219472580695423,0.71584657316438,0.71584657316438,0.825385172881089,"PPFIA2",1
"GO:0045664","regulation of neuron differentiation","4/459","199/18860",0.0201005025125628,0.82591607273842,-0.389908513337091,0.717095082210083,0.717095082210083,0.826572877998381,"NRCAM/BCL11A/BCL2/SH3GL3",4
"GO:0001823","mesonephros development","2/459","103/18860",0.0194174757281553,0.797850963470609,-0.324902878685559,0.718704985825642,0.718704985825642,0.8276722375767,"BCL2/RARB",2
"GO:0032755","positive regulation of interleukin-6 production","2/459","103/18860",0.0194174757281553,0.797850963470609,-0.324902878685559,0.718704985825642,0.718704985825642,0.8276722375767,"LBP/TMEM106A",2
"GO:0043648","dicarboxylic acid metabolic process","2/459","103/18860",0.0194174757281553,0.797850963470609,-0.324902878685559,0.718704985825642,0.718704985825642,0.8276722375767,"FTCD/HAAO",2
"GO:0006986","response to unfolded protein","3/459","152/18860",0.0197368421052632,0.810973512211902,-0.369552154611961,0.719138295852612,0.719138295852612,0.827919290855568,"SERP2/BCL2L11/CHAC1",3
"GO:0031396","regulation of protein ubiquitination","4/459","200/18860",0.02,0.821786492374728,-0.400170211328172,0.720735971095659,0.720735971095659,0.828333298972936,"XIAP/IVNS1ABP/ANGPT1/PRICKLE1",4
"GO:0098727","maintenance of cell number","4/459","200/18860",0.02,0.821786492374728,-0.400170211328172,0.720735971095659,0.720735971095659,0.828333298972936,"TCF15/RBPJ/KDM4C/ZFP36L2",4
"GO:0002455","humoral immune response mediated by circulating immunoglobulin","1/459","52/18860",0.0192307692307692,0.790179319591084,-0.239289485077884,0.722780829260799,0.722780829260799,0.828333298972936,"C6",1
"GO:0006692","prostanoid metabolic process","1/459","52/18860",0.0192307692307692,0.790179319591084,-0.239289485077884,0.722780829260799,0.722780829260799,0.828333298972936,"PTGES3",1
"GO:0006890","retrograde vesicle-mediated transport, Golgi to endoplasmic reticulum","1/459","52/18860",0.0192307692307692,0.790179319591084,-0.239289485077884,0.722780829260799,0.722780829260799,0.828333298972936,"ATP9A",1
"GO:0006968","cellular defense response","1/459","52/18860",0.0192307692307692,0.790179319591084,-0.239289485077884,0.722780829260799,0.722780829260799,0.828333298972936,"LBP",1
"GO:0010665","regulation of cardiac muscle cell apoptotic process","1/459","52/18860",0.0192307692307692,0.790179319591084,-0.239289485077884,0.722780829260799,0.722780829260799,0.828333298972936,"NRG1",1
"GO:0032506","cytokinetic process","1/459","52/18860",0.0192307692307692,0.790179319591084,-0.239289485077884,0.722780829260799,0.722780829260799,0.828333298972936,"MYH9",1
"GO:0045922","negative regulation of fatty acid metabolic process","1/459","52/18860",0.0192307692307692,0.790179319591084,-0.239289485077884,0.722780829260799,0.722780829260799,0.828333298972936,"ERLIN2",1
"GO:0089718","amino acid import across plasma membrane","1/459","52/18860",0.0192307692307692,0.790179319591084,-0.239289485077884,0.722780829260799,0.722780829260799,0.828333298972936,"SLC38A1",1
"GO:0140353","lipid export from cell","1/459","52/18860",0.0192307692307692,0.790179319591084,-0.239289485077884,0.722780829260799,0.722780829260799,0.828333298972936,"MYB",1
"GO:1903747","regulation of establishment of protein localization to mitochondrion","1/459","52/18860",0.0192307692307692,0.790179319591084,-0.239289485077884,0.722780829260799,0.722780829260799,0.828333298972936,"PRKAA1",1
"GO:2000404","regulation of T cell migration","1/459","52/18860",0.0192307692307692,0.790179319591084,-0.239289485077884,0.722780829260799,0.722780829260799,0.828333298972936,"LRCH1",1
"GO:0009581","detection of external stimulus","3/459","153/18860",0.0196078431372549,0.805673031739929,-0.381172602929213,0.723256807082611,0.723256807082611,0.828333298972936,"PDC/TTN/CCDC66",3
"GO:0030832","regulation of actin filament length","3/459","153/18860",0.0196078431372549,0.805673031739929,-0.381172602929213,0.723256807082611,0.723256807082611,0.828333298972936,"HIP1R/SSH1/NEB",3
"GO:0009062","fatty acid catabolic process","2/459","104/18860",0.0192307692307692,0.790179319591084,-0.338875217246219,0.723656854543616,0.723656854543616,0.828333298972936,"AIG1/SCP2",2
"GO:0032784","regulation of DNA-templated transcription elongation","2/459","104/18860",0.0192307692307692,0.790179319591084,-0.338875217246219,0.723656854543616,0.723656854543616,0.828333298972936,"MED20/RECQL5",2
"GO:0045824","negative regulation of innate immune response","2/459","104/18860",0.0192307692307692,0.790179319591084,-0.338875217246219,0.723656854543616,0.723656854543616,0.828333298972936,"OAS1/MICA",2
"GO:0061326","renal tubule development","2/459","104/18860",0.0192307692307692,0.790179319591084,-0.338875217246219,0.723656854543616,0.723656854543616,0.828333298972936,"BCL2/PRICKLE1",2
"GO:0000725","recombinational repair","4/459","201/18860",0.0199004975124378,0.817698002362913,-0.410383824352539,0.724342174661576,0.724342174661576,0.828366056817409,"MCM5/MCM7/RECQL5/ING3",4
"GO:0016051","carbohydrate biosynthetic process","4/459","201/18860",0.0199004975124378,0.817698002362913,-0.410383824352539,0.724342174661576,0.724342174661576,0.828366056817409,"TCF7L2/PDGFB/SORD/EPM2AIP1",4
"GO:0021543","pallium development","4/459","201/18860",0.0199004975124378,0.817698002362913,-0.410383824352539,0.724342174661576,0.724342174661576,0.828366056817409,"CNTNAP2/SYNE2/TMEM14B/ATP2B4",4
"GO:0006493","protein O-linked glycosylation","3/459","154/18860",0.0194805194805195,0.800441388676683,-0.392722088706167,0.727328146002803,0.727328146002803,0.831151557069082,"TCF7L2/GALNT1/ANGPT1",3
"GO:0106106","cold-induced thermogenesis","3/459","154/18860",0.0194805194805195,0.800441388676683,-0.392722088706167,0.727328146002803,0.727328146002803,0.831151557069082,"GNAS/MFAP2/RBPJ",3
"GO:0070085","glycosylation","4/459","202/18860",0.0198019801980198,0.813649992450225,-0.420549881944981,0.727913747962651,0.727913747962651,0.831151557069082,"MAN2A1/GALNT1/GCNT2/CMAS",4
"GO:0045089","positive regulation of innate immune response","9/459","432/18860",0.0208333333333333,0.856027596223675,-0.47810907564033,0.728007071644351,0.728007071644351,0.831151557069082,"ANKRD17/LBP/CASR/XIAP/TRIM11/KCNK6/SMPDL3A/BRCC3/OAS1",9
"GO:0016079","synaptic vesicle exocytosis","2/459","105/18860",0.019047619047619,0.782653802261645,-0.352722466452167,0.728534973312445,0.728534973312445,0.831151557069082,"PPFIA2/UNC13B",2
"GO:0035282","segmentation","2/459","105/18860",0.019047619047619,0.782653802261645,-0.352722466452167,0.728534973312445,0.728534973312445,0.831151557069082,"TCF15/RBPJ",2
"GO:0050886","endocrine process","2/459","105/18860",0.019047619047619,0.782653802261645,-0.352722466452167,0.728534973312445,0.728534973312445,0.831151557069082,"CRHBP/ACE",2
"GO:0090132","epithelium migration","2/459","105/18860",0.019047619047619,0.782653802261645,-0.352722466452167,0.728534973312445,0.728534973312445,0.831151557069082,"PKN2/ENPP2",2
"GO:0021515","cell differentiation in spinal cord","1/459","53/18860",0.0188679245283019,0.775270275825215,-0.258751962057762,0.72954622693037,0.72954622693037,0.831302773677771,"MDGA2",1
"GO:0021795","cerebral cortex cell migration","1/459","53/18860",0.0188679245283019,0.775270275825215,-0.258751962057762,0.72954622693037,0.72954622693037,0.831302773677771,"SYNE2",1
"GO:0071622","regulation of granulocyte chemotaxis","1/459","53/18860",0.0188679245283019,0.775270275825215,-0.258751962057762,0.72954622693037,0.72954622693037,0.831302773677771,"LBP",1
"GO:1905144","response to acetylcholine","1/459","53/18860",0.0188679245283019,0.775270275825215,-0.258751962057762,0.72954622693037,0.72954622693037,0.831302773677771,"ATP2B4",1
"GO:0009582","detection of abiotic stimulus","3/459","155/18860",0.0193548387096774,0.79527725068522,-0.404201628043324,0.731352501414801,0.731352501414801,0.83272071026498,"PDC/TTN/CCDC66",3
"GO:0016331","morphogenesis of embryonic epithelium","3/459","155/18860",0.0193548387096774,0.79527725068522,-0.404201628043324,0.731352501414801,0.731352501414801,0.83272071026498,"PRICKLE1/MTHFR/TRIM71",3
"GO:0002040","sprouting angiogenesis","4/459","203/18860",0.0197044334975369,0.809641864408599,-0.430668905001809,0.731450753511753,0.731450753511753,0.83272071026498,"VSTM4/HMOX1/ANGPT1/MIA3",4
"GO:0141188","nucleic acid catabolic process","10/459","479/18860",0.0208768267223382,0.857814710203265,-0.497832009134046,0.73275464095671,0.73275464095671,0.833553181292371,"SLFN12/CPEB3/DND1/GSPT2/HBS1L/TRIM71/SMG1/ZFP36L2/FTO/SUPV3L1",10
"GO:0007548","sex differentiation","6/459","297/18860",0.0202020202020202,0.830087366035078,-0.466149019437315,0.732856621182116,0.732856621182116,0.833553181292371,"UMODL1/ACE/BCL2/FGF9/HYAL3/BCL2L11",6
"GO:0009060","aerobic respiration","6/459","297/18860",0.0202020202020202,0.830087366035078,-0.466149019437315,0.732856621182116,0.732856621182116,0.833553181292371,"TPK1/SLC4A4/CDK1/PDK1/PRKAA1/PGAM4",6
"GO:0034620","cellular response to unfolded protein","2/459","106/18860",0.0188679245283019,0.775270275825215,-0.366447240741609,0.733339989825664,0.733339989825664,0.833553181292371,"SERP2/BCL2L11",2
"GO:0046889","positive regulation of lipid biosynthetic process","2/459","106/18860",0.0188679245283019,0.775270275825215,-0.366447240741609,0.733339989825664,0.733339989825664,0.833553181292371,"ENPP7/PRKAA1",2
"GO:0006909","phagocytosis","5/459","251/18860",0.0199203187250996,0.81851244260431,-0.457158878629214,0.734387140957901,0.734387140957901,0.833553181292371,"RAB31/GNAS/LBP/MYH9/CDC42",5
"GO:0030218","erythrocyte differentiation","3/459","156/18860",0.0192307692307692,0.790179319591084,-0.415612215485217,0.735330072542929,0.735330072542929,0.833553181292371,"ETV2/MB/MYB",3
"GO:1905039","carboxylic acid transmembrane transport","3/459","156/18860",0.0192307692307692,0.790179319591084,-0.415612215485217,0.735330072542929,0.735330072542929,0.833553181292371,"SLC38A1/SLC6A8/SLC38A6",3
"GO:0060562","epithelial tube morphogenesis","7/459","344/18860",0.0203488372093023,0.836119977706845,-0.484480843881287,0.735563675991667,0.735563675991667,0.833553181292371,"PODXL/CASR/RBPJ/BCL2/PRICKLE1/MTHFR/TRIM71",7
"GO:0002548","monocyte chemotaxis","1/459","54/18860",0.0185185185185185,0.760913418865489,-0.277874584405837,0.736146869342183,0.736146869342183,0.833553181292371,"PDGFB",1
"GO:0003044","regulation of systemic arterial blood pressure mediated by a chemical signal","1/459","54/18860",0.0185185185185185,0.760913418865489,-0.277874584405837,0.736146869342183,0.736146869342183,0.833553181292371,"ACE",1
"GO:0006858","extracellular transport","1/459","54/18860",0.0185185185185185,0.760913418865489,-0.277874584405837,0.736146869342183,0.736146869342183,0.833553181292371,"WWP2",1
"GO:0007129","homologous chromosome pairing at meiosis","1/459","54/18860",0.0185185185185185,0.760913418865489,-0.277874584405837,0.736146869342183,0.736146869342183,0.833553181292371,"HORMAD1",1
"GO:0043303","mast cell degranulation","1/459","54/18860",0.0185185185185185,0.760913418865489,-0.277874584405837,0.736146869342183,0.736146869342183,0.833553181292371,"GAB2",1
"GO:0048009","insulin-like growth factor receptor signaling pathway","1/459","54/18860",0.0185185185185185,0.760913418865489,-0.277874584405837,0.736146869342183,0.736146869342183,0.833553181292371,"CDH3",1
"GO:0060324","face development","1/459","54/18860",0.0185185185185185,0.760913418865489,-0.277874584405837,0.736146869342183,0.736146869342183,0.833553181292371,"PRICKLE1",1
"GO:0070169","positive regulation of biomineral tissue development","1/459","54/18860",0.0185185185185185,0.760913418865489,-0.277874584405837,0.736146869342183,0.736146869342183,0.833553181292371,"AMTN",1
"GO:1904356","regulation of telomere maintenance via telomere lengthening","1/459","54/18860",0.0185185185185185,0.760913418865489,-0.277874584405837,0.736146869342183,0.736146869342183,0.833553181292371,"PTGES3",1
"GO:0030099","myeloid cell differentiation","10/459","481/18860",0.0207900207900208,0.854247913071443,-0.511412503092061,0.737401672412349,0.737401672412349,0.834724250932001,"MFAP2/MYH9/ETV2/MT1G/RBPJ/GAB2/MB/CDC42/CDKN1C/MYB",10
"GO:0016197","endosomal transport","6/459","300/18860",0.02,0.821786492374728,-0.491424970100575,0.741544066176018,0.741544066176018,0.837253328916929,"EVI5/AKAP5/VAMP4/ATP9A/DENND2A/RAB11FIP4",6
"GO:0046631","alpha-beta T cell activation","4/459","206/18860",0.0194174757281553,0.797850963470609,-0.460748850187304,0.741855096387752,0.741855096387752,0.837253328916929,"PRKCQ/BCL2/DAPL1/MYB",4
"GO:0022411","cellular component disassembly","10/459","483/18860",0.020703933747412,0.850710654632223,-0.524940440966137,0.741994696038932,0.741994696038932,0.837253328916929,"ADAMTS15/CDK1/GSPT2/HBS1L/PRICKLE1/ACVR1C/PRKAA1/NGEF/PEX12/ABCC8",10
"GO:0001754","eye photoreceptor cell differentiation","1/459","55/18860",0.0181818181818182,0.747078629431571,-0.29667104596623,0.742586760173404,0.742586760173404,0.837253328916929,"RORB",1
"GO:0006826","iron ion transport","1/459","55/18860",0.0181818181818182,0.747078629431571,-0.29667104596623,0.742586760173404,0.742586760173404,0.837253328916929,"SLC40A1",1
"GO:0007602","phototransduction","1/459","55/18860",0.0181818181818182,0.747078629431571,-0.29667104596623,0.742586760173404,0.742586760173404,0.837253328916929,"PDC",1
"GO:0010662","regulation of striated muscle cell apoptotic process","1/459","55/18860",0.0181818181818182,0.747078629431571,-0.29667104596623,0.742586760173404,0.742586760173404,0.837253328916929,"NRG1",1
"GO:0042269","regulation of natural killer cell mediated cytotoxicity","1/459","55/18860",0.0181818181818182,0.747078629431571,-0.29667104596623,0.742586760173404,0.742586760173404,0.837253328916929,"MICA",1
"GO:0045910","negative regulation of DNA recombination","1/459","55/18860",0.0181818181818182,0.747078629431571,-0.29667104596623,0.742586760173404,0.742586760173404,0.837253328916929,"RECQL5",1
"GO:0072538","T-helper 17 type immune response","1/459","55/18860",0.0181818181818182,0.747078629431571,-0.29667104596623,0.742586760173404,0.742586760173404,0.837253328916929,"PRKCQ",1
"GO:2001222","regulation of neuron migration","1/459","55/18860",0.0181818181818182,0.747078629431571,-0.29667104596623,0.742586760173404,0.742586760173404,0.837253328916929,"NTNG1",1
"GO:0001960","negative regulation of cytokine-mediated signaling pathway","2/459","108/18860",0.0185185185185185,0.760913418865489,-0.393539421356579,0.742733366874944,0.742733366874944,0.837253328916929,"XIAP/OAS1",2
"GO:0002220","innate immune response activating cell surface receptor signaling pathway","2/459","108/18860",0.0185185185185185,0.760913418865489,-0.393539421356579,0.742733366874944,0.742733366874944,0.837253328916929,"LBP/OAS1",2
"GO:0050764","regulation of phagocytosis","2/459","108/18860",0.0185185185185185,0.760913418865489,-0.393539421356579,0.742733366874944,0.742733366874944,0.837253328916929,"RAB31/GNAS",2
"GO:0008203","cholesterol metabolic process","3/459","158/18860",0.0189873417721519,0.780177049722843,-0.438230408651437,0.743145708488777,0.743145708488777,0.837468675595484,"ERLIN2/PRKAA1/LPCAT3",3
"GO:0009913","epidermal cell differentiation","5/459","255/18860",0.0196078431372549,0.805673031739929,-0.493438791731965,0.746820519383582,0.746820519383582,0.840664788717859,"CDH3/RBPJ/SFRP4/SPRR2F/SPRR2E",5
"GO:0010389","regulation of G2/M transition of mitotic cell cycle","2/459","109/18860",0.018348623853211,0.753932561811677,-0.406911665219296,0.747323079931567,0.747323079931567,0.840664788717859,"CDK1/BRCC3",2
"GO:0006403","RNA localization","4/459","208/18860",0.0192307692307692,0.790179319591084,-0.48057615178635,0.748619949539698,0.748619949539698,0.840664788717859,"CETN2/NXF2/SMG1/IWS1",4
"GO:0002043","blood vessel endothelial cell proliferation involved in sprouting angiogenesis","1/459","56/18860",0.0178571428571429,0.733737939620293,-0.315154230239014,0.748869806016552,0.748869806016552,0.840664788717859,"HMOX1",1
"GO:0006111","regulation of gluconeogenesis","1/459","56/18860",0.0178571428571429,0.733737939620293,-0.315154230239014,0.748869806016552,0.748869806016552,0.840664788717859,"TCF7L2",1
"GO:0007187","G protein-coupled receptor signaling pathway, coupled to cyclic nucleotide second messenger","1/459","56/18860",0.0178571428571429,0.733737939620293,-0.315154230239014,0.748869806016552,0.748869806016552,0.840664788717859,"OR10J5",1
"GO:0007528","neuromuscular junction development","1/459","56/18860",0.0178571428571429,0.733737939620293,-0.315154230239014,0.748869806016552,0.748869806016552,0.840664788717859,"DOK7",1
"GO:0010659","cardiac muscle cell apoptotic process","1/459","56/18860",0.0178571428571429,0.733737939620293,-0.315154230239014,0.748869806016552,0.748869806016552,0.840664788717859,"NRG1",1
"GO:0035036","sperm-egg recognition","1/459","56/18860",0.0178571428571429,0.733737939620293,-0.315154230239014,0.748869806016552,0.748869806016552,0.840664788717859,"OVGP1",1
"GO:0036230","granulocyte activation","1/459","56/18860",0.0178571428571429,0.733737939620293,-0.315154230239014,0.748869806016552,0.748869806016552,0.840664788717859,"ENPP3",1
"GO:0061900","glial cell activation","1/459","56/18860",0.0178571428571429,0.733737939620293,-0.315154230239014,0.748869806016552,0.748869806016552,0.840664788717859,"CALHM2",1
"GO:0071902","positive regulation of protein serine/threonine kinase activity","1/459","56/18860",0.0178571428571429,0.733737939620293,-0.315154230239014,0.748869806016552,0.748869806016552,0.840664788717859,"PDGFB",1
"GO:0141156","cAMP/PKA signal transduction","1/459","56/18860",0.0178571428571429,0.733737939620293,-0.315154230239014,0.748869806016552,0.748869806016552,0.840664788717859,"PRKAR1B",1
"GO:0006997","nucleus organization","3/459","160/18860",0.01875,0.770424836601307,-0.460584215676982,0.750776840613664,0.750776840613664,0.842305847365651,"CDK1/LMNB1/SMARCA5",3
"GO:1903825","organic acid transmembrane transport","3/459","160/18860",0.01875,0.770424836601307,-0.460584215676982,0.750776840613664,0.750776840613664,0.842305847365651,"SLC38A1/SLC6A8/SLC38A6",3
"GO:0006939","smooth muscle contraction","2/459","110/18860",0.0181818181818182,0.747078629431571,-0.420171115291394,0.751842393944305,0.751842393944305,0.842624178067058,"MYH11/ATP2B4",2
"GO:0046785","microtubule polymerization","2/459","110/18860",0.0181818181818182,0.747078629431571,-0.420171115291394,0.751842393944305,0.751842393944305,0.842624178067058,"CDK1/CCDC66",2
"GO:0090130","tissue migration","2/459","110/18860",0.0181818181818182,0.747078629431571,-0.420171115291394,0.751842393944305,0.751842393944305,0.842624178067058,"PKN2/ENPP2",2
"GO:0007051","spindle organization","4/459","209/18860",0.0191387559808612,0.78639855729639,-0.490423445357722,0.751951253648354,0.751951253648354,0.842624178067058,"STARD9/MYH9/PRICKLE1/CCDC66",4
"GO:0002573","myeloid leukocyte differentiation","5/459","257/18860",0.0194552529182879,0.799403202699151,-0.511380335614225,0.752874077661661,0.752874077661661,0.843243423272109,"MYH9/MT1G/RBPJ/GAB2/CDC42",5
"GO:0050900","leukocyte migration","8/459","397/18860",0.0201511335012594,0.827996465868743,-0.547049278120573,0.753827383617157,0.753827383617157,0.843243423272109,"PDGFB/LBP/LRCH1/MYH9/S1PR1/HMOX1/CDC42/MIA3",8
"GO:0046467","membrane lipid biosynthetic process","3/459","161/18860",0.0186335403726708,0.765639589169001,-0.471664248119004,0.754523815062314,0.754523815062314,0.843243423272109,"ENPP7/B4GALNT1/PRKAA1",3
"GO:0002448","mast cell mediated immunity","1/459","57/18860",0.0175438596491228,0.720865344188358,-0.333336272461601,0.754999818728656,0.754999818728656,0.843243423272109,"GAB2",1
"GO:0002886","regulation of myeloid leukocyte mediated immunity","1/459","57/18860",0.0175438596491228,0.720865344188358,-0.333336272461601,0.754999818728656,0.754999818728656,0.843243423272109,"GAB2",1
"GO:0007140","male meiotic nuclear division","1/459","57/18860",0.0175438596491228,0.720865344188358,-0.333336272461601,0.754999818728656,0.754999818728656,0.843243423272109,"TDRD9",1
"GO:0032968","positive regulation of transcription elongation by RNA polymerase II","1/459","57/18860",0.0175438596491228,0.720865344188358,-0.333336272461601,0.754999818728656,0.754999818728656,0.843243423272109,"MED20",1
"GO:0033047","regulation of mitotic sister chromatid segregation","1/459","57/18860",0.0175438596491228,0.720865344188358,-0.333336272461601,0.754999818728656,0.754999818728656,0.843243423272109,"CDK1",1
"GO:0050805","negative regulation of synaptic transmission","1/459","57/18860",0.0175438596491228,0.720865344188358,-0.333336272461601,0.754999818728656,0.754999818728656,0.843243423272109,"CBLN1",1
"GO:1903351","cellular response to dopamine","1/459","57/18860",0.0175438596491228,0.720865344188358,-0.333336272461601,0.754999818728656,0.754999818728656,0.843243423272109,"GNAS",1
"GO:0048839","inner ear development","4/459","210/18860",0.019047619047619,0.782653802261645,-0.500227123703679,0.75524861962375,0.75524861962375,0.843243423272109,"FZD2/RBPJ/FGF9/GABRB3",4
"GO:0120032","regulation of plasma membrane bounded cell projection assembly","4/459","210/18860",0.019047619047619,0.782653802261645,-0.500227123703679,0.75524861962375,0.75524861962375,0.843243423272109,"PODXL/SYNE2/CDC42/GPM6A",4
"GO:0040029","epigenetic regulation of gene expression","6/459","305/18860",0.019672131147541,0.808314582663667,-0.53303223715005,0.755571077741928,0.755571077741928,0.843243423272109,"TDRD9/CDKN1C/MPHOSPH8/SPTY2D1/LMNB1/SMARCA5",6
"GO:0007179","transforming growth factor beta receptor signaling pathway","5/459","258/18860",0.0193798449612403,0.796304740673186,-0.520302502763369,0.755860240966515,0.755860240966515,0.843243423272109,"CDH3/PBLD/HTRA3/CDKN1C/GCNT2",5
"GO:0003333","amino acid transmembrane transport","2/459","111/18860",0.018018018018018,0.740348191328584,-0.433320012844572,0.756292008249308,0.756292008249308,0.843243423272109,"SLC38A1/SLC38A6",2
"GO:0006446","regulation of translational initiation","2/459","111/18860",0.018018018018018,0.740348191328584,-0.433320012844572,0.756292008249308,0.756292008249308,0.843243423272109,"AKT1S1/PRKAA1",2
"GO:0008630","intrinsic apoptotic signaling pathway in response to DNA damage","2/459","111/18860",0.018018018018018,0.740348191328584,-0.433320012844572,0.756292008249308,0.756292008249308,0.843243423272109,"BCL2/BCL2L11",2
"GO:0045786","negative regulation of cell cycle","8/459","399/18860",0.0200501253132832,0.823846107643837,-0.561689158005613,0.758669273097262,0.758669273097262,0.84564484513903,"BCL2/CDKN1C/CDK1/BRCC3/TSC22D2/HORMAD1/ZFP36L2/SMARCA5",8
"GO:0001708","cell fate specification","2/459","112/18860",0.0178571428571429,0.733737939620293,-0.446360533097236,0.76067262989713,0.76067262989713,0.846724635545784,"NFIA/RBPJ",2
"GO:0021695","cerebellar cortex development","1/459","58/18860",0.0172413793103448,0.708436631357524,-0.351228615909329,0.760980517723686,0.760980517723686,0.846724635545784,"CBLN1",1
"GO:0038084","vascular endothelial growth factor signaling pathway","1/459","58/18860",0.0172413793103448,0.708436631357524,-0.351228615909329,0.760980517723686,0.760980517723686,0.846724635545784,"ANGPT1",1
"GO:0045010","actin nucleation","1/459","58/18860",0.0172413793103448,0.708436631357524,-0.351228615909329,0.760980517723686,0.760980517723686,0.846724635545784,"HIP1R",1
"GO:0050982","detection of mechanical stimulus","1/459","58/18860",0.0172413793103448,0.708436631357524,-0.351228615909329,0.760980517723686,0.760980517723686,0.846724635545784,"TTN",1
"GO:1903350","response to dopamine","1/459","58/18860",0.0172413793103448,0.708436631357524,-0.351228615909329,0.760980517723686,0.760980517723686,0.846724635545784,"GNAS",1
"GO:0051651","maintenance of location in cell","4/459","212/18860",0.0188679245283019,0.775270275825215,-0.519705459758623,0.761742003101271,0.761742003101271,0.847229299597927,"RYR1/ITPR2/JPH4/F2",4
"GO:0031023","microtubule organizing center organization","3/459","163/18860",0.0184049079754601,0.756245238381651,-0.493634956792534,0.761881847344968,0.761881847344968,0.847229299597927,"CETN2/CDK1/CEP44",3
"GO:0048562","embryonic organ morphogenesis","6/459","308/18860",0.0194805194805195,0.800441388676683,-0.557693296047356,0.763717008867983,0.763717008867983,0.849020547615932,"FZD2/MFAP2/FGF9/SHOX2/RARB/MMP16",6
"GO:0060491","regulation of cell projection assembly","4/459","213/18860",0.0187793427230047,0.771630509272045,-0.52938101228377,0.764938267672346,0.764938267672346,0.849719299774568,"PODXL/SYNE2/CDC42/GPM6A",4
"GO:0060761","negative regulation of response to cytokine stimulus","2/459","113/18860",0.0176991150442478,0.727244683517458,-0.459294787758729,0.764984972865486,0.764984972865486,0.849719299774568,"XIAP/OAS1",2
"GO:0045727","positive regulation of translation","3/459","164/18860",0.0182926829268293,0.751633986928105,-0.504527334368071,0.765493434762519,0.765493434762519,0.849719299774568,"AKT1S1/CPEB3/PRKAA1",3
"GO:0010658","striated muscle cell apoptotic process","1/459","59/18860",0.0169491525423729,0.69642923082604,-0.368842063044738,0.766815532209636,0.766815532209636,0.849719299774568,"NRG1",1
"GO:0016073","snRNA metabolic process","1/459","59/18860",0.0169491525423729,0.69642923082604,-0.368842063044738,0.766815532209636,0.766815532209636,0.849719299774568,"FTO",1
"GO:0030520","estrogen receptor signaling pathway","1/459","59/18860",0.0169491525423729,0.69642923082604,-0.368842063044738,0.766815532209636,0.766815532209636,0.849719299774568,"STRN3",1
"GO:0031297","replication fork processing","1/459","59/18860",0.0169491525423729,0.69642923082604,-0.368842063044738,0.766815532209636,0.766815532209636,0.849719299774568,"CDK1",1
"GO:0035315","hair cell differentiation","1/459","59/18860",0.0169491525423729,0.69642923082604,-0.368842063044738,0.766815532209636,0.766815532209636,0.849719299774568,"RBPJ",1
"GO:0042304","regulation of fatty acid biosynthetic process","1/459","59/18860",0.0169491525423729,0.69642923082604,-0.368842063044738,0.766815532209636,0.766815532209636,0.849719299774568,"ERLIN2",1
"GO:0050850","positive regulation of calcium-mediated signaling","1/459","59/18860",0.0169491525423729,0.69642923082604,-0.368842063044738,0.766815532209636,0.766815532209636,0.849719299774568,"AKAP5",1
"GO:2001238","positive regulation of extrinsic apoptotic signaling pathway","1/459","59/18860",0.0169491525423729,0.69642923082604,-0.368842063044738,0.766815532209636,0.766815532209636,0.849719299774568,"PMAIP1",1
"GO:0022412","cellular process involved in reproduction in multicellular organism","9/459","449/18860",0.0200445434298441,0.823616751823224,-0.59742965743611,0.76795536910382,0.76795536910382,0.850396788198885,"CCDC136/DND1/BCL2/CDKN1C/HORMAD1/SLC26A3/TAF4B/ARMC3/RIMBP3",9
"GO:0001763","morphogenesis of a branching structure","4/459","214/18860",0.0186915887850467,0.768024759228717,-0.539014739504012,0.768101087888901,0.768101087888901,0.850396788198885,"BCL11A/CASR/BCL2/SHOX2",4
"GO:0050920","regulation of chemotaxis","4/459","214/18860",0.0186915887850467,0.768024759228717,-0.539014739504012,0.768101087888901,0.768101087888901,0.850396788198885,"PDGFB/LBP/CASR/S1PR1",4
"GO:0001933","negative regulation of protein phosphorylation","2/459","114/18860",0.0175438596491228,0.720865344188358,-0.472124827453372,0.769229757305621,0.769229757305621,0.851148346418501,"AKT1S1/CDKN1C",2
"GO:0042472","inner ear morphogenesis","2/459","114/18860",0.0175438596491228,0.720865344188358,-0.472124827453372,0.769229757305621,0.769229757305621,0.851148346418501,"FZD2/FGF9",2
"GO:0010001","glial cell differentiation","5/459","263/18860",0.0190114068441065,0.781165867276357,-0.564438268898894,0.770387331027194,0.770387331027194,0.852031568081586,"NFIA/CDK1/CNTN1/F2/MYOC",5
"GO:0031647","regulation of protein stability","8/459","404/18860",0.0198019801980198,0.813649992450225,-0.597993229395997,0.770478282246573,0.770478282246573,0.852031568081586,"MDM2/POLR2E/HIP1R/BCL2/MT3/PRKAA1/PTGES3/PIH1D2",8
"GO:0006310","DNA recombination","7/459","358/18860",0.0195530726256983,0.803422548411047,-0.593076663944768,0.771710959052621,0.771710959052621,0.85314540885778,"UCHL5/INO80C/MCM5/MCM7/RECQL5/ING3/SUPV3L1",7
"GO:0007004","telomere maintenance via telomerase","1/459","60/18860",0.0166666666666667,0.68482207697894,-0.386186822066971,0.772508403371584,0.772508403371584,0.853610864310022,"PTGES3",1
"GO:0007204","positive regulation of cytosolic calcium ion concentration","3/459","166/18860",0.0180722891566265,0.742578155760296,-0.526130262353219,0.772583129276421,0.772583129276421,0.853610864310022,"BCL2/JPH4/PTGFR",3
"GO:0009205","purine ribonucleoside triphosphate metabolic process","5/459","264/18860",0.0189393939393939,0.778206905657886,-0.57317227518284,0.773212493862994,0.773212493862994,0.854056876344199,"SLC4A4/ENPP3/PRKAA1/MYH6/PGAM4",5
"GO:0071824","protein-DNA complex organization","5/459","265/18860",0.0188679245283019,0.775270275825215,-0.581875839273791,0.776011086509079,0.776011086509079,0.855170673823259,"TAF1B/MED20/TAF4B/SPTY2D1/SMARCA5",5
"GO:0031400","negative regulation of protein modification process","4/459","217/18860",0.0184331797235023,0.757406905414496,-0.567669240046153,0.777390275642906,0.777390275642906,0.855170673823259,"AKT1S1/IVNS1ABP/CDKN1C/PRKAA1",4
"GO:0032611","interleukin-1 beta production","2/459","116/18860",0.0172413793103448,0.708436631357524,-0.497480172770416,0.777519557777876,0.777519557777876,0.855170673823259,"NLRP2/TMEM106A",2
"GO:0032651","regulation of interleukin-1 beta production","2/459","116/18860",0.0172413793103448,0.708436631357524,-0.497480172770416,0.777519557777876,0.777519557777876,0.855170673823259,"NLRP2/TMEM106A",2
"GO:0001658","branching involved in ureteric bud morphogenesis","1/459","61/18860",0.0163934426229508,0.673595485553055,-0.403272549345427,0.778062586502033,0.778062586502033,0.855170673823259,"BCL2",1
"GO:0001913","T cell mediated cytotoxicity","1/459","61/18860",0.0163934426229508,0.673595485553055,-0.403272549345427,0.778062586502033,0.778062586502033,0.855170673823259,"MICA",1
"GO:0001954","positive regulation of cell-matrix adhesion","1/459","61/18860",0.0163934426229508,0.673595485553055,-0.403272549345427,0.778062586502033,0.778062586502033,0.855170673823259,"MYOC",1
"GO:0002715","regulation of natural killer cell mediated immunity","1/459","61/18860",0.0163934426229508,0.673595485553055,-0.403272549345427,0.778062586502033,0.778062586502033,0.855170673823259,"MICA",1
"GO:0006513","protein monoubiquitination","1/459","61/18860",0.0163934426229508,0.673595485553055,-0.403272549345427,0.778062586502033,0.778062586502033,0.855170673823259,"PEX12",1
"GO:0009299","mRNA transcription","1/459","61/18860",0.0163934426229508,0.673595485553055,-0.403272549345427,0.778062586502033,0.778062586502033,0.855170673823259,"TAF4B",1
"GO:0032387","negative regulation of intracellular transport","1/459","61/18860",0.0163934426229508,0.673595485553055,-0.403272549345427,0.778062586502033,0.778062586502033,0.855170673823259,"ANGPT1",1
"GO:0038093","Fc receptor signaling pathway","1/459","61/18860",0.0163934426229508,0.673595485553055,-0.403272549345427,0.778062586502033,0.778062586502033,0.855170673823259,"PRKCQ",1
"GO:0045912","negative regulation of carbohydrate metabolic process","1/459","61/18860",0.0163934426229508,0.673595485553055,-0.403272549345427,0.778062586502033,0.778062586502033,0.855170673823259,"TCF7L2",1
"GO:0060425","lung morphogenesis","1/459","61/18860",0.0163934426229508,0.673595485553055,-0.403272549345427,0.778062586502033,0.778062586502033,0.855170673823259,"CDC42",1
"GO:0060632","regulation of microtubule-based movement","1/459","61/18860",0.0163934426229508,0.673595485553055,-0.403272549345427,0.778062586502033,0.778062586502033,0.855170673823259,"PGAM4",1
"GO:0060986","endocrine hormone secretion","1/459","61/18860",0.0163934426229508,0.673595485553055,-0.403272549345427,0.778062586502033,0.778062586502033,0.855170673823259,"CRHBP",1
"GO:0071715","icosanoid transport","1/459","61/18860",0.0163934426229508,0.673595485553055,-0.403272549345427,0.778062586502033,0.778062586502033,0.855170673823259,"ACE",1
"GO:0006163","purine nucleotide metabolic process","9/459","454/18860",0.0198237885462555,0.814546082750281,-0.631726636435316,0.778877586140448,0.778877586140448,0.85581787461792,"NT5DC4/SLC4A4/TJP2/ENPP3/NUDT4/PRKAA1/MYH6/PGAM4/HAAO",9
"GO:0071897","DNA biosynthetic process","3/459","168/18860",0.0178571428571429,0.733737939620293,-0.547496066562034,0.779496762659251,0.779496762659251,0.856249594915593,"PDGFB/CDK1/PTGES3",3
"GO:0000077","DNA damage checkpoint signaling","2/459","117/18860",0.0170940170940171,0.702381617414297,-0.510009294481146,0.781566038644674,0.781566038644674,0.858135676387205,"CDK1/BRCC3",2
"GO:0016125","sterol metabolic process","3/459","169/18860",0.0177514792899408,0.729396295007155,-0.558091981059069,0.782888296306334,0.782888296306334,0.858135676387205,"ERLIN2/PRKAA1/LPCAT3",3
"GO:1902652","secondary alcohol metabolic process","3/459","169/18860",0.0177514792899408,0.729396295007155,-0.558091981059069,0.782888296306334,0.782888296306334,0.858135676387205,"ERLIN2/PRKAA1/LPCAT3",3
"GO:0032869","cellular response to insulin stimulus","4/459","219/18860",0.0182648401826484,0.75048994737418,-0.586570830696304,0.783418484624997,0.783418484624997,0.858135676387205,"RAB31/PRKCQ/CA3/PRKAA1",4
"GO:0032608","interferon-beta production","1/459","62/18860",0.0161290322580645,0.662731042237684,-0.420108388163748,0.783481453079806,0.783481453079806,0.858135676387205,"OAS1",1
"GO:0032648","regulation of interferon-beta production","1/459","62/18860",0.0161290322580645,0.662731042237684,-0.420108388163748,0.783481453079806,0.783481453079806,0.858135676387205,"OAS1",1
"GO:0043405","regulation of MAP kinase activity","1/459","62/18860",0.0161290322580645,0.662731042237684,-0.420108388163748,0.783481453079806,0.783481453079806,0.858135676387205,"PDGFB",1
"GO:0071870","cellular response to catecholamine stimulus","1/459","62/18860",0.0161290322580645,0.662731042237684,-0.420108388163748,0.783481453079806,0.783481453079806,0.858135676387205,"GNAS",1
"GO:0099518","vesicle cytoskeletal trafficking","1/459","62/18860",0.0161290322580645,0.662731042237684,-0.420108388163748,0.783481453079806,0.783481453079806,0.858135676387205,"PPFIA2",1
"GO:1901570","fatty acid derivative biosynthetic process","1/459","62/18860",0.0161290322580645,0.662731042237684,-0.420108388163748,0.783481453079806,0.783481453079806,0.858135676387205,"SCP2",1
"GO:0140053","mitochondrial gene expression","3/459","170/18860",0.0176470588235294,0.725105728565936,-0.568630905173379,0.786236713733922,0.786236713733922,0.860567208135311,"TRIT1/PRKAA1/SUPV3L1",3
"GO:1902850","microtubule cytoskeleton organization involved in mitosis","3/459","170/18860",0.0176470588235294,0.725105728565936,-0.568630905173379,0.786236713733922,0.786236713733922,0.860567208135311,"CDK1/PRICKLE1/CCDC66",3
"GO:0099504","synaptic vesicle cycle","4/459","220/18860",0.0181818181818182,0.747078629431571,-0.595962417699175,0.786383681625955,0.786383681625955,0.860567208135311,"PPFIA2/VAMP4/PRKAR1B/UNC13B",4
"GO:0045765","regulation of angiogenesis","7/459","365/18860",0.0191780821917808,0.78801444474289,-0.645907747425661,0.788373008688485,0.788373008688485,0.86110812119594,"KLK3/OR10J5/APOH/HMOX1/VASH2/ATP2B4/ABCC8",7
"GO:0003179","heart valve morphogenesis","1/459","63/18860",0.0158730158730159,0.652211501884704,-0.436703004149881,0.788768292798732,0.788768292798732,0.86110812119594,"MDM2",1
"GO:0006611","protein export from nucleus","1/459","63/18860",0.0158730158730159,0.652211501884704,-0.436703004149881,0.788768292798732,0.788768292798732,0.86110812119594,"MDM2",1
"GO:0045453","bone resorption","1/459","63/18860",0.0158730158730159,0.652211501884704,-0.436703004149881,0.788768292798732,0.788768292798732,0.86110812119594,"S1PR1",1
"GO:0045604","regulation of epidermal cell differentiation","1/459","63/18860",0.0158730158730159,0.652211501884704,-0.436703004149881,0.788768292798732,0.788768292798732,0.86110812119594,"SFRP4",1
"GO:0046456","icosanoid biosynthetic process","1/459","63/18860",0.0158730158730159,0.652211501884704,-0.436703004149881,0.788768292798732,0.788768292798732,0.86110812119594,"PTGES3",1
"GO:0051785","positive regulation of nuclear division","1/459","63/18860",0.0158730158730159,0.652211501884704,-0.436703004149881,0.788768292798732,0.788768292798732,0.86110812119594,"PDGFB",1
"GO:0086002","cardiac muscle cell action potential involved in contraction","1/459","63/18860",0.0158730158730159,0.652211501884704,-0.436703004149881,0.788768292798732,0.788768292798732,0.86110812119594,"KCNH2",1
"GO:0010948","negative regulation of cell cycle process","6/459","318/18860",0.0188679245283019,0.775270275825215,-0.638323378562871,0.789421254463572,0.789421254463572,0.86110812119594,"BCL2/CDK1/BRCC3/HORMAD1/ZFP36L2/SMARCA5",6
"GO:0007088","regulation of mitotic nuclear division","2/459","119/18860",0.0168067226890756,0.690576884348511,-0.534779579655493,0.789465850741716,0.789465850741716,0.86110812119594,"PDGFB/CDC42",2
"GO:0007265","Ras protein signal transduction","2/459","119/18860",0.0168067226890756,0.690576884348511,-0.534779579655493,0.789465850741716,0.789465850741716,0.86110812119594,"RASGEF1A/RASGRF1",2
"GO:0007033","vacuole organization","5/459","270/18860",0.0185185185185185,0.760913418865489,-0.624945793731502,0.789608601257974,0.789608601257974,0.86110812119594,"ATG4C/MAN2A1/B4GALNT1/PRKAA1/CREG1",5
"GO:0050727","regulation of inflammatory response","9/459","460/18860",0.0195652173913043,0.803921568627451,-0.672426450701355,0.791490440693969,0.791490440693969,0.861595732840068,"GNAS/LBP/C2CD4B/XIAP/NLRP2/ENPP3/CALHM2/DUOXA2/LPCAT3",9
"GO:0009144","purine nucleoside triphosphate metabolic process","5/459","271/18860",0.018450184501845,0.758105620271889,-0.633471922014202,0.792249682670274,0.792249682670274,0.861595732840068,"SLC4A4/ENPP3/PRKAA1/MYH6/PGAM4",5
"GO:0035966","response to topologically incorrect protein","3/459","172/18860",0.0174418604651163,0.716674266605867,-0.58954069993685,0.792805448116152,0.792805448116152,0.861595732840068,"SERP2/BCL2L11/CHAC1",3
"GO:0010639","negative regulation of organelle organization","7/459","367/18860",0.0190735694822888,0.783720088095789,-0.660831127573203,0.792962888545509,0.792962888545509,0.861595732840068,"S1PR1/HIP1R/HORMAD1/MYOC/SSH1/OAZ3/SMARCA5",7
"GO:0031346","positive regulation of cell projection organization","7/459","367/18860",0.0190735694822888,0.783720088095789,-0.660831127573203,0.792962888545509,0.792962888545509,0.861595732840068,"BCL11A/MAP6/CDC42/CNTN1/SHOX2/ENPP2/GPM6A",7
"GO:0006334","nucleosome assembly","2/459","120/18860",0.0166666666666667,0.68482207697894,-0.547024249999293,0.793320665887925,0.793320665887925,0.861595732840068,"SPTY2D1/SMARCA5",2
"GO:0007040","lysosome organization","2/459","120/18860",0.0166666666666667,0.68482207697894,-0.547024249999293,0.793320665887925,0.793320665887925,0.861595732840068,"PRKAA1/CREG1",2
"GO:0019882","antigen processing and presentation","2/459","120/18860",0.0166666666666667,0.68482207697894,-0.547024249999293,0.793320665887925,0.793320665887925,0.861595732840068,"ACE/RAB4A",2
"GO:0080171","lytic vacuole organization","2/459","120/18860",0.0166666666666667,0.68482207697894,-0.547024249999293,0.793320665887925,0.793320665887925,0.861595732840068,"PRKAA1/CREG1",2
"GO:0120034","positive regulation of plasma membrane bounded cell projection assembly","2/459","120/18860",0.0166666666666667,0.68482207697894,-0.547024249999293,0.793320665887925,0.793320665887925,0.861595732840068,"CDC42/GPM6A",2
"GO:0031663","lipopolysaccharide-mediated signaling pathway","1/459","64/18860",0.015625,0.642020697167756,-0.453064617724342,0.793926315547329,0.793926315547329,0.861595732840068,"LBP",1
"GO:0032786","positive regulation of DNA-templated transcription, elongation","1/459","64/18860",0.015625,0.642020697167756,-0.453064617724342,0.793926315547329,0.793926315547329,0.861595732840068,"MED20",1
"GO:0034198","cellular response to amino acid starvation","1/459","64/18860",0.015625,0.642020697167756,-0.453064617724342,0.793926315547329,0.793926315547329,0.861595732840068,"PRKAA1",1
"GO:0045058","T cell selection","1/459","64/18860",0.015625,0.642020697167756,-0.453064617724342,0.793926315547329,0.793926315547329,0.861595732840068,"BCL2",1
"GO:0051784","negative regulation of nuclear division","1/459","64/18860",0.015625,0.642020697167756,-0.453064617724342,0.793926315547329,0.793926315547329,0.861595732840068,"HORMAD1",1
"GO:0071868","cellular response to monoamine stimulus","1/459","64/18860",0.015625,0.642020697167756,-0.453064617724342,0.793926315547329,0.793926315547329,0.861595732840068,"GNAS",1
"GO:0071869","response to catecholamine","1/459","64/18860",0.015625,0.642020697167756,-0.453064617724342,0.793926315547329,0.793926315547329,0.861595732840068,"GNAS",1
"GO:0006364","rRNA processing","4/459","223/18860",0.0179372197309417,0.737028244282267,-0.623905041811655,0.795085626820064,0.795085626820064,0.862359242858949,"YBEY/MPHOSPH6/METTL15/PIH1D2",4
"GO:0051235","maintenance of location","4/459","223/18860",0.0179372197309417,0.737028244282267,-0.623905041811655,0.795085626820064,0.795085626820064,0.862359242858949,"RYR1/ITPR2/JPH4/F2",4
"GO:0032259","methylation","4/459","224/18860",0.0178571428571429,0.733737939620293,-0.633143141803421,0.797922300717491,0.797922300717491,0.864350357050755,"PRDM5/METTL15/COQ3/SMYD4",4
"GO:0006903","vesicle targeting","1/459","65/18860",0.0153846153846154,0.632143455672868,-0.469201033860796,0.798958653340678,0.798958653340678,0.864350357050755,"AP1M2",1
"GO:0006956","complement activation","1/459","65/18860",0.0153846153846154,0.632143455672868,-0.469201033860796,0.798958653340678,0.798958653340678,0.864350357050755,"C6",1
"GO:0015909","long-chain fatty acid transport","1/459","65/18860",0.0153846153846154,0.632143455672868,-0.469201033860796,0.798958653340678,0.798958653340678,0.864350357050755,"ACE",1
"GO:0032757","positive regulation of interleukin-8 production","1/459","65/18860",0.0153846153846154,0.632143455672868,-0.469201033860796,0.798958653340678,0.798958653340678,0.864350357050755,"LBP",1
"GO:0045428","regulation of nitric oxide biosynthetic process","1/459","65/18860",0.0153846153846154,0.632143455672868,-0.469201033860796,0.798958653340678,0.798958653340678,0.864350357050755,"ATP2B4",1
"GO:0061178","regulation of insulin secretion involved in cellular response to glucose stimulus","1/459","65/18860",0.0153846153846154,0.632143455672868,-0.469201033860796,0.798958653340678,0.798958653340678,0.864350357050755,"ABCC8",1
"GO:0010563","negative regulation of phosphorus metabolic process","3/459","174/18860",0.0172413793103448,0.708436631357524,-0.610231148005787,0.799205508860797,0.799205508860797,0.864350357050755,"PDGFB/AKT1S1/CDKN1C",3
"GO:0030308","negative regulation of cell growth","3/459","174/18860",0.0172413793103448,0.708436631357524,-0.610231148005787,0.799205508860797,0.799205508860797,0.864350357050755,"BCL11A/BCL2/MT3",3
"GO:0045936","negative regulation of phosphate metabolic process","3/459","174/18860",0.0172413793103448,0.708436631357524,-0.610231148005787,0.799205508860797,0.799205508860797,0.864350357050755,"PDGFB/AKT1S1/CDKN1C",3
"GO:1901988","negative regulation of cell cycle phase transition","5/459","274/18860",0.0182481751824818,0.749805193772562,-0.658878847582415,0.800017944556584,0.800017944556584,0.864981807723585,"BCL2/CDK1/BRCC3/HORMAD1/ZFP36L2",5
"GO:0072009","nephron epithelium development","2/459","122/18860",0.0163934426229508,0.673595485553055,-0.571241058428772,0.800843838105644,0.800843838105644,0.865380263305116,"PODXL/BCL2",2
"GO:1902749","regulation of cell cycle G2/M phase transition","2/459","122/18860",0.0163934426229508,0.673595485553055,-0.571241058428772,0.800843838105644,0.800843838105644,0.865380263305116,"CDK1/BRCC3",2
"GO:0007608","sensory perception of smell","9/459","466/18860",0.01931330472103,0.793570647142977,-0.712641777701487,0.803568940997847,0.803568940997847,0.866421850763529,"GNAS/OR51A7/FZD2/OR10J5/OR52I2/OR8B8/OR1A2/OR1A1/UBR3",9
"GO:0008347","glial cell migration","1/459","66/18860",0.0151515151515152,0.622565524526309,-0.485119669419991,0.803868362205622,0.803868362205622,0.866421850763529,"SYNE2",1
"GO:0022029","telencephalon cell migration","1/459","66/18860",0.0151515151515152,0.622565524526309,-0.485119669419991,0.803868362205622,0.803868362205622,0.866421850763529,"SYNE2",1
"GO:0032623","interleukin-2 production","1/459","66/18860",0.0151515151515152,0.622565524526309,-0.485119669419991,0.803868362205622,0.803868362205622,0.866421850763529,"PRKCQ",1
"GO:0032663","regulation of interleukin-2 production","1/459","66/18860",0.0151515151515152,0.622565524526309,-0.485119669419991,0.803868362205622,0.803868362205622,0.866421850763529,"PRKCQ",1
"GO:0034605","cellular response to heat","1/459","66/18860",0.0151515151515152,0.622565524526309,-0.485119669419991,0.803868362205622,0.803868362205622,0.866421850763529,"HMOX1",1
"GO:0045005","DNA-templated DNA replication maintenance of fidelity","1/459","66/18860",0.0151515151515152,0.622565524526309,-0.485119669419991,0.803868362205622,0.803868362205622,0.866421850763529,"CDK1",1
"GO:0070192","chromosome organization involved in meiotic cell cycle","1/459","66/18860",0.0151515151515152,0.622565524526309,-0.485119669419991,0.803868362205622,0.803868362205622,0.866421850763529,"HORMAD1",1
"GO:0071867","response to monoamine","1/459","66/18860",0.0151515151515152,0.622565524526309,-0.485119669419991,0.803868362205622,0.803868362205622,0.866421850763529,"GNAS",1
"GO:0034502","protein localization to chromosome","2/459","123/18860",0.016260162601626,0.668119099491649,-0.583216426440427,0.804513688044225,0.804513688044225,0.86687049170333,"IFFO1/CDK1",2
"GO:0007292","female gamete generation","3/459","176/18860",0.0170454545454545,0.700386215092097,-0.630707733045848,0.805439507589214,0.805439507589214,0.867374121493941,"BCL2/HORMAD1/TAF4B",3
"GO:1902905","positive regulation of supramolecular fiber organization","3/459","176/18860",0.0170454545454545,0.700386215092097,-0.630707733045848,0.805439507589214,0.805439507589214,0.867374121493941,"CDC42/ARHGEF10L/MYOC",3
"GO:1903046","meiotic cell cycle process","4/459","227/18860",0.0176211453744493,0.724040962444694,-0.660634300254156,0.806242911840888,0.806242911840888,0.867876835045965,"TDRD9/MYH9/HORMAD1/BCL2L11",4
"GO:0002697","regulation of immune effector process","8/459","421/18860",0.0190023752969121,0.780794767101879,-0.718403175919226,0.807498898158632,0.807498898158632,0.867876835045965,"ANKRD17/LBP/KLK3/ENPP3/GAB2/ANGPT1/PRKAA1/MICA",8
"GO:0035967","cellular response to topologically incorrect protein","2/459","124/18860",0.0161290322580645,0.662731042237684,-0.595105185629326,0.808123376508404,0.808123376508404,0.867876835045965,"SERP2/BCL2L11",2
"GO:0046634","regulation of alpha-beta T cell activation","2/459","124/18860",0.0161290322580645,0.662731042237684,-0.595105185629326,0.808123376508404,0.808123376508404,0.867876835045965,"PRKCQ/DAPL1",2
"GO:0006278","RNA-templated DNA biosynthetic process","1/459","67/18860",0.0149253731343284,0.613273501772185,-0.500827578289098,0.808658424020436,0.808658424020436,0.867876835045965,"PTGES3",1
"GO:0032922","circadian regulation of gene expression","1/459","67/18860",0.0149253731343284,0.613273501772185,-0.500827578289098,0.808658424020436,0.808658424020436,0.867876835045965,"PPP1CC",1
"GO:0048599","oocyte development","1/459","67/18860",0.0149253731343284,0.613273501772185,-0.500827578289098,0.808658424020436,0.808658424020436,0.867876835045965,"BCL2",1
"GO:0060675","ureteric bud morphogenesis","1/459","67/18860",0.0149253731343284,0.613273501772185,-0.500827578289098,0.808658424020436,0.808658424020436,0.867876835045965,"BCL2",1
"GO:1901799","negative regulation of proteasomal protein catabolic process","1/459","67/18860",0.0149253731343284,0.613273501772185,-0.500827578289098,0.808658424020436,0.808658424020436,0.867876835045965,"UCHL5",1
"GO:1990928","response to amino acid starvation","1/459","67/18860",0.0149253731343284,0.613273501772185,-0.500827578289098,0.808658424020436,0.808658424020436,0.867876835045965,"PRKAA1",1
"GO:2000059","negative regulation of ubiquitin-dependent protein catabolic process","1/459","67/18860",0.0149253731343284,0.613273501772185,-0.500827578289098,0.808658424020436,0.808658424020436,0.867876835045965,"UCHL5",1
"GO:2000351","regulation of endothelial cell apoptotic process","1/459","67/18860",0.0149253731343284,0.613273501772185,-0.500827578289098,0.808658424020436,0.808658424020436,0.867876835045965,"ANGPT1",1
"GO:0009612","response to mechanical stimulus","4/459","228/18860",0.0175438596491228,0.720865344188358,-0.669724837490225,0.808953932805943,0.808953932805943,0.867947827566999,"CNTNAP2/POSTN/ETV1/TTN",4
"GO:1901342","regulation of vasculature development","7/459","375/18860",0.0186666666666667,0.767000726216412,-0.719789379228088,0.810574502303423,0.810574502303423,0.869440069155271,"KLK3/OR10J5/APOH/HMOX1/VASH2/ATP2B4/ABCC8",7
"GO:0030219","megakaryocyte differentiation","1/459","68/18860",0.0147058823529412,0.604254773804947,-0.516331474533184,0.813331748310045,0.813331748310045,0.870177710868447,"MYB",1
"GO:0030888","regulation of B cell proliferation","1/459","68/18860",0.0147058823529412,0.604254773804947,-0.516331474533184,0.813331748310045,0.813331748310045,0.870177710868447,"BCL2",1
"GO:0034394","protein localization to cell surface","1/459","68/18860",0.0147058823529412,0.604254773804947,-0.516331474533184,0.813331748310045,0.813331748310045,0.870177710868447,"ANGPT1",1
"GO:0038066","p38MAPK cascade","1/459","68/18860",0.0147058823529412,0.604254773804947,-0.516331474533184,0.813331748310045,0.813331748310045,0.870177710868447,"XIAP",1
"GO:0042698","ovulation cycle","1/459","68/18860",0.0147058823529412,0.604254773804947,-0.516331474533184,0.813331748310045,0.813331748310045,0.870177710868447,"GABRB1",1
"GO:0045143","homologous chromosome segregation","1/459","68/18860",0.0147058823529412,0.604254773804947,-0.516331474533184,0.813331748310045,0.813331748310045,0.870177710868447,"HORMAD1",1
"GO:0051893","regulation of focal adhesion assembly","1/459","68/18860",0.0147058823529412,0.604254773804947,-0.516331474533184,0.813331748310045,0.813331748310045,0.870177710868447,"MYOC",1
"GO:0072171","mesonephric tubule morphogenesis","1/459","68/18860",0.0147058823529412,0.604254773804947,-0.516331474533184,0.813331748310045,0.813331748310045,0.870177710868447,"BCL2",1
"GO:0090109","regulation of cell-substrate junction assembly","1/459","68/18860",0.0147058823529412,0.604254773804947,-0.516331474533184,0.813331748310045,0.813331748310045,0.870177710868447,"MYOC",1
"GO:0010506","regulation of autophagy","7/459","377/18860",0.0185676392572944,0.762931756846564,-0.734349468681699,0.814792685711085,0.814792685711085,0.871400265916869,"HMOX1/RAB39B/BCL2/BMF/DAPL1/PRKAA1/WDR41",7
"GO:0031570","DNA integrity checkpoint signaling","2/459","126/18860",0.0158730158730159,0.652211501884704,-0.618628879166392,0.815165255710273,0.815165255710273,0.871400265916869,"CDK1/BRCC3",2
"GO:0042326","negative regulation of phosphorylation","2/459","126/18860",0.0158730158730159,0.652211501884704,-0.618628879166392,0.815165255710273,0.815165255710273,0.871400265916869,"AKT1S1/CDKN1C",2
"GO:0001906","cell killing","5/459","281/18860",0.0177935943060498,0.731126772575381,-0.717190475252232,0.817254558627282,0.817254558627282,0.873081069118064,"CCL18/GSDMB/F2/C6/MICA",5
"GO:0060326","cell chemotaxis","6/459","330/18860",0.0181818181818182,0.747078629431571,-0.732065174397203,0.817389868817583,0.817389868817583,0.873081069118064,"PDGFB/LBP/PRKCQ/S1PR1/CCL18/ARHGEF16",6
"GO:0021885","forebrain cell migration","1/459","69/18860",0.0144927536231884,0.595497458242556,-0.531637753743318,0.817891173997875,0.817891173997875,0.873081069118064,"SYNE2",1
"GO:0048645","animal organ formation","1/459","69/18860",0.0144927536231884,0.595497458242556,-0.531637753743318,0.817891173997875,0.817891173997875,0.873081069118064,"RBPJ",1
"GO:1905330","regulation of morphogenesis of an epithelium","1/459","69/18860",0.0144927536231884,0.595497458242556,-0.531637753743318,0.817891173997875,0.817891173997875,0.873081069118064,"WNT5B",1
"GO:0007173","epidermal growth factor receptor signaling pathway","2/459","127/18860",0.015748031496063,0.647075978247817,-0.63026671740206,0.818598937789412,0.818598937789412,0.873097721875315,"HIP1R/PRICKLE1",2
"GO:0021761","limbic system development","2/459","127/18860",0.015748031496063,0.647075978247817,-0.63026671740206,0.818598937789412,0.818598937789412,0.873097721875315,"CNTNAP2/ATP2B4",2
"GO:0030301","cholesterol transport","2/459","127/18860",0.015748031496063,0.647075978247817,-0.63026671740206,0.818598937789412,0.818598937789412,0.873097721875315,"ABCB4/SCP2",2
"GO:0043123","positive regulation of canonical NF-kappaB signal transduction","4/459","232/18860",0.0172413793103448,0.708436631357524,-0.705730354498213,0.819490584497951,0.819490584497951,0.873556308753191,"ANKRD17/XIAP/TMEM106A/HMOX1",4
"GO:0099111","microtubule-based transport","4/459","232/18860",0.0172413793103448,0.708436631357524,-0.705730354498213,0.819490584497951,0.819490584497951,0.873556308753191,"ARMCX3/SYNE2/CDC42/AGBL4",4
"GO:0090150","establishment of protein localization to membrane","5/459","283/18860",0.0176678445229682,0.725959798917604,-0.733609024363717,0.821955050972597,0.821955050972597,0.875360248326235,"ZDHHC22/RAB31/AKAP5/VAMP4/ANXA13",5
"GO:0010717","regulation of epithelial to mesenchymal transition","2/459","128/18860",0.015625,0.642020697167756,-0.641823757216907,0.821975440276387,0.821975440276387,0.875360248326235,"TCF7L2/GCNT2",2
"GO:0002685","regulation of leukocyte migration","4/459","233/18860",0.0171673819742489,0.705396130793758,-0.71464426026057,0.822048885761406,0.822048885761406,0.875360248326235,"LBP/LRCH1/HMOX1/MIA3",4
"GO:0002823","negative regulation of adaptive immune response based on somatic recombination of immune receptors built from immunoglobulin superfamily domains","1/459","70/18860",0.0142857142857143,0.586990351696234,-0.546752512746193,0.822339471115376,0.822339471115376,0.875360248326235,"PRKAA1",1
"GO:0051445","regulation of meiotic cell cycle","1/459","70/18860",0.0142857142857143,0.586990351696234,-0.546752512746193,0.822339471115376,0.822339471115376,0.875360248326235,"HORMAD1",1
"GO:0006352","DNA-templated transcription initiation","4/459","234/18860",0.0170940170940171,0.702381617414297,-0.723523833837149,0.824577249679225,0.824577249679225,0.877495474689721,"TAF1B/MED20/TAF4B/SMARCA5",4
"GO:0018205","peptidyl-lysine modification","2/459","129/18860",0.0155038759689922,0.637043792538549,-0.65330135944331,0.82529550506826,0.82529550506826,0.877757763654245,"BCL11A/MDM2",2
"GO:0022612","gland morphogenesis","2/459","129/18860",0.0155038759689922,0.637043792538549,-0.65330135944331,0.82529550506826,0.82529550506826,0.877757763654245,"BCL2/FGL1",2
"GO:0009994","oocyte differentiation","1/459","71/18860",0.0140845070422535,0.578722881954034,-0.561681567822972,0.826679342470248,0.826679342470248,0.877757763654245,"BCL2",1
"GO:0045668","negative regulation of osteoblast differentiation","1/459","71/18860",0.0140845070422535,0.578722881954034,-0.561681567822972,0.826679342470248,0.826679342470248,0.877757763654245,"RORB",1
"GO:0045682","regulation of epidermis development","1/459","71/18860",0.0140845070422535,0.578722881954034,-0.561681567822972,0.826679342470248,0.826679342470248,0.877757763654245,"SFRP4",1
"GO:0048662","negative regulation of smooth muscle cell proliferation","1/459","71/18860",0.0140845070422535,0.578722881954034,-0.561681567822972,0.826679342470248,0.826679342470248,0.877757763654245,"HMOX1",1
"GO:0061462","protein localization to lysosome","1/459","71/18860",0.0140845070422535,0.578722881954034,-0.561681567822972,0.826679342470248,0.826679342470248,0.877757763654245,"PRKAA1",1
"GO:1904263","positive regulation of TORC1 signaling","1/459","71/18860",0.0140845070422535,0.578722881954034,-0.561681567822972,0.826679342470248,0.826679342470248,0.877757763654245,"PRKAA1",1
"GO:0042594","response to starvation","4/459","235/18860",0.0170212765957447,0.699392759467853,-0.732369395784379,0.827075883943125,0.827075883943125,0.87793247295358,"PMAIP1/BCL2/PRKAA1/UPP1",4
"GO:0030833","regulation of actin filament polymerization","2/459","130/18860",0.0153846153846154,0.632143455672868,-0.664700850646237,0.828559871900342,0.828559871900342,0.87926107373195,"HIP1R/SSH1",2
"GO:0006635","fatty acid beta-oxidation","1/459","72/18860",0.0138888888888889,0.570685064149116,-0.576430471569789,0.830913425274344,0.830913425274344,0.88043694117977,"SCP2",1
"GO:0010632","regulation of epithelial cell migration","1/459","72/18860",0.0138888888888889,0.570685064149116,-0.576430471569789,0.830913425274344,0.830913425274344,0.88043694117977,"ENPP2",1
"GO:0022617","extracellular matrix disassembly","1/459","72/18860",0.0138888888888889,0.570685064149116,-0.576430471569789,0.830913425274344,0.830913425274344,0.88043694117977,"ADAMTS15",1
"GO:0042058","regulation of epidermal growth factor receptor signaling pathway","1/459","72/18860",0.0138888888888889,0.570685064149116,-0.576430471569789,0.830913425274344,0.830913425274344,0.88043694117977,"HIP1R",1
"GO:0048002","antigen processing and presentation of peptide antigen","1/459","72/18860",0.0138888888888889,0.570685064149116,-0.576430471569789,0.830913425274344,0.830913425274344,0.88043694117977,"ACE",1
"GO:0043488","regulation of mRNA stability","5/459","287/18860",0.0174216027874564,0.715841892312481,-0.766134344295725,0.831063898803736,0.831063898803736,0.88043694117977,"CPEB3/DND1/TRIM71/ZFP36L2/FTO",5
"GO:1902115","regulation of organelle assembly","4/459","238/18860",0.0168067226890756,0.690576884348511,-0.758705150944854,0.834395516684429,0.834395516684429,0.882676928071869,"CBLN1/SYNE2/PRICKLE1/PRKAA1",4
"GO:0002824","positive regulation of adaptive immune response based on somatic recombination of immune receptors built from immunoglobulin superfamily domains","2/459","132/18860",0.0151515151515152,0.622565524526309,-0.687270641653988,0.834924457832736,0.834924457832736,0.882676928071869,"PRKCQ/PRKAA1",2
"GO:0050830","defense response to Gram-positive bacterium","2/459","132/18860",0.0151515151515152,0.622565524526309,-0.687270641653988,0.834924457832736,0.834924457832736,0.882676928071869,"LBP/SPRR2A",2
"GO:0010833","telomere maintenance via telomere lengthening","1/459","73/18860",0.0136986301369863,0.562867460530635,-0.591004528518931,0.835044292732247,0.835044292732247,0.882676928071869,"PTGES3",1
"GO:0030225","macrophage differentiation","1/459","73/18860",0.0136986301369863,0.562867460530635,-0.591004528518931,0.835044292732247,0.835044292732247,0.882676928071869,"CDC42",1
"GO:0045806","negative regulation of endocytosis","1/459","73/18860",0.0136986301369863,0.562867460530635,-0.591004528518931,0.835044292732247,0.835044292732247,0.882676928071869,"SH3GL3",1
"GO:0072577","endothelial cell apoptotic process","1/459","73/18860",0.0136986301369863,0.562867460530635,-0.591004528518931,0.835044292732247,0.835044292732247,0.882676928071869,"ANGPT1",1
"GO:1904888","cranial skeletal system development","1/459","73/18860",0.0136986301369863,0.562867460530635,-0.591004528518931,0.835044292732247,0.835044292732247,0.882676928071869,"MMP16",1
"GO:0000075","cell cycle checkpoint signaling","3/459","187/18860",0.0160427807486631,0.659187025969033,-0.739732728830009,0.836879903624219,0.836879903624219,0.883876567277955,"CDK1/BRCC3/HORMAD1",3
"GO:0006486","protein glycosylation","3/459","187/18860",0.0160427807486631,0.659187025969033,-0.739732728830009,0.836879903624219,0.836879903624219,0.883876567277955,"MAN2A1/GALNT1/GCNT2",3
"GO:0043413","macromolecule glycosylation","3/459","187/18860",0.0160427807486631,0.659187025969033,-0.739732728830009,0.836879903624219,0.836879903624219,0.883876567277955,"MAN2A1/GALNT1/GCNT2",3
"GO:0042476","odontogenesis","2/459","133/18860",0.0150375939849624,0.617884580732878,-0.698443433217049,0.83802614267801,0.83802614267801,0.88471284124042,"AMTN/BCL2L11",2
"GO:0002711","positive regulation of T cell mediated immunity","1/459","74/18860",0.0135135135135135,0.555261143496438,-0.605408809627752,0.839074455591453,0.839074455591453,0.88471284124042,"PRKAA1",1
"GO:0002820","negative regulation of adaptive immune response","1/459","74/18860",0.0135135135135135,0.555261143496438,-0.605408809627752,0.839074455591453,0.839074455591453,0.88471284124042,"PRKAA1",1
"GO:0010611","regulation of cardiac muscle hypertrophy","1/459","74/18860",0.0135135135135135,0.555261143496438,-0.605408809627752,0.839074455591453,0.839074455591453,0.88471284124042,"ATP2B4",1
"GO:0050435","amyloid-beta metabolic process","1/459","74/18860",0.0135135135135135,0.555261143496438,-0.605408809627752,0.839074455591453,0.839074455591453,0.88471284124042,"ACE",1
"GO:2000134","negative regulation of G1/S transition of mitotic cell cycle","1/459","74/18860",0.0135135135135135,0.555261143496438,-0.605408809627752,0.839074455591453,0.839074455591453,0.88471284124042,"BCL2",1
"GO:0007254","JNK cascade","3/459","188/18860",0.0159574468085106,0.655680712001112,-0.749358809453993,0.839509062772473,0.839509062772473,0.884924521526767,"CASR/XIAP/MYOC",3
"GO:0006906","vesicle fusion","2/459","134/18860",0.0149253731343284,0.613273501772185,-0.709543099316832,0.841075060470656,0.841075060470656,0.885834983928401,"TSNARE1/VAMP4",2
"GO:0050864","regulation of B cell activation","2/459","134/18860",0.0149253731343284,0.613273501772185,-0.709543099316832,0.841075060470656,0.841075060470656,0.885834983928401,"BCL2/ZFP36L2",2
"GO:0051983","regulation of chromosome segregation","2/459","134/18860",0.0149253731343284,0.613273501772185,-0.709543099316832,0.841075060470656,0.841075060470656,0.885834983928401,"CDK1/HORMAD1",2
"GO:1903320","regulation of protein modification by small protein conjugation or removal","4/459","242/18860",0.0165289256198347,0.679162390392337,-0.793362013334274,0.843751753738657,0.843751753738657,0.88806114382769,"XIAP/IVNS1ABP/ANGPT1/PRICKLE1",4
"GO:0007405","neuroblast proliferation","1/459","76/18860",0.0131578947368421,0.540649008141268,-0.633727240049386,0.846842407258089,0.846842407258089,0.88806114382769,"SOX5",1
"GO:0033627","cell adhesion mediated by integrin","1/459","76/18860",0.0131578947368421,0.540649008141268,-0.633727240049386,0.846842407258089,0.846842407258089,0.88806114382769,"PODXL",1
"GO:0046635","positive regulation of alpha-beta T cell activation","1/459","76/18860",0.0131578947368421,0.540649008141268,-0.633727240049386,0.846842407258089,0.846842407258089,0.88806114382769,"PRKCQ",1
"GO:0048488","synaptic vesicle endocytosis","1/459","76/18860",0.0131578947368421,0.540649008141268,-0.633727240049386,0.846842407258089,0.846842407258089,0.88806114382769,"VAMP4",1
"GO:0051966","regulation of synaptic transmission, glutamatergic","1/459","76/18860",0.0131578947368421,0.540649008141268,-0.633727240049386,0.846842407258089,0.846842407258089,0.88806114382769,"GRIN2A",1
"GO:0072078","nephron tubule morphogenesis","1/459","76/18860",0.0131578947368421,0.540649008141268,-0.633727240049386,0.846842407258089,0.846842407258089,0.88806114382769,"BCL2",1
"GO:0150116","regulation of cell-substrate junction organization","1/459","76/18860",0.0131578947368421,0.540649008141268,-0.633727240049386,0.846842407258089,0.846842407258089,0.88806114382769,"MYOC",1
"GO:0007093","mitotic cell cycle checkpoint signaling","2/459","136/18860",0.0147058823529412,0.604254773804947,-0.731527712320658,0.847017488023604,0.847017488023604,0.88806114382769,"CDK1/BRCC3",2
"GO:0015918","sterol transport","2/459","136/18860",0.0147058823529412,0.604254773804947,-0.731527712320658,0.847017488023604,0.847017488023604,0.88806114382769,"ABCB4/SCP2",2
"GO:0021782","glial cell development","2/459","136/18860",0.0147058823529412,0.604254773804947,-0.731527712320658,0.847017488023604,0.847017488023604,0.88806114382769,"CNTN1/MYOC",2
"GO:0032479","regulation of type I interferon production","2/459","136/18860",0.0147058823529412,0.604254773804947,-0.731527712320658,0.847017488023604,0.847017488023604,0.88806114382769,"XIAP/OAS1",2
"GO:0032606","type I interferon production","2/459","136/18860",0.0147058823529412,0.604254773804947,-0.731527712320658,0.847017488023604,0.847017488023604,0.88806114382769,"XIAP/OAS1",2
"GO:0032612","interleukin-1 production","2/459","136/18860",0.0147058823529412,0.604254773804947,-0.731527712320658,0.847017488023604,0.847017488023604,0.88806114382769,"NLRP2/TMEM106A",2
"GO:0032652","regulation of interleukin-1 production","2/459","136/18860",0.0147058823529412,0.604254773804947,-0.731527712320658,0.847017488023604,0.847017488023604,0.88806114382769,"NLRP2/TMEM106A",2
"GO:0042471","ear morphogenesis","2/459","136/18860",0.0147058823529412,0.604254773804947,-0.731527712320658,0.847017488023604,0.847017488023604,0.88806114382769,"FZD2/FGF9",2
"GO:0051495","positive regulation of cytoskeleton organization","3/459","191/18860",0.0157068062827225,0.645382062074393,-0.777968147983626,0.847178217734927,0.847178217734927,0.88806114382769,"CDC42/ARHGEF10L/MYOC",3
"GO:0008202","steroid metabolic process","6/459","345/18860",0.0173913043478261,0.714596949891068,-0.844989397784472,0.848143713846316,0.848143713846316,0.888827020151148,"CYP2B6/ERLIN2/PRKAA1/CYP2E1/LPCAT3/SCP2",6
"GO:1902903","regulation of supramolecular fiber organization","7/459","395/18860",0.0177215189873418,0.728165246407987,-0.862330668488229,0.849545847597204,0.849545847597204,0.888923613062399,"S1PR1/HIP1R/CDC42/ARHGEF10L/MYOC/SSH1/OAZ3",7
"GO:0007052","mitotic spindle organization","2/459","137/18860",0.0145985401459854,0.599844155018049,-0.742414918409065,0.849912434320912,0.849912434320912,0.888923613062399,"PRICKLE1/CCDC66",2
"GO:0008033","tRNA processing","2/459","137/18860",0.0145985401459854,0.599844155018049,-0.742414918409065,0.849912434320912,0.849912434320912,0.888923613062399,"ZBTB8OS/TRIT1",2
"GO:0008286","insulin receptor signaling pathway","2/459","137/18860",0.0145985401459854,0.599844155018049,-0.742414918409065,0.849912434320912,0.849912434320912,0.888923613062399,"PRKCQ/PRKAA1",2
"GO:0001707","mesoderm formation","1/459","77/18860",0.012987012987013,0.533627592451122,-0.647650479815824,0.85058491870765,0.85058491870765,0.888923613062399,"ETV2",1
"GO:0010803","regulation of tumor necrosis factor-mediated signaling pathway","1/459","77/18860",0.012987012987013,0.533627592451122,-0.647650479815824,0.85058491870765,0.85058491870765,0.888923613062399,"XIAP",1
"GO:0014743","regulation of muscle hypertrophy","1/459","77/18860",0.012987012987013,0.533627592451122,-0.647650479815824,0.85058491870765,0.85058491870765,0.888923613062399,"ATP2B4",1
"GO:0030514","negative regulation of BMP signaling pathway","1/459","77/18860",0.012987012987013,0.533627592451122,-0.647650479815824,0.85058491870765,0.85058491870765,0.888923613062399,"HTRA3",1
"GO:0045661","regulation of myoblast differentiation","1/459","77/18860",0.012987012987013,0.533627592451122,-0.647650479815824,0.85058491870765,0.85058491870765,0.888923613062399,"PRICKLE1",1
"GO:1902017","regulation of cilium assembly","1/459","77/18860",0.012987012987013,0.533627592451122,-0.647650479815824,0.85058491870765,0.85058491870765,0.888923613062399,"SYNE2",1
"GO:0001578","microtubule bundle formation","2/459","138/18860",0.0144927536231884,0.595497458242556,-0.753233519142899,0.85275748617681,0.85275748617681,0.890210718782035,"LRRC61/CCDC66",2
"GO:0002821","positive regulation of adaptive immune response","2/459","138/18860",0.0144927536231884,0.595497458242556,-0.753233519142899,0.85275748617681,0.85275748617681,0.890210718782035,"PRKCQ/PRKAA1",2
"GO:0035270","endocrine system development","2/459","138/18860",0.0144927536231884,0.595497458242556,-0.753233519142899,0.85275748617681,0.85275748617681,0.890210718782035,"RBPJ/CDKN1C",2
"GO:0035710","CD4-positive, alpha-beta T cell activation","2/459","138/18860",0.0144927536231884,0.595497458242556,-0.753233519142899,0.85275748617681,0.85275748617681,0.890210718782035,"PRKCQ/MYB",2
"GO:0031397","negative regulation of protein ubiquitination","1/459","78/18860",0.0128205128205128,0.526786213060723,-0.661422147119353,0.854236173688919,0.854236173688919,0.890526038686868,"IVNS1ABP",1
"GO:0048255","mRNA stabilization","1/459","78/18860",0.0128205128205128,0.526786213060723,-0.661422147119353,0.854236173688919,0.854236173688919,0.890526038686868,"DND1",1
"GO:0050853","B cell receptor signaling pathway","1/459","78/18860",0.0128205128205128,0.526786213060723,-0.661422147119353,0.854236173688919,0.854236173688919,0.890526038686868,"BCL2",1
"GO:0051898","negative regulation of phosphatidylinositol 3-kinase/protein kinase B signal transduction","1/459","78/18860",0.0128205128205128,0.526786213060723,-0.661422147119353,0.854236173688919,0.854236173688919,0.890526038686868,"USP49",1
"GO:0072088","nephron epithelium morphogenesis","1/459","78/18860",0.0128205128205128,0.526786213060723,-0.661422147119353,0.854236173688919,0.854236173688919,0.890526038686868,"BCL2",1
"GO:1901873","regulation of post-translational protein modification","4/459","247/18860",0.0161943319838057,0.665414163866176,-0.835974057908364,0.854818722660285,0.854818722660285,0.890887911975453,"XIAP/IVNS1ABP/ANGPT1/PRICKLE1",4
"GO:0050684","regulation of mRNA processing","2/459","139/18860",0.0143884892086331,0.591213303866711,-0.763984578557897,0.855553350816491,0.855553350816491,0.891162674369532,"DAZAP1/IWS1",2
"GO:0051053","negative regulation of DNA metabolic process","2/459","139/18860",0.0143884892086331,0.591213303866711,-0.763984578557897,0.855553350816491,0.855553350816491,0.891162674369532,"ENPP7/RECQL5",2
"GO:0051321","meiotic cell cycle","5/459","299/18860",0.0167224080267559,0.687112451818334,-0.86132717454334,0.856136000075366,0.856136000075366,0.891524178162657,"TDRD9/MYH9/HORMAD1/SLC26A8/BCL2L11",5
"GO:0009988","cell-cell recognition","1/459","79/18860",0.0126582278481013,0.520118033148562,-0.675046329002488,0.857798392636677,0.857798392636677,0.891537958492853,"OVGP1",1
"GO:0043112","receptor metabolic process","1/459","79/18860",0.0126582278481013,0.520118033148562,-0.675046329002488,0.857798392636677,0.857798392636677,0.891537958492853,"PEX12",1
"GO:0045911","positive regulation of DNA recombination","1/459","79/18860",0.0126582278481013,0.520118033148562,-0.675046329002488,0.857798392636677,0.857798392636677,0.891537958492853,"ING3",1
"GO:0046425","regulation of receptor signaling pathway via JAK-STAT","1/459","79/18860",0.0126582278481013,0.520118033148562,-0.675046329002488,0.857798392636677,0.857798392636677,0.891537958492853,"F2",1
"GO:0048332","mesoderm morphogenesis","1/459","79/18860",0.0126582278481013,0.520118033148562,-0.675046329002488,0.857798392636677,0.857798392636677,0.891537958492853,"ETV2",1
"GO:0061512","protein localization to cilium","1/459","79/18860",0.0126582278481013,0.520118033148562,-0.675046329002488,0.857798392636677,0.857798392636677,0.891537958492853,"CCDC66",1
"GO:1903533","regulation of protein targeting","1/459","79/18860",0.0126582278481013,0.520118033148562,-0.675046329002488,0.857798392636677,0.857798392636677,0.891537958492853,"PRKAA1",1
"GO:0034728","nucleosome organization","2/459","140/18860",0.0142857142857143,0.586990351696234,-0.774669135918218,0.858300730677942,0.858300730677942,0.891815118005492,"SPTY2D1/SMARCA5",2
"GO:0007286","spermatid development","4/459","249/18860",0.0160642570281124,0.66006947178693,-0.852805413343594,0.859055784605381,0.859055784605381,0.892354637056314,"CCDC136/SLC26A3/ARMC3/RIMBP3",4
"GO:0002456","T cell mediated immunity","2/459","141/18860",0.0141843971631206,0.582827299556544,-0.785288206475007,0.861000323225963,0.861000323225963,0.892942783779534,"PRKAA1/MICA",2
"GO:0008360","regulation of cell shape","2/459","141/18860",0.0141843971631206,0.582827299556544,-0.785288206475007,0.861000323225963,0.861000323225963,0.892942783779534,"MYH9/F2",2
"GO:0006303","double-strand break repair via nonhomologous end joining","1/459","80/18860",0.0125,0.513616557734205,-0.688526946887864,0.861273742073862,0.861273742073862,0.892942783779534,"IFFO1",1
"GO:0006626","protein targeting to mitochondrion","1/459","80/18860",0.0125,0.513616557734205,-0.688526946887864,0.861273742073862,0.861273742073862,0.892942783779534,"PRKAA1",1
"GO:0051092","positive regulation of NF-kappaB transcription factor activity","1/459","80/18860",0.0125,0.513616557734205,-0.688526946887864,0.861273742073862,0.861273742073862,0.892942783779534,"PRKCQ",1
"GO:0072028","nephron morphogenesis","1/459","80/18860",0.0125,0.513616557734205,-0.688526946887864,0.861273742073862,0.861273742073862,0.892942783779534,"BCL2",1
"GO:0140238","presynaptic endocytosis","1/459","80/18860",0.0125,0.513616557734205,-0.688526946887864,0.861273742073862,0.861273742073862,0.892942783779534,"VAMP4",1
"GO:0030879","mammary gland development","2/459","142/18860",0.0140845070422535,0.578722881954034,-0.795842782196355,0.863652820778025,0.863652820778025,0.894873993152656,"NRG1/BCL2L11",2
"GO:0043487","regulation of RNA stability","5/459","303/18860",0.0165016501650165,0.678041660375188,-0.892302417794166,0.863774152341007,0.863774152341007,0.894873993152656,"CPEB3/DND1/TRIM71/ZFP36L2/FTO",5
"GO:0001959","regulation of cytokine-mediated signaling pathway","3/459","198/18860",0.0151515151515152,0.622565524526309,-0.843218312559729,0.863845886547238,0.863845886547238,0.894873993152656,"XIAP/ANGPT1/OAS1",3
"GO:0032720","negative regulation of tumor necrosis factor production","1/459","81/18860",0.0123456790123457,0.507275612576992,-0.701867765381614,0.864664335917743,0.864664335917743,0.894986838542061,"LBP",1
"GO:0043299","leukocyte degranulation","1/459","81/18860",0.0123456790123457,0.507275612576992,-0.701867765381614,0.864664335917743,0.864664335917743,0.894986838542061,"GAB2",1
"GO:0061333","renal tubule morphogenesis","1/459","81/18860",0.0123456790123457,0.507275612576992,-0.701867765381614,0.864664335917743,0.864664335917743,0.894986838542061,"BCL2",1
"GO:0046632","alpha-beta T cell differentiation","2/459","143/18860",0.013986013986014,0.574675868793516,-0.806333832469921,0.866258910341507,0.866258910341507,0.896392148490341,"BCL2/MYB",2
"GO:0061013","regulation of mRNA catabolic process","5/459","305/18860",0.0163934426229508,0.673595485553055,-0.907654483941552,0.867464037686632,0.867464037686632,0.897183740747419,"CPEB3/DND1/TRIM71/ZFP36L2/FTO",5
"GO:0031016","pancreas development","1/459","82/18860",0.0121951219512195,0.501089324618736,-0.71507240050272,0.867972236754516,0.867972236754516,0.897183740747419,"TCF7L2",1
"GO:0090049","regulation of cell migration involved in sprouting angiogenesis","1/459","82/18860",0.0121951219512195,0.501089324618736,-0.71507240050272,0.867972236754516,0.867972236754516,0.897183740747419,"HMOX1",1
"GO:1902807","negative regulation of cell cycle G1/S phase transition","1/459","82/18860",0.0121951219512195,0.501089324618736,-0.71507240050272,0.867972236754516,0.867972236754516,0.897183740747419,"BCL2",1
"GO:0030166","proteoglycan biosynthetic process","1/459","83/18860",0.0120481927710843,0.495052103840197,-0.728144327382444,0.871199457083075,0.871199457083075,0.898450548390156,"TCF7L2",1
"GO:0030593","neutrophil chemotaxis","1/459","83/18860",0.0120481927710843,0.495052103840197,-0.728144327382444,0.871199457083075,0.871199457083075,0.898450548390156,"LBP",1
"GO:0035914","skeletal muscle cell differentiation","1/459","83/18860",0.0120481927710843,0.495052103840197,-0.728144327382444,0.871199457083075,0.871199457083075,0.898450548390156,"MED20",1
"GO:0043537","negative regulation of blood vessel endothelial cell migration","1/459","83/18860",0.0120481927710843,0.495052103840197,-0.728144327382444,0.871199457083075,0.871199457083075,0.898450548390156,"ATP2B4",1
"GO:0048844","artery morphogenesis","1/459","83/18860",0.0120481927710843,0.495052103840197,-0.728144327382444,0.871199457083075,0.871199457083075,0.898450548390156,"RBPJ",1
"GO:0051304","chromosome separation","1/459","83/18860",0.0120481927710843,0.495052103840197,-0.728144327382444,0.871199457083075,0.871199457083075,0.898450548390156,"RECQL5",1
"GO:1903556","negative regulation of tumor necrosis factor superfamily cytokine production","1/459","83/18860",0.0120481927710843,0.495052103840197,-0.728144327382444,0.871199457083075,0.871199457083075,0.898450548390156,"LBP",1
"GO:0000018","regulation of DNA recombination","2/459","145/18860",0.0137931034482759,0.566749305086019,-0.827129125356272,0.871334586081302,0.871334586081302,0.898450548390156,"RECQL5/ING3",2
"GO:0000086","G2/M transition of mitotic cell cycle","2/459","145/18860",0.0137931034482759,0.566749305086019,-0.827129125356272,0.871334586081302,0.871334586081302,0.898450548390156,"CDK1/BRCC3",2
"GO:0001510","RNA methylation","1/459","84/18860",0.0119047619047619,0.489158626413528,-0.741086887474044,0.874347960528719,0.874347960528719,0.900821332941879,"METTL15",1
"GO:0060390","regulation of SMAD protein signal transduction","1/459","84/18860",0.0119047619047619,0.489158626413528,-0.741086887474044,0.874347960528719,0.874347960528719,0.900821332941879,"ATOH8",1
"GO:0070373","negative regulation of ERK1 and ERK2 cascade","1/459","84/18860",0.0119047619047619,0.489158626413528,-0.741086887474044,0.874347960528719,0.874347960528719,0.900821332941879,"WNK2",1
"GO:0140013","meiotic nuclear division","3/459","203/18860",0.0147783251231527,0.607231398306449,-0.88860517090552,0.874754007085934,0.874754007085934,0.900994371679779,"TDRD9/HORMAD1/BCL2L11",3
"GO:0000045","autophagosome assembly","2/459","147/18860",0.0136054421768707,0.559038430186889,-0.847681413718446,0.876232734792066,0.876232734792066,0.902271874422478,"ATG4C/PRKAA1",2
"GO:0034103","regulation of tissue remodeling","1/459","85/18860",0.0117647058823529,0.483403819043957,-0.753903295309488,0.877419663027511,0.877419663027511,0.903002644771597,"S1PR1",1
"GO:0042267","natural killer cell mediated cytotoxicity","1/459","85/18860",0.0117647058823529,0.483403819043957,-0.753903295309488,0.877419663027511,0.877419663027511,0.903002644771597,"MICA",1
"GO:0048515","spermatid differentiation","4/459","259/18860",0.0154440154440154,0.634584163995929,-0.935220591441061,0.878692492537095,0.878692492537095,0.904066715512108,"CCDC136/SLC26A3/ARMC3/RIMBP3",4
"GO:0006289","nucleotide-excision repair","1/459","86/18860",0.0116279069767442,0.477782844403911,-0.766596644836728,0.880416433981992,0.880416433981992,0.905102183378447,"CETN2",1
"GO:1903051","negative regulation of proteolysis involved in protein catabolic process","1/459","86/18860",0.0116279069767442,0.477782844403911,-0.766596644836728,0.880416433981992,0.880416433981992,0.905102183378447,"UCHL5",1
"GO:2000514","regulation of CD4-positive, alpha-beta T cell activation","1/459","86/18860",0.0116279069767442,0.477782844403911,-0.766596644836728,0.880416433981992,0.880416433981992,0.905102183378447,"PRKCQ",1
"GO:0006399","tRNA metabolic process","3/459","206/18860",0.0145631067961165,0.598388222602957,-0.915374952234628,0.880921556348818,0.880921556348818,0.905129684060191,"POLR2E/ZBTB8OS/TRIT1",3
"GO:0061025","membrane fusion","3/459","206/18860",0.0145631067961165,0.598388222602957,-0.915374952234628,0.880921556348818,0.880921556348818,0.905129684060191,"TSNARE1/VAMP4/ATL1",3
"GO:0031348","negative regulation of defense response","5/459","313/18860",0.0159744408945687,0.65637898751975,-0.968188692723508,0.881392566376994,0.881392566376994,0.90536781419661,"GNAS/ENPP3/OAS1/MICA/LPCAT3",5
"GO:0008064","regulation of actin polymerization or depolymerization","2/459","150/18860",0.0133333333333333,0.547857661583152,-0.878069459881503,0.88325864167412,0.88325864167412,0.905892925435254,"HIP1R/SSH1",2
"GO:0046328","regulation of JNK cascade","2/459","150/18860",0.0133333333333333,0.547857661583152,-0.878069459881503,0.88325864167412,0.88325864167412,0.905892925435254,"XIAP/MYOC",2
"GO:0071675","regulation of mononuclear cell migration","2/459","150/18860",0.0133333333333333,0.547857661583152,-0.878069459881503,0.88325864167412,0.88325864167412,0.905892925435254,"LRCH1/MIA3",2
"GO:0006970","response to osmotic stress","1/459","87/18860",0.0114942528735632,0.472291087571683,-0.779169915368236,0.883340097388952,0.883340097388952,0.905892925435254,"TSC22D2",1
"GO:0036465","synaptic vesicle recycling","1/459","87/18860",0.0114942528735632,0.472291087571683,-0.779169915368236,0.883340097388952,0.883340097388952,0.905892925435254,"VAMP4",1
"GO:0050871","positive regulation of B cell activation","1/459","87/18860",0.0114942528735632,0.472291087571683,-0.779169915368236,0.883340097388952,0.883340097388952,0.905892925435254,"BCL2",1
"GO:0002181","cytoplasmic translation","3/459","208/18860",0.0144230769230769,0.592634489693313,-0.933035527919066,0.884881976370042,0.884881976370042,0.906982581128557,"AKT1S1/CPEB3/PRKAA1",3
"GO:0090101","negative regulation of transmembrane receptor protein serine/threonine kinase signaling pathway","3/459","208/18860",0.0144230769230769,0.592634489693313,-0.933035527919066,0.884881976370042,0.884881976370042,0.906982581128557,"CDH3/PBLD/HTRA3",3
"GO:2000779","regulation of double-strand break repair","2/459","151/18860",0.0132450331125828,0.544229465148826,-0.888084707074629,0.885517516940136,0.885517516940136,0.907388223352798,"RECQL5/ING3",2
"GO:0006900","vesicle budding from membrane","1/459","88/18860",0.0113636363636364,0.466924143394732,-0.791625977168932,0.886192432939928,0.886192432939928,0.90758829041209,"MIA3",1
"GO:0046849","bone remodeling","1/459","88/18860",0.0113636363636364,0.466924143394732,-0.791625977168932,0.886192432939928,0.886192432939928,0.90758829041209,"S1PR1",1
"GO:0002687","positive regulation of leukocyte migration","2/459","152/18860",0.0131578947368421,0.540649008141268,-0.898044241052784,0.887735906554636,0.887735906554636,0.908716699837022,"LBP/MIA3",2
"GO:0050728","negative regulation of inflammatory response","3/459","210/18860",0.0142857142857143,0.586990351696234,-0.950550920985368,0.888724661276563,0.888724661276563,0.908716699837022,"GNAS/ENPP3/LPCAT3",3
"GO:0060759","regulation of response to cytokine stimulus","3/459","210/18860",0.0142857142857143,0.586990351696234,-0.950550920985368,0.888724661276563,0.888724661276563,0.908716699837022,"XIAP/ANGPT1/OAS1",3
"GO:0035050","embryonic heart tube development","1/459","89/18860",0.0112359550561798,0.461677804704903,-0.803967596709284,0.888975177095083,0.888975177095083,0.908716699837022,"CDC42",1
"GO:0070098","chemokine-mediated signaling pathway","1/459","89/18860",0.0112359550561798,0.461677804704903,-0.803967596709284,0.888975177095083,0.888975177095083,0.908716699837022,"CCL18",1
"GO:0098586","cellular response to virus","1/459","89/18860",0.0112359550561798,0.461677804704903,-0.803967596709284,0.888975177095083,0.888975177095083,0.908716699837022,"OAS1",1
"GO:1902373","negative regulation of mRNA catabolic process","1/459","89/18860",0.0112359550561798,0.461677804704903,-0.803967596709284,0.888975177095083,0.888975177095083,0.908716699837022,"DND1",1
"GO:0001649","osteoblast differentiation","4/459","265/18860",0.0150943396226415,0.620216220660172,-0.983345688503851,0.889301948671049,0.889301948671049,0.908805237708379,"FGF9/SHOX2/MYOC/RORB",4
"GO:0031109","microtubule polymerization or depolymerization","2/459","153/18860",0.0130718954248366,0.537115354493286,-0.90794883882318,0.889914437673471,0.889914437673471,0.908940238209,"CDK1/CCDC66",2
"GO:0050671","positive regulation of lymphocyte proliferation","2/459","153/18860",0.0130718954248366,0.537115354493286,-0.90794883882318,0.889914437673471,0.889914437673471,0.908940238209,"PRKCQ/BCL2",2
"GO:0006605","protein targeting","5/459","319/18860",0.0156739811912226,0.644033301234113,-1.01270533036322,0.891003166988764,0.891003166988764,0.909526354589689,"ZDHHC22/AP1S3/PRKAA1/PEX12/AP1M2",5
"GO:0048193","Golgi vesicle transport","5/459","319/18860",0.0156739811912226,0.644033301234113,-1.01270533036322,0.891003166988764,0.891003166988764,0.909526354589689,"RAB31/VAMP4/ATP9A/ANXA13/MIA3",5
"GO:0042093","T-helper cell differentiation","1/459","90/18860",0.0111111111111111,0.456548051319293,-0.816197441607272,0.891690024131115,0.891690024131115,0.909526354589689,"MYB",1
"GO:0046928","regulation of neurotransmitter secretion","1/459","90/18860",0.0111111111111111,0.456548051319293,-0.816197441607272,0.891690024131115,0.891690024131115,0.909526354589689,"PPFIA2",1
"GO:0048708","astrocyte differentiation","1/459","90/18860",0.0111111111111111,0.456548051319293,-0.816197441607272,0.891690024131115,0.891690024131115,0.909526354589689,"F2",1
"GO:2001235","positive regulation of apoptotic signaling pathway","2/459","154/18860",0.012987012987013,0.533627592451122,-0.917799261044059,0.892053730984927,0.892053730984927,0.909652147354469,"PMAIP1/BCL2L11",2
"GO:1903311","regulation of mRNA metabolic process","7/459","423/18860",0.016548463356974,0.679965182815969,-1.05139823784566,0.892987420467427,0.892987420467427,0.910358942995803,"DAZAP1/CPEB3/DND1/TRIM71/ZFP36L2/FTO/IWS1",7
"GO:0032946","positive regulation of mononuclear cell proliferation","2/459","155/18860",0.0129032258064516,0.530184833790147,-0.927596252478414,0.894154400652511,0.894154400652511,0.910509993813325,"PRKCQ/BCL2",2
"GO:1905037","autophagosome organization","2/459","155/18860",0.0129032258064516,0.530184833790147,-0.927596252478414,0.894154400652511,0.894154400652511,0.910509993813325,"ATG4C/PRKAA1",2
"GO:0002228","natural killer cell mediated immunity","1/459","91/18860",0.010989010989011,0.451531039766334,-0.828318085280949,0.894338627163817,0.894338627163817,0.910509993813325,"MICA",1
"GO:0150076","neuroinflammatory response","1/459","91/18860",0.010989010989011,0.451531039766334,-0.828318085280949,0.894338627163817,0.894338627163817,0.910509993813325,"CALHM2",1
"GO:1903321","negative regulation of protein modification by small protein conjugation or removal","1/459","91/18860",0.010989010989011,0.451531039766334,-0.828318085280949,0.894338627163817,0.894338627163817,0.910509993813325,"IVNS1ABP",1
"GO:0002294","CD4-positive, alpha-beta T cell differentiation involved in immune response","1/459","92/18860",0.0108695652173913,0.446623093681917,-0.840332011331619,0.896922599145905,0.896922599145905,0.912649621128919,"MYB",1
"GO:0009953","dorsal/ventral pattern formation","1/459","92/18860",0.0108695652173913,0.446623093681917,-0.840332011331619,0.896922599145905,0.896922599145905,0.912649621128919,"WNT8A",1
"GO:0001909","leukocyte mediated cytotoxicity","2/459","157/18860",0.0127388535031847,0.523430886862884,-0.947032845177512,0.898242292788752,0.898242292788752,0.913005260971691,"F2/MICA",2
"GO:0030041","actin filament polymerization","2/459","157/18860",0.0127388535031847,0.523430886862884,-0.947032845177512,0.898242292788752,0.898242292788752,0.913005260971691,"HIP1R/SSH1",2
"GO:0030534","adult behavior","2/459","157/18860",0.0127388535031847,0.523430886862884,-0.947032845177512,0.898242292788752,0.898242292788752,0.913005260971691,"CNTNAP2/CRHBP",2
"GO:0002287","alpha-beta T cell activation involved in immune response","1/459","93/18860",0.010752688172043,0.441820694825122,-0.852241617676035,0.899443513840706,0.899443513840706,0.913005260971691,"MYB",1
"GO:0002293","alpha-beta T cell differentiation involved in immune response","1/459","93/18860",0.010752688172043,0.441820694825122,-0.852241617676035,0.899443513840706,0.899443513840706,0.913005260971691,"MYB",1
"GO:0006400","tRNA modification","1/459","93/18860",0.010752688172043,0.441820694825122,-0.852241617676035,0.899443513840706,0.899443513840706,0.913005260971691,"TRIT1",1
"GO:0006487","protein N-linked glycosylation","1/459","93/18860",0.010752688172043,0.441820694825122,-0.852241617676035,0.899443513840706,0.899443513840706,0.913005260971691,"MAN2A1",1
"GO:0032008","positive regulation of TOR signaling","1/459","93/18860",0.010752688172043,0.441820694825122,-0.852241617676035,0.899443513840706,0.899443513840706,0.913005260971691,"PRKAA1",1
"GO:0043489","RNA stabilization","1/459","93/18860",0.010752688172043,0.441820694825122,-0.852241617676035,0.899443513840706,0.899443513840706,0.913005260971691,"DND1",1
"GO:0042100","B cell proliferation","1/459","94/18860",0.0106382978723404,0.437120474667408,-0.864049220444612,0.901902906772294,0.901902906772294,0.915256227815105,"BCL2",1
"GO:0010976","positive regulation of neuron projection development","2/459","160/18860",0.0125,0.513616557734205,-0.975804755870807,0.904099427462122,0.904099427462122,0.916707793299796,"BCL11A/CNTN1",2
"GO:0006094","gluconeogenesis","1/459","95/18860",0.0105263157894737,0.432519206513015,-0.875757057661274,0.904302276152637,0.904302276152637,0.916707793299796,"TCF7L2",1
"GO:0021766","hippocampus development","1/459","95/18860",0.0105263157894737,0.432519206513015,-0.875757057661274,0.904302276152637,0.904302276152637,0.916707793299796,"ATP2B4",1
"GO:1901874","negative regulation of post-translational protein modification","1/459","95/18860",0.0105263157894737,0.432519206513015,-0.875757057661274,0.904302276152637,0.904302276152637,0.916707793299796,"IVNS1ABP",1
"GO:2000177","regulation of neural precursor cell proliferation","1/459","96/18860",0.0104166666666667,0.428013798111837,-0.887367292719419,0.906643083786314,0.906643083786314,0.918607267784403,"TRIM71",1
"GO:0032886","regulation of microtubule-based process","4/459","276/18860",0.0144927536231884,0.595497458242556,-1.06918081643892,0.906661540449516,0.906661540449516,0.918607267784403,"MAP6/MEMO1/PRKAA1/PGAM4",4
"GO:0006413","translational initiation","2/459","162/18860",0.0123456790123457,0.507275612576992,-0.994738548336206,0.907827825265772,0.907827825265772,0.919296658403293,"AKT1S1/PRKAA1",2
"GO:0044839","cell cycle G2/M phase transition","2/459","162/18860",0.0123456790123457,0.507275612576992,-0.994738548336206,0.907827825265772,0.907827825265772,0.919296658403293,"CDK1/BRCC3",2
"GO:0002690","positive regulation of leukocyte chemotaxis","1/459","97/18860",0.0103092783505155,0.423601284729241,-0.898882017667327,0.90892675595334,0.90892675595334,0.919425340157363,"LBP",1
"GO:0045132","meiotic chromosome segregation","1/459","97/18860",0.0103092783505155,0.423601284729241,-0.898882017667327,0.90892675595334,0.90892675595334,0.919425340157363,"HORMAD1",1
"GO:0140029","exocytic process","1/459","97/18860",0.0103092783505155,0.423601284729241,-0.898882017667327,0.90892675595334,0.90892675595334,0.919425340157363,"UNC13B",1
"GO:2001251","negative regulation of chromosome organization","1/459","97/18860",0.0103092783505155,0.423601284729241,-0.898882017667327,0.90892675595334,0.90892675595334,0.919425340157363,"SMARCA5",1
"GO:0043122","regulation of canonical NF-kappaB signal transduction","5/459","332/18860",0.0150602409638554,0.618815129800247,-1.10671395378167,0.909551859558664,0.909551859558664,0.919566048937216,"ANKRD17/XIAP/TMEM106A/HMOX1/ANGPT1",5
"GO:1901293","nucleoside phosphate biosynthetic process","5/459","332/18860",0.0150602409638554,0.618815129800247,-1.10671395378167,0.909551859558664,0.909551859558664,0.919566048937216,"TPK1/PDK1/UPP1/HAAO/CMAS",5
"GO:0000423","mitophagy","1/459","98/18860",0.0102040816326531,0.419278822640167,-0.910303256315372,0.911154684270636,0.911154684270636,0.92094047738218,"ATG4C",1
"GO:0097696","cell surface receptor signaling pathway via STAT","2/459","165/18860",0.0121212121212121,0.498052419621047,-1.02278079079405,0.913167164352308,0.913167164352308,0.921906185336399,"F2/NRTN",2
"GO:0035278","miRNA-mediated gene silencing by inhibition of translation","1/459","99/18860",0.0101010101010101,0.415043683017539,-0.921632967176459,0.913328226532643,0.913328226532643,0.921906185336399,"TRIM71",1
"GO:0043502","regulation of muscle adaptation","1/459","99/18860",0.0101010101010101,0.415043683017539,-0.921632967176459,0.913328226532643,0.913328226532643,0.921906185336399,"ATP2B4",1
"GO:0072080","nephron tubule development","1/459","99/18860",0.0101010101010101,0.415043683017539,-0.921632967176459,0.913328226532643,0.913328226532643,0.921906185336399,"BCL2",1
"GO:1904892","regulation of receptor signaling pathway via STAT","1/459","99/18860",0.0101010101010101,0.415043683017539,-0.921632967176459,0.913328226532643,0.913328226532643,0.921906185336399,"F2",1
"GO:0048754","branching morphogenesis of an epithelial tube","2/459","166/18860",0.0120481927710843,0.495052103840197,-1.03203506239307,0.914881603804453,0.914881603804453,0.922078955374842,"CASR/BCL2",2
"GO:0044782","cilium organization","7/459","441/18860",0.0158730158730159,0.652211501884704,-1.16720313748813,0.914931205271027,0.914931205271027,0.922078955374842,"ABLIM1/LRRC61/SYNE2/CDK1/PRICKLE1/UBXN10/CCDC66",7
"GO:0016239","positive regulation of macroautophagy","1/459","100/18860",0.01,0.410893246187364,-0.932873046250267,0.915448707531604,0.915448707531604,0.922078955374842,"HMOX1",1
"GO:0042773","ATP synthesis coupled electron transport","1/459","100/18860",0.01,0.410893246187364,-0.932873046250267,0.915448707531604,0.915448707531604,0.922078955374842,"CDK1",1
"GO:0042775","mitochondrial ATP synthesis coupled electron transport","1/459","100/18860",0.01,0.410893246187364,-0.932873046250267,0.915448707531604,0.915448707531604,0.922078955374842,"CDK1",1
"GO:0060395","SMAD protein signal transduction","1/459","100/18860",0.01,0.410893246187364,-0.932873046250267,0.915448707531604,0.915448707531604,0.922078955374842,"ATOH8",1
"GO:0061515","myeloid cell development","1/459","100/18860",0.01,0.410893246187364,-0.932873046250267,0.915448707531604,0.915448707531604,0.922078955374842,"MYB",1
"GO:2000781","positive regulation of double-strand break repair","1/459","100/18860",0.01,0.410893246187364,-0.932873046250267,0.915448707531604,0.915448707531604,0.922078955374842,"ING3",1
"GO:0001910","regulation of leukocyte mediated cytotoxicity","1/459","101/18860",0.0099009900990099,0.406824996225113,-0.944025329661115,0.91751741985799,0.91751741985799,0.923425286783167,"MICA",1
"GO:0002292","T cell differentiation involved in immune response","1/459","101/18860",0.0099009900990099,0.406824996225113,-0.944025329661115,0.91751741985799,0.91751741985799,0.923425286783167,"MYB",1
"GO:0007032","endosome organization","1/459","101/18860",0.0099009900990099,0.406824996225113,-0.944025329661115,0.91751741985799,0.91751741985799,0.923425286783167,"VAMP4",1
"GO:0070507","regulation of microtubule cytoskeleton organization","2/459","168/18860",0.0119047619047619,0.489158626413528,-1.05040741544962,0.918215683734258,0.918215683734258,0.923882333372887,"MAP6/PRKAA1",2
"GO:0031123","RNA 3'-end processing","1/459","102/18860",0.00980392156862745,0.402836515869965,-0.955091596158552,0.919535624681551,0.919535624681551,0.924227460887727,"SUPV3L1",1
"GO:0033108","mitochondrial respiratory chain complex assembly","1/459","102/18860",0.00980392156862745,0.402836515869965,-0.955091596158552,0.919535624681551,0.919535624681551,0.924227460887727,"COA5",1
"GO:0045638","negative regulation of myeloid cell differentiation","1/459","102/18860",0.00980392156862745,0.402836515869965,-0.955091596158552,0.919535624681551,0.919535624681551,0.924227460887727,"MYB",1
"GO:0050773","regulation of dendrite development","1/459","102/18860",0.00980392156862745,0.402836515869965,-0.955091596158552,0.919535624681551,0.919535624681551,0.924227460887727,"BCL11A",1
"GO:0032637","interleukin-8 production","1/459","105/18860",0.00952380952380952,0.391326901130823,-0.987791270011869,0.925299350398511,0.925299350398511,0.928850866547434,"LBP",1
"GO:0032677","regulation of interleukin-8 production","1/459","105/18860",0.00952380952380952,0.391326901130823,-0.987791270011869,0.925299350398511,0.925299350398511,0.928850866547434,"LBP",1
"GO:0070664","negative regulation of leukocyte proliferation","1/459","105/18860",0.00952380952380952,0.391326901130823,-0.987791270011869,0.925299350398511,0.925299350398511,0.928850866547434,"ENPP3",1
"GO:1902369","negative regulation of RNA catabolic process","1/459","105/18860",0.00952380952380952,0.391326901130823,-0.987791270011869,0.925299350398511,0.925299350398511,0.928850866547434,"DND1",1
"GO:0010720","positive regulation of cell development","7/459","451/18860",0.0155210643015521,0.637750049514755,-1.22977728560214,0.925362831304488,0.925362831304488,0.928850866547434,"BCL11A/MAP6/PPP1CC/MAN2A1/BCL2/SHOX2/MYB",7
"GO:0070665","positive regulation of leukocyte proliferation","2/459","173/18860",0.0115606936416185,0.475021093858224,-1.09556985193391,0.926022000747971,0.926022000747971,0.929189165891951,"PRKCQ/BCL2",2
"GO:0042113","B cell activation","4/459","291/18860",0.013745704467354,0.564801712972321,-1.18163779627568,0.926436491450574,0.926436491450574,0.929189165891951,"RBPJ/BCL2/ZFP36L2/MYB",4
"GO:0051258","protein polymerization","4/459","291/18860",0.013745704467354,0.564801712972321,-1.18163779627568,0.926436491450574,0.926436491450574,0.929189165891951,"HIP1R/CDK1/SSH1/CCDC66",4
"GO:1990266","neutrophil migration","1/459","106/18860",0.00943396226415094,0.387635137912607,-0.998530189377675,0.927127534784919,0.927127534784919,0.929635870792342,"LBP",1
"GO:0016050","vesicle organization","6/459","401/18860",0.0149625935162095,0.614802862125731,-1.23139139186505,0.927840018399339,0.927840018399339,0.929699830098467,"CCDC136/AP1S3/TSNARE1/VAMP4/BCL2/MIA3",6
"GO:0050867","positive regulation of cell activation","6/459","401/18860",0.0149625935162095,0.614802862125731,-1.23139139186505,0.927840018399339,0.927840018399339,0.929699830098467,"LBP/SVEP1/PRKCQ/BCL2/PRKAA1/MYB",6
"GO:0007631","feeding behavior","1/459","107/18860",0.00934579439252336,0.384012379614359,-1.00919120388381,0.928911072245393,0.928911072245393,0.929699830098467,"UBR3",1
"GO:0030101","natural killer cell activation","1/459","107/18860",0.00934579439252336,0.384012379614359,-1.00919120388381,0.928911072245393,0.928911072245393,0.929699830098467,"MICA",1
"GO:0033045","regulation of sister chromatid segregation","1/459","107/18860",0.00934579439252336,0.384012379614359,-1.00919120388381,0.928911072245393,0.928911072245393,0.929699830098467,"CDK1",1
"GO:0035082","axoneme assembly","1/459","107/18860",0.00934579439252336,0.384012379614359,-1.00919120388381,0.928911072245393,0.928911072245393,0.929699830098467,"LRRC61",1
"GO:0072665","protein localization to vacuole","1/459","107/18860",0.00934579439252336,0.384012379614359,-1.00919120388381,0.928911072245393,0.928911072245393,0.929699830098467,"PRKAA1",1
"GO:0010508","positive regulation of autophagy","2/459","176/18860",0.0113636363636364,0.466924143394732,-1.12216153593978,0.930363058319189,0.930363058319189,0.93021117347205,"HMOX1/PRKAA1",2
"GO:0030595","leukocyte chemotaxis","3/459","237/18860",0.0126582278481013,0.520118033148562,-1.17416394915559,0.93043807023136,0.93043807023136,0.93021117347205,"PDGFB/LBP/S1PR1",3
"GO:0002709","regulation of T cell mediated immunity","1/459","108/18860",0.00925925925925926,0.380456709432744,-1.01977579384941,0.930651050800257,0.930651050800257,0.93021117347205,"PRKAA1",1
"GO:0042102","positive regulation of T cell proliferation","1/459","108/18860",0.00925925925925926,0.380456709432744,-1.01977579384941,0.930651050800257,0.930651050800257,0.93021117347205,"PRKCQ",1
"GO:0051588","regulation of neurotransmitter transport","1/459","108/18860",0.00925925925925926,0.380456709432744,-1.01977579384941,0.930651050800257,0.930651050800257,0.93021117347205,"PPFIA2",1
"GO:0032635","interleukin-6 production","2/459","177/18860",0.0112994350282486,0.464286153884027,-1.13094414873041,0.931755835368554,0.931755835368554,0.930433314618908,"LBP/TMEM106A",2
"GO:0032675","regulation of interleukin-6 production","2/459","177/18860",0.0112994350282486,0.464286153884027,-1.13094414873041,0.931755835368554,0.931755835368554,0.930433314618908,"LBP/TMEM106A",2
"GO:0001818","negative regulation of cytokine production","6/459","405/18860",0.0148148148148148,0.608730735092391,-1.25716181593808,0.931783441893057,0.931783441893057,0.930433314618908,"LBP/XIAP/HMOX1/ANGPT1/F2/OAS1",6
"GO:0043124","negative regulation of canonical NF-kappaB signal transduction","1/459","109/18860",0.00917431192660551,0.376966280905838,-1.03028539651943,0.932348532012004,0.932348532012004,0.930433314618908,"XIAP",1
"GO:0048709","oligodendrocyte differentiation","1/459","109/18860",0.00917431192660551,0.376966280905838,-1.03028539651943,0.932348532012004,0.932348532012004,0.930433314618908,"CNTN1",1
"GO:1901222","regulation of non-canonical NF-kappaB signal transduction","1/459","109/18860",0.00917431192660551,0.376966280905838,-1.03028539651943,0.932348532012004,0.932348532012004,0.930433314618908,"NLRP2",1
"GO:0050729","positive regulation of inflammatory response","2/459","179/18860",0.0111731843575419,0.459098599092027,-1.14839031678705,0.934462798071238,0.934462798071238,0.932203542235233,"LBP/C2CD4B",2
"GO:0060271","cilium assembly","6/459","408/18860",0.0147058823529412,0.604254773804947,-1.2763477105146,0.934615084083019,0.934615084083019,0.932203542235233,"ABLIM1/LRRC61/SYNE2/PRICKLE1/UBXN10/CCDC66",6
"GO:0043367","CD4-positive, alpha-beta T cell differentiation","1/459","111/18860",0.00900900900900901,0.370174095664292,-1.05108518347339,0.935620120203468,0.935620120203468,0.932530863937731,"MYB",1
"GO:0071214","cellular response to abiotic stimulus","5/459","355/18860",0.0140845070422535,0.578722881954034,-1.26555919316448,0.935682532921554,0.935682532921554,0.932530863937731,"GNAS/MDM2/BMF/BRCC3/HYAL3",5
"GO:0104004","cellular response to environmental stimulus","5/459","355/18860",0.0140845070422535,0.578722881954034,-1.26555919316448,0.935682532921554,0.935682532921554,0.932530863937731,"GNAS/MDM2/BMF/BRCC3/HYAL3",5
"GO:0031341","regulation of cell killing","1/459","112/18860",0.00892857142857143,0.366868969810146,-1.06137804144132,0.937196223719741,0.937196223719741,0.933302056585171,"MICA",1
"GO:0042632","cholesterol homeostasis","1/459","112/18860",0.00892857142857143,0.366868969810146,-1.06137804144132,0.937196223719741,0.937196223719741,0.933302056585171,"PNLIP",1
"GO:1903312","negative regulation of mRNA metabolic process","1/459","112/18860",0.00892857142857143,0.366868969810146,-1.06137804144132,0.937196223719741,0.937196223719741,0.933302056585171,"DND1",1
"GO:0002065","columnar/cuboidal epithelial cell differentiation","1/459","113/18860",0.00884955752212389,0.363622341758729,-1.07160126242683,0.938733824173797,0.938733824173797,0.933850267835741,"RARB",1
"GO:0007218","neuropeptide signaling pathway","1/459","113/18860",0.00884955752212389,0.363622341758729,-1.07160126242683,0.938733824173797,0.938733824173797,0.933850267835741,"NXPH4",1
"GO:0051091","positive regulation of DNA-binding transcription factor activity","1/459","113/18860",0.00884955752212389,0.363622341758729,-1.07160126242683,0.938733824173797,0.938733824173797,0.933850267835741,"PRKCQ",1
"GO:0055092","sterol homeostasis","1/459","113/18860",0.00884955752212389,0.363622341758729,-1.07160126242683,0.938733824173797,0.938733824173797,0.933850267835741,"PNLIP",1
"GO:0007249","canonical NF-kappaB signal transduction","5/459","359/18860",0.0139275766016713,0.57227471613839,-1.2922885794286,0.939466771254085,0.939466771254085,0.93419574572791,"ANKRD17/XIAP/TMEM106A/HMOX1/ANGPT1",5
"GO:0043409","negative regulation of MAPK cascade","2/459","183/18860",0.0109289617486339,0.44906365703537,-1.18281920595126,0.939574842233214,0.939574842233214,0.93419574572791,"WNK2/RASGRF1",2
"GO:0022904","respiratory electron transport chain","1/459","115/18860",0.00869565217391304,0.357298474945534,-1.09184374037521,0.94169724745626,0.94169724745626,0.936060056849641,"CDK1",1
"GO:0007009","plasma membrane organization","2/459","185/18860",0.0108108108108108,0.44420891479715,-1.19980894602439,0.941986829529008,0.941986829529008,0.936102015744357,"MYH9/ANO4",2
"GO:0008154","actin polymerization or depolymerization","2/459","187/18860",0.0106951871657754,0.439458017312689,-1.21665336143979,0.944307231360188,0.944307231360188,0.937632096224375,"HIP1R/SSH1",2
"GO:0000422","autophagy of mitochondrion","1/459","117/18860",0.00854700854700855,0.351190808707149,-1.11182217653798,0.944517628168832,0.944517628168832,0.937632096224375,"ATG4C",1
"GO:0030316","osteoclast differentiation","1/459","117/18860",0.00854700854700855,0.351190808707149,-1.11182217653798,0.944517628168832,0.944517628168832,0.937632096224375,"GAB2",1
"GO:0048024","regulation of mRNA splicing, via spliceosome","1/459","117/18860",0.00854700854700855,0.351190808707149,-1.11182217653798,0.944517628168832,0.944517628168832,0.937632096224375,"DAZAP1",1
"GO:0006417","regulation of translation","7/459","475/18860",0.0147368421052632,0.60552688911822,-1.37523638189466,0.945973321347978,0.945973321347978,0.93883089437685,"AKT1S1/CPEB3/SECISBP2L/HBS1L/TRIM71/DAPL1/PRKAA1",7
"GO:0051090","regulation of DNA-binding transcription factor activity","2/459","189/18860",0.0105820105820106,0.434807667923136,-1.23335566842717,0.946539253811618,0.946539253811618,0.93914625271238,"PRKCQ/SGK3",2
"GO:0015908","fatty acid transport","1/459","119/18860",0.00840336134453781,0.345288442174255,-1.13154562144607,0.947201856538884,0.947201856538884,0.939311120560876,"ACE",1
"GO:0071900","regulation of protein serine/threonine kinase activity","1/459","119/18860",0.00840336134453781,0.345288442174255,-1.13154562144607,0.947201856538884,0.947201856538884,0.939311120560876,"PDGFB",1
"GO:0006367","transcription initiation at RNA polymerase II promoter","2/459","190/18860",0.0105263157894737,0.432519206513015,-1.24165450669604,0.947623098447113,0.947623098447113,0.939482657616859,"MED20/TAF4B",2
"GO:0072594","establishment of protein localization to organelle","7/459","478/18860",0.0146443514644351,0.601726511153043,-1.39297693772001,0.948157773170156,0.948157773170156,0.939766533745062,"ANGPT1/CDK1/FGF9/PRICKLE1/PEX5L/PRKAA1/PEX12",7
"GO:0045766","positive regulation of angiogenesis","2/459","191/18860",0.0104712041884817,0.430254708049596,-1.24991897531713,0.948686007237718,0.948686007237718,0.940043879224266,"HMOX1/VASH2",2
"GO:0015695","organic cation transport","1/459","121/18860",0.00826446280991736,0.339581195196168,-1.15102265260734,0.949756491589187,0.949756491589187,0.940612015940475,"SLC38A1",1
"GO:0071621","granulocyte chemotaxis","1/459","121/18860",0.00826446280991736,0.339581195196168,-1.15102265260734,0.949756491589187,0.949756491589187,0.940612015940475,"LBP",1
"GO:1904018","positive regulation of vasculature development","2/459","195/18860",0.0102564102564103,0.421428970448578,-1.28264051103087,0.95273568045404,0.95273568045404,0.943102331441434,"HMOX1/VASH2",2
"GO:0042254","ribosome biogenesis","4/459","318/18860",0.0125786163522013,0.516846850550143,-1.37235050615849,0.952769458260242,0.952769458260242,0.943102331441434,"YBEY/MPHOSPH6/METTL15/PIH1D2",4
"GO:0043414","macromolecule methylation","1/459","124/18860",0.00806451612903226,0.331365521118842,-1.17979386040371,0.953359032314023,0.953359032314023,0.943439143682259,"METTL15",1
"GO:0022900","electron transport chain","1/459","125/18860",0.008,0.328714596949891,-1.18926961142281,0.954501656362265,0.954501656362265,0.944322932128611,"CDK1",1
"GO:0050911","detection of chemical stimulus involved in sensory perception of smell","6/459","434/18860",0.0138248847926267,0.568055179060872,-1.4378135193486,0.955104883651721,0.955104883651721,0.944672753384857,"OR51A7/OR10J5/OR52I2/OR8B8/OR1A2/OR1A1",6
"GO:0002688","regulation of leukocyte chemotaxis","1/459","126/18860",0.00793650793650794,0.326105750942352,-1.19868956630362,0.955616347567481,0.955616347567481,0.944931654451087,"LBP",1
"GO:0008380","RNA splicing","7/459","490/18860",0.0142857142857143,0.586990351696234,-1.4630144632008,0.956129665771705,0.956129665771705,0.945192253327085,"USP49/ZCRB1/DAZAP1/IVNS1ABP/ZBTB8OS/ARVCF/IWS1",7
"GO:0061138","morphogenesis of a branching epithelium","2/459","199/18860",0.0100502512562814,0.41295803636921,-1.31484085237709,0.956479287728336,0.956479287728336,0.945290934662992,"CASR/BCL2",2
"GO:0002703","regulation of leukocyte mediated immunity","3/459","264/18860",0.0113636363636364,0.466924143394732,-1.37760962523109,0.957328967526333,0.957328967526333,0.945883643879941,"GAB2/PRKAA1/MICA",3
"GO:0002366","leukocyte activation involved in immune response","4/459","325/18860",0.0123076923076923,0.505714764538294,-1.41960651482946,0.958013654270786,0.958013654270786,0.946313065738909,"LBP/ENPP3/GAB2/MYB",4
"GO:0072655","establishment of protein localization to mitochondrion","1/459","129/18860",0.00775193798449612,0.318521896269274,-1.22662338443521,0.958799555574213,0.958799555574213,0.946357464157044,"PRKAA1",1
"GO:0002700","regulation of production of molecular mediator of immune response","2/459","202/18860",0.0099009900990099,0.406824996225113,-1.33866202148455,0.959099196368263,0.959099196368263,0.946357464157044,"KLK3/ANGPT1",2
"GO:0032271","regulation of protein polymerization","2/459","202/18860",0.0099009900990099,0.406824996225113,-1.33866202148455,0.959099196368263,0.959099196368263,0.946357464157044,"HIP1R/SSH1",2
"GO:0002768","immune response-regulating cell surface receptor signaling pathway","5/459","385/18860",0.012987012987013,0.533627592451122,-1.46021212223097,0.959551990865341,0.959551990865341,0.946357464157044,"LBP/PRKCQ/BTNL8/BCL2/OAS1",5
"GO:0002367","cytokine production involved in immune response","1/459","130/18860",0.00769230769230769,0.316071727836434,-1.23582877972086,0.959809165525173,0.959809165525173,0.946357464157044,"ANGPT1",1
"GO:0002718","regulation of cytokine production involved in immune response","1/459","130/18860",0.00769230769230769,0.316071727836434,-1.23582877972086,0.959809165525173,0.959809165525173,0.946357464157044,"ANGPT1",1
"GO:0006612","protein targeting to membrane","1/459","130/18860",0.00769230769230769,0.316071727836434,-1.23582877972086,0.959809165525173,0.959809165525173,0.946357464157044,"ZDHHC22",1
"GO:0002706","regulation of lymphocyte mediated immunity","2/459","204/18860",0.00980392156862745,0.402836515869965,-1.35439088019149,0.960761203137452,0.960761203137452,0.946588674937675,"PRKAA1/MICA",2
"GO:0002263","cell activation involved in immune response","4/459","329/18860",0.0121580547112462,0.499566256762752,-1.44623899386797,0.960763799250267,0.960763799250267,0.946588674937675,"LBP/ENPP3/GAB2/MYB",4
"GO:0033209","tumor necrosis factor-mediated signaling pathway","1/459","131/18860",0.00763358778625954,0.31365896655524,-1.24498258835798,0.960794087736809,0.960794087736809,0.946588674937675,"XIAP",1
"GO:0072522","purine-containing compound biosynthetic process","3/459","273/18860",0.010989010989011,0.451531039766334,-1.44169598432585,0.963876669996635,0.963876669996635,0.94937851136686,"TPK1/PDK1/HAAO",3
"GO:0007259","cell surface receptor signaling pathway via JAK-STAT","1/459","135/18860",0.00740740740740741,0.304365367546195,-1.281097332246,0.964498729250737,0.964498729250737,0.949744013491762,"F2",1
"GO:0002822","regulation of adaptive immune response based on somatic recombination of immune receptors built from immunoglobulin superfamily domains","2/459","210/18860",0.00952380952380952,0.391326901130823,-1.40087471826706,0.965367790647606,0.965367790647606,0.950352485727078,"PRKCQ/PRKAA1",2
"GO:0002708","positive regulation of lymphocyte mediated immunity","1/459","137/18860",0.0072992700729927,0.299922077509025,-1.29886468040863,0.966217905713899,0.966217905713899,0.950941994672908,"PRKAA1",1
"GO:1903037","regulation of leukocyte cell-cell adhesion","5/459","401/18860",0.0124688279301746,0.51233571843811,-1.55895654300363,0.968669357200861,0.968669357200861,0.952993084297705,"PRKCQ/DAPL1/PRKAA1/MIA3/FGL1",5
"GO:0050851","antigen receptor-mediated signaling pathway","2/459","215/18860",0.00930232558139535,0.382226275523129,-1.43883975608595,0.968805612108097,0.968805612108097,0.952993084297705,"BTNL8/BCL2",2
"GO:0022409","positive regulation of cell-cell adhesion","4/459","343/18860",0.0116618075801749,0.479175797303048,-1.53743889814067,0.969129667899387,0.969129667899387,0.953064108791524,"PODXL/PRKCQ/PRKAA1/GCNT2",4
"GO:0016236","macroautophagy","5/459","403/18860",0.0124069478908189,0.509793109413603,-1.57107290560616,0.969665089342675,0.969665089342675,0.953335181878875,"ATG4C/HMOX1/PRKAA1/PEX12/ARMC3",5
"GO:0002286","T cell activation involved in immune response","1/459","142/18860",0.00704225352112676,0.289361440977017,-1.34248109788662,0.970161083767669,0.970161083767669,0.953335181878875,"MYB",1
"GO:0006888","endoplasmic reticulum to Golgi vesicle-mediated transport","1/459","142/18860",0.00704225352112676,0.289361440977017,-1.34248109788662,0.970161083767669,0.970161083767669,0.953335181878875,"MIA3",1
"GO:0070663","regulation of leukocyte proliferation","3/459","284/18860",0.0105633802816901,0.434042161465525,-1.51779147251068,0.970598100610696,0.970598100610696,0.953377632490826,"PRKCQ/ENPP3/BCL2",3
"GO:0007626","locomotory behavior","2/459","218/18860",0.00917431192660551,0.376966280905838,-1.4612970481567,0.970708154961834,0.970708154961834,0.953377632490826,"CNTN1/GPRIN3",2
"GO:0002702","positive regulation of production of molecular mediator of immune response","1/459","146/18860",0.00684931506849315,0.281433730265318,-1.37659092686243,0.972982215832619,0.972982215832619,0.955115315971947,"KLK3",1
"GO:0038061","non-canonical NF-kappaB signal transduction","1/459","146/18860",0.00684931506849315,0.281433730265318,-1.37659092686243,0.972982215832619,0.972982215832619,0.955115315971947,"NLRP2",1
"GO:0002429","immune response-activating cell surface receptor signaling pathway","4/459","353/18860",0.0113314447592068,0.465601412110327,-1.6007724542604,0.974053310291297,0.974053310291297,0.955409047900716,"LBP/BTNL8/BCL2/OAS1",4
"GO:0002819","regulation of adaptive immune response","2/459","224/18860",0.00892857142857143,0.366868969810146,-1.50551892017955,0.974183532603948,0.974183532603948,0.955409047900716,"PRKCQ/PRKAA1",2
"GO:0006119","oxidative phosphorylation","1/459","148/18860",0.00675675675675676,0.277630571748219,-1.39339764233967,0.974291332421814,0.974291332421814,0.955409047900716,"CDK1",1
"GO:0097530","granulocyte migration","1/459","148/18860",0.00675675675675676,0.277630571748219,-1.39339764233967,0.974291332421814,0.974291332421814,0.955409047900716,"LBP",1
"GO:0070661","leukocyte proliferation","4/459","356/18860",0.0112359550561798,0.461677804704903,-1.61949434486578,0.975380613990158,0.975380613990158,0.956229426587024,"PRKCQ/ENPP3/ACE/BCL2",4
"GO:0015850","organic hydroxy compound transport","3/459","294/18860",0.0102040816326531,0.419278822640167,-1.58499215281087,0.975666908129122,0.975666908129122,0.956262363097696,"ABCB4/MYB/SCP2",3
"GO:0006457","protein folding","2/459","228/18860",0.0087719298245614,0.360432672094179,-1.53450714853128,0.976275702837716,0.976275702837716,0.956611287225487,"PTGES3/DNAJA2",2
"GO:0071222","cellular response to lipopolysaccharide","2/459","229/18860",0.00873362445414847,0.358858730294641,-1.54169460114305,0.976772588633027,0.976772588633027,0.956850404276941,"LBP/CDK19",2
"GO:0050852","T cell receptor signaling pathway","1/459","153/18860",0.0065359477124183,0.268557677246643,-1.43472507471715,0.977293826270437,0.977293826270437,0.957113246551766,"BTNL8",1
"GO:0022618","protein-RNA complex assembly","2/459","231/18860",0.00865800865800866,0.355751728300748,-1.55599945705636,0.977736367501432,0.977736367501432,0.957298901386981,"PTGES3/PIH1D2",2
"GO:0050907","detection of chemical stimulus involved in sensory perception","6/459","481/18860",0.0124740124740125,0.512548747842866,-1.71036086175035,0.978043430545602,0.978043430545602,0.957351848180205,"OR51A7/OR10J5/OR52I2/OR8B8/OR1A2/OR1A1",6
"GO:0007389","pattern specification process","6/459","486/18860",0.0123456790123457,0.507275612576992,-1.73806213088613,0.979702487096066,0.979702487096066,0.958456658902149,"STC1/TCF15/WNT8A/RBPJ/BARX1/PRICKLE1",6
"GO:0002440","production of molecular mediator of immune response","2/459","236/18860",0.00847457627118644,0.34821461541302,-1.59136242050857,0.979979672721582,0.979979672721582,0.958456658902149,"KLK3/ANGPT1",2
"GO:0002443","leukocyte mediated immunity","6/459","488/18860",0.0122950819672131,0.505196614164792,-1.74907855780051,0.980332935469468,0.980332935469468,0.958456658902149,"GAB2/ACE/PRKAA1/F2/C6/MICA",6
"GO:0097529","myeloid leukocyte migration","2/459","237/18860",0.00843881856540084,0.346745355432375,-1.59836815353224,0.980401303381073,0.980401303381073,0.958456658902149,"PDGFB/LBP",2
"GO:0002705","positive regulation of leukocyte mediated immunity","1/459","159/18860",0.00628930817610063,0.258423425275072,-1.48308864583621,0.980438509118138,0.980438509118138,0.958456658902149,"PRKAA1",1
"GO:0009165","nucleotide biosynthetic process","2/459","239/18860",0.00836820083682008,0.343843720658882,-1.61231427866141,0.981218920833053,0.981218920833053,0.958863893868298,"UPP1/HAAO",2
"GO:0045667","regulation of osteoblast differentiation","1/459","161/18860",0.0062111801242236,0.255213196389667,-1.49892768359731,0.981386990049943,0.981386990049943,0.958863893868298,"RORB",1
"GO:0071826","protein-RNA complex organization","2/459","240/18860",0.00833333333333333,0.34241103848947,-1.61925503924769,0.981615240223504,0.981615240223504,0.958863893868298,"PTGES3/PIH1D2",2
"GO:0007159","leukocyte cell-cell adhesion","5/459","439/18860",0.0113895216400911,0.467987751921827,-1.7813212550549,0.983259925981127,0.983259925981127,0.960222596645746,"PRKCQ/DAPL1/PRKAA1/MIA3/FGL1",5
"GO:0003002","regionalization","5/459","440/18860",0.0113636363636364,0.466924143394732,-1.78696274828173,0.98353967664804,0.98353967664804,0.960247986950656,"TCF15/WNT8A/RBPJ/BARX1/PRICKLE1",5
"GO:0071219","cellular response to molecule of bacterial origin","2/459","247/18860",0.00809716599190283,0.332707081933088,-1.6672539847347,0.984171102590326,0.984171102590326,0.960406226991901,"LBP/CDK19",2
"GO:0002696","positive regulation of leukocyte activation","4/459","381/18860",0.010498687664042,0.431383985498545,-1.77087253530133,0.984209340990504,0.984209340990504,0.960406226991901,"LBP/PRKCQ/BCL2/PRKAA1",4
"GO:0032943","mononuclear cell proliferation","3/459","319/18860",0.00940438871473354,0.386419980740468,-1.74560080553254,0.984957595306675,0.984957595306675,0.960888605345246,"PRKCQ/ACE/BCL2",3
"GO:0050670","regulation of lymphocyte proliferation","2/459","254/18860",0.0078740157480315,0.323537989123909,-1.71426801709202,0.986380648812436,0.986380648812436,0.962028874791294,"PRKCQ/BCL2",2
"GO:0032944","regulation of mononuclear cell proliferation","2/459","258/18860",0.00775193798449612,0.318521896269274,-1.74071190523213,0.987505430833431,0.987505430833431,0.96287772382218,"PRKCQ/BCL2",2
"GO:0030217","T cell differentiation","3/459","330/18860",0.00909090909090909,0.373539314715785,-1.81325148521406,0.987866882838501,0.987866882838501,0.96296398948674,"BCL2/ZFP36L2/MYB",3
"GO:0009260","ribonucleotide biosynthetic process","1/459","179/18860",0.00558659217877095,0.229549299546013,-1.63574751789872,0.988102840783912,0.988102840783912,0.96296398948674,"UPP1",1
"GO:0032984","protein-containing complex disassembly","2/459","264/18860",0.00757575757575758,0.311282762263154,-1.77982830025521,0.989024988104436,0.989024988104436,0.963296395894053,"GSPT2/PEX12",2
"GO:0002460","adaptive immune response based on somatic recombination of immune receptors built from immunoglobulin superfamily domains","4/459","402/18860",0.00995024875621891,0.408849001181457,-1.8921871716216,0.989217379287753,0.989217379287753,0.963296395894053,"PRKCQ/PRKAA1/C6/MICA",4
"GO:0050863","regulation of T cell activation","4/459","404/18860",0.0099009900990099,0.406824996225113,-1.90348603023041,0.989606006917691,0.989606006917691,0.963296395894053,"PRKCQ/DAPL1/PRKAA1/FGL1",4
"GO:0050870","positive regulation of T cell activation","2/459","267/18860",0.00749063670411985,0.307785203136602,-1.79914735622028,0.989715691295906,0.989715691295906,0.963296395894053,"PRKCQ/PRKAA1",2
"GO:0046390","ribose phosphate biosynthetic process","1/459","185/18860",0.00540540540540541,0.222104457398575,-1.67927492170021,0.989752686591261,0.989752686591261,0.963296395894053,"UPP1",1
"GO:0000377","RNA splicing, via transesterification reactions with bulged adenosine as nucleophile","3/459","344/18860",0.00872093023255814,0.358337133302934,-1.89695707136638,0.990795533478006,0.990795533478006,0.963296395894053,"USP49/ZCRB1/DAZAP1",3
"GO:0000398","mRNA splicing, via spliceosome","3/459","344/18860",0.00872093023255814,0.358337133302934,-1.89695707136638,0.990795533478006,0.990795533478006,0.963296395894053,"USP49/ZCRB1/DAZAP1",3
"GO:0051251","positive regulation of lymphocyte activation","3/459","346/18860",0.00867052023121387,0.356265820393668,-1.90870780335391,0.991153797781786,0.991153797781786,0.963296395894053,"PRKCQ/BCL2/PRKAA1",3
"GO:0071216","cellular response to biotic stimulus","2/459","274/18860",0.0072992700729927,0.299922077509025,-1.84362953709532,0.991166659382345,0.991166659382345,0.963296395894053,"LBP/CDK19",2
"GO:0042129","regulation of T cell proliferation","1/459","192/18860",0.00520833333333333,0.214006899055919,-1.72888223849197,0.991391161503806,0.991391161503806,0.963296395894053,"PRKCQ",1
"GO:0043484","regulation of RNA splicing","1/459","192/18860",0.00520833333333333,0.214006899055919,-1.72888223849197,0.991391161503806,0.991391161503806,0.963296395894053,"DAZAP1",1
"GO:0000375","RNA splicing, via transesterification reactions","3/459","348/18860",0.00862068965517241,0.354218315678762,-1.92040856793078,0.991498606093733,0.991498606093733,0.963296395894053,"USP49/ZCRB1/DAZAP1",3
"GO:0016241","regulation of macroautophagy","1/459","199/18860",0.0050251256281407,0.206479018184605,-1.77730702189709,0.992768134033073,0.992768134033073,0.964168788960723,"HMOX1",1
"GO:0016064","immunoglobulin mediated immune response","1/459","203/18860",0.00492610837438424,0.20241046610215,-1.80447770271294,0.993453884927083,0.993453884927083,0.964168788960723,"C6",1
"GO:0006164","purine nucleotide biosynthetic process","1/459","204/18860",0.00490196078431373,0.201418257934982,-1.81121561730451,0.993614932620628,0.993614932620628,0.964168788960723,"HAAO",1
"GO:1903039","positive regulation of leukocyte cell-cell adhesion","2/459","289/18860",0.0069204152249135,0.284355187672916,-1.93630498785881,0.993635309072664,0.993635309072664,0.964168788960723,"PRKCQ/PRKAA1",2
"GO:0022613","ribonucleoprotein complex biogenesis","5/459","496/18860",0.0100806451612903,0.414206901398552,-2.08807650814662,0.993760229194556,0.993760229194556,0.964168788960723,"YBEY/MPHOSPH6/METTL15/PTGES3/PIH1D2",5
"GO:0019724","B cell mediated immunity","1/459","206/18860",0.00485436893203883,0.199462740867652,-1.82462715632928,0.993925263824476,0.993925263824476,0.964168788960723,"C6",1
"GO:0030098","lymphocyte differentiation","4/459","441/18860",0.0090702947845805,0.37269228679126,-2.10528966597686,0.994786688550866,0.994786688550866,0.964757113852643,"RBPJ/BCL2/ZFP36L2/MYB",4
"GO:0042098","T cell proliferation","1/459","224/18860",0.00446428571428571,0.183434484905073,-1.94170680936762,0.996121363502939,0.996121363502939,0.965086006577475,"PRKCQ",1
"GO:0046651","lymphocyte proliferation","2/459","312/18860",0.00641025641025641,0.263393106530361,-2.07209418810848,0.996167111754854,0.996167111754854,0.965086006577475,"PRKCQ/BCL2",2
"GO:0002449","lymphocyte mediated immunity","3/459","388/18860",0.0077319587628866,0.317700963546931,-2.14475960372051,0.996204787666351,0.996204787666351,0.965086006577475,"PRKAA1/C6/MICA",3
"GO:0045619","regulation of lymphocyte differentiation","1/459","227/18860",0.00440528634361234,0.181010240611174,-1.96062695174722,0.996400966985615,0.996400966985615,0.965086006577475,"ZFP36L2",1
"GO:0045637","regulation of myeloid cell differentiation","1/459","227/18860",0.00440528634361234,0.181010240611174,-1.96062695174722,0.996400966985615,0.996400966985615,0.965086006577475,"MYB",1
"GO:0002285","lymphocyte activation involved in immune response","1/459","235/18860",0.00425531914893617,0.174848189866963,-2.01031728825871,0.997052110083323,0.997052110083323,0.965469572738659,"MYB",1
"GO:1902105","regulation of leukocyte differentiation","1/459","343/18860",0.00291545189504373,0.119793949325762,-2.59831055023525,0.99980243919873,0.99980243919873,0.967638613824881,"ZFP36L2",1
"GO:1903706","regulation of hemopoiesis","2/459","443/18860",0.00451467268623025,0.185504851551857,-2.73984428598224,0.999803513505569,0.999803513505569,0.967638613824881,"ZFP36L2/MYB",2
