Gene_ID,baseMean,log2FoldChange,lfcSE,pvalue,padj,Is_Significant,Gene_Class
ANXA1,867.2565555940182,-1.3350990733446266,0.4016785158874343,2.98904856767119e-5,0.04445488443267076,TRUE,Downregulated (FDR < 0.05 & LFC <= -1)
C15orf48,28.165293909126973,-2.493611368680824,0.5470305471459809,2.0265456734122662e-7,0.0022294883914390894,TRUE,Downregulated (FDR < 0.05 & LFC <= -1)
C2,97.45209415263415,-1.6061124711992147,0.4701904306919896,2.4594641329597486e-5,0.04445488443267076,TRUE,Downregulated (FDR < 0.05 & LFC <= -1)
LY86,16.356374956334147,-3.019372121711325,0.8377953363181191,3.1250638191622463e-6,0.010631467112789962,TRUE,Downregulated (FDR < 0.05 & LFC <= -1)
MPP7,24.97368727433331,-1.924188628560999,0.5828457367402008,3.868057076287849e-5,0.046556900181195356,TRUE,Downregulated (FDR < 0.05 & LFC <= -1)
S100A9,253.96392027883041,-4.601037720693145,0.5516477418734369,4.3792498700712857e-5,0.046556900181195356,TRUE,Downregulated (FDR < 0.05 & LFC <= -1)
