"baseMean","log2FoldChange","lfcSE","stat","pvalue","padj"
28.165293909127,-2.60569556758216,0.535738002140482,-4.86374973806485,1.15182533300417e-06,0.00644354712208888
110.942067195681,-2.05710908963747,0.427166749239255,-4.81570509245158,1.46681020140157e-06,0.00644354712208888
222.607870975665,-1.62978461080853,0.361585408952631,-4.50732958370575,6.56486193472835e-06,0.0173049760599439
45.2650581444402,-2.84786282011618,0.555658436091778,-5.12520396549112,2.97215816127608e-07,0.00274211311959331
18.4551558085407,-3.67601026921484,0.768911848561109,-4.78079545281281,1.74602946078714e-06,0.00644354712208888
253.96392027883,-2.89435683249584,0.55072555590439,-5.25553390697982,1.47595656277084e-07,0.00272343504962475
324.280397329415,-2.18985821893585,0.475467372234243,-4.60569609360493,4.11088391371493e-06,0.0126423383293113
